Ⅰ型超敏反应性疾病,休克
Ⅰ型免疫母细胞性淋巴腺病,阴茎和阴囊水肿
Ⅲ型超敏反应性疾病,休克
Ⅳ型肾小管性酸中毒,高血压
c胰岛功能性β细胞瘤,肥胖
Friedreich共济失调症,营养不良
Goodpasture综合征,高血压
H7n7,休克
Pick病和额颞痴呆,日常生活能力减退和行为异常
Pick病和额颞痴呆,认知功能障碍
Reiter综合征,阴茎表浅性溃疡
Stargardt病,抑郁症
Stargardt病,失眠
X联锁鱼鳞病,隐睾
阿尔茨海默病,抑郁症
阿米巴肠病,脓液为巧克力色或查到阿米巴原虫
阿米巴结肠炎,脓液为巧克力色或查到阿米巴原虫
阿米巴性阴道炎,休克
阿片类药物中毒,休克
阿片中毒,休克
阿司匹林诱发哮喘,休克
阿斯伯格综合症,抑郁症
阿斯伯格综合症,依赖公式化
阿斯伯格综合症,行为动作幼稚愚蠢
阿斯伯格综合症,情感淡漠
阿斯匹林不耐受三联症,休克
癌症伴发的精神障碍,抑郁症
癌症伴发的精神障碍,情绪性癌症
安卡性肾炎,高血压
巴德-吉亚利综合征,休克
包茎,阴茎疼痛
包皮龟头炎,龟头出血
包皮龟头炎,龟头异味
包皮龟头炎,龟头红斑
包皮龟头炎,龟头潮红
包皮龟头炎,龟头疼
包皮龟头炎,龟头发黑
包皮龟头炎,包皮过长
包皮龟头炎,包皮上有小红点
包皮龟头炎,龟头红肿
包皮龟头炎,包皮上有水泡
包皮龟头炎,包皮内有白色分泌物
包皮龟头炎,包皮发白
包皮龟头炎,包皮上有小白点
包皮龟头炎,包皮疼痛
包皮过长,龟头异味
包皮过长,龟头红斑
包皮过长,龟头发黑
包皮过长,包皮内有白色分泌物
包皮过长,包皮开裂
包皮过长,龟头珍珠疹
包皮过长,包皮红肿
包皮过长,包皮上有小白点
包皮过长,包皮疼痛
包皮炎,包皮痒
包皮炎,包皮过长
包皮炎,包皮上有小红点
包皮炎,包皮内有白色分泌物
包皮炎,包皮发白
包皮炎,包皮开裂
包皮炎,包皮红肿
包皮炎,包皮上有小白点
包皮炎,包皮疼痛
包皮炎,勃起时间短
包皮炎,阴茎龟头橡皮肿
包皮阴茎头炎,阴茎勃起不硬
包皮阴茎头炎,包皮过长
包皮阴茎头炎,包皮发白
包皮阴茎头炎,阴茎萎缩
包皮阴茎头炎,阴茎瘙痒
薄肾小球基底膜病,高血压
暴痢,脱水
鼻出血,挖鼻孔
鼻骨骨折,休克
吡唑酮类中毒,高血压
闭经性头痛,高血压
扁桃体结石,言语凌乱
变形杆菌食物中毒,休克
变形杆菌食物中毒,脱水
宾斯旺格病,高血压
病毒性出血热,休克
病态窦房结综合征,休克
勃起功能障碍,阴茎硬结
勃起功能障碍,阴茎异常
勃起功能障碍,阴茎损伤
勃起功能障碍,阴茎短
勃起功能障碍,痛性阴茎勃起
不安腿综合征,睡眠障碍
不安腿综合征,失眠
不动杆菌感染,前列腺肥大
不射精症,抑郁症
不射精症,遗精
不孕不育,血精
不孕不育,输精管堵塞
步态异常,醉酒
步态异常,癔症步态
苍耳中毒,休克
产后三冲,顽固性呃逆
产后抑郁症,镇静药中毒
产后抑郁症,愉快感缺乏
产后抑郁症,抑郁症
产后抑郁症,心境不良
产后抑郁症,心理年龄大于生理年龄
产后抑郁症,神经症性抑郁
产科播散性血管内凝血,休克
产气杆菌肠炎,休克
产褥中暑,中暑
颤证,言语中断
肠道菌群失调症,营养不良
肠毒性大肠埃希杆菌感染,脱水
肠结,休克
肠瘘,营养不良
肠侵袭性大肠埃希杆菌感染,营养不良
肠伤寒穿孔,休克
肠套叠,脱水
肠胃炎,脱肛
肠系膜淋巴结结核,淋巴结结核
肠系膜上动脉栓塞,休克
肠系膜上动脉血栓形成,休克
肠系膜上动脉压迫综合征,营养不良
成骨不全,儿童反复骨折
成人腹股沟斜疝,无痛性阴囊内肿块
痴呆,抑郁症
痴呆,日常生活能力减退和行为异常
痴呆,认知功能障碍
痴呆综合征,营养不良
迟发性皮肤卟啉病,营养不良
迟发性外伤性脑内血肿,营养不良
赤膜下垂,眼神异常
冲动型人格障碍,抑郁症
抽动秽语综合征,强迫症
抽动秽语综合征,喃喃重复自语
抽动障碍,学习障碍
抽动障碍,强迫症
抽动障碍,强迫行为
抽动障碍,喃喃重复自语
抽动障碍,模仿言语
臭汗恐惧症,抑郁症
出血性疾病,休克
出血性脑梗死,抑郁症
出血性脑梗死,颅内出血
出血性膀胱炎,休克
传导性耳鸣,失眠
创伤后应激障碍,心理麻木
创伤后应激障碍,情感麻痹
创伤后应激障碍,难入睡或易惊醒
创伤性鼻出血,休克
创伤性血胸,休克
垂体危象与垂体卒中,中枢神经抑制药诱发昏迷
垂体危象与垂体卒中,水中毒
垂体危象与垂体卒中,失钠性昏迷
痤疮,头皮松垂
大肠埃希杆菌性胃肠炎,脱水
大肠湿热,痢疾
大楼病综合征,抑郁症
大脑萎缩,行为及情绪异常
大疱性表皮松解,营养不良
代谢性碱中毒,舞蹈样手足徐动
单纯肾异位,隐睾
单纯性肾囊肿,高血压
单次发作抑郁症,性欲减退
单发脑梗死性痴呆,抑郁症
胆碱能性荨麻疹,休克
胆源性急性胰腺炎,休克
胆汁性腹膜炎,休克
弹性假黄瘤,高血压
蛋白丢失性胃肠病,维生素缺乏
等渗性脱水,液体平衡失调
等渗性脱水,休克
低钙血症和低镁血症,容易激动
低渗性脱水,液体平衡失调
低渗性脱水,休克
低血容量性休克,重力休克
低血容量性休克,休克
低血糖,休克
低血糖,神经质性格
低血压,晕血
滴虫性包皮龟头炎,包皮上有水泡
骶骨骨折,休克
第三脑室肿瘤,性欲减退
颠茄碱类植物药物中毒,药物中毒
癫病,言语凌乱
癫病,失眠
癫狂病,自杀行为
癫狂病,心境高涨
癫痫,阵发性痴笑
癫痫,言语自动症
癫痫,腿脚抽筋
癫痫,模仿性自动症
癫痫伴发的精神障碍,阵发性痴笑
癫痫伴发的精神障碍,躯体性疾病所致的精神障碍
癫痫持续状态,镇静药中毒
癫痫发作与癫痫综合征,言语自动症
癫痫性精神障碍,走动性自动症
癫痫性精神障碍,阵发性痴笑
癫痫性精神障碍,燥狂相
癫痫性精神障碍,思维解体
典型预激综合征,休克
电击伤,休克
电击伤,皮肤血管收缩呈网状图案
电脑病,网络依赖
电脑病,失眠
电烧伤,休克
冻伤,休克
毒蛇咬伤,休克
毒瘾,信息成瘾
短肠综合征,营养不良
短暂性大脑缺血性发作,高血压
短暂性脑缺血发作,高血压
钝挫伤,眼球斑点
多动症,注意力缺乏多动症
多动症,情绪起伏大
多发脑梗死性痴呆,抑郁症
多发性斑状色素沉着症,抑郁症
多发性内分泌腺瘤Ⅱ型,高血压
多发性消化道息肉综合征,维生素缺乏
多汗症,情绪性多汗症
多囊卵巢综合征,高血压
多系统萎缩,抑郁症
多种抽动综合征,强迫症
鹅口疮,脱水
额颞痴呆,抑郁症
呃逆症,顽固性呃逆
恶性高血压性小动脉性肾硬化,高血压
恶性脑膜瘤,颅内出血
恶性葡萄胎,休克
儿童抽动障碍,抑郁症
儿童抽动障碍,学习困难
儿童抽动障碍,强迫症
儿童分离性焦虑障碍,注意力缺乏多动症
儿童分离性焦虑障碍,情感淡漠
儿童腹痛,休克
儿童腹痛,情绪性腹痛
儿童焦虑症,抑郁症
儿童焦虑症,学习障碍
儿童精神分裂症,色情行为
儿童恐惧症,社交恐惧
儿童口吃,睡眠障碍
儿童期精神障碍及精神发育迟缓,心理年龄小于生理年龄
儿童期情绪障碍,秋季狂躁症
儿童期情绪障碍,情绪低落
儿童期情绪障碍,强迫观念
儿童社交恐惧症,社交恐惧
儿童睡眠障碍,浅眠
儿童睡眠障碍,梦行症
儿童睡眠障碍,梦游症
儿童学习能力障碍,学习障碍
耳聋,音调韵律的异常
耳聋,类偏狂
耳石症,高血压
二糖酶缺乏症,蔗糖-异麦芽糖吸收不良
发作性睡病,睡行症
发作性睡病,睡瘫症
乏特壶腹周围癌,休克
反流性肾病,高血压
反社会人格障碍,行为无计划性
反社会人格障碍,无羞惭感
反社会人格障碍(病态人格),行为无计划性
反社会人格障碍(病态人格),无羞惭感
反社会人格障碍(病态人格),品行障碍
反应性精神病,自杀行为
反应性精神病,心理老化
反应性精神病,思维控制异常
反应性精神病,类偏狂
房事两感症,阴茎疼痛
房事头疼症,高血压
非典,休克
非霍乱弧菌感染,休克
非淋性前列腺炎,射精疼
非淋性前列腺炎,前列腺素合成减少
非淋性前列腺炎,男子性功能障碍
非器质性冷阴,心理性性功能障碍
非器质性性欲减退,抑郁症
非器质性性欲减退,性欲减退
非器质性性欲减退,心理性性功能障碍
非梭状芽胞杆菌肌坏死,坏疽
非细菌性前列腺炎,前列腺素合成减少
非细菌性前列腺炎,前列腺钙化
非依赖性物质伴发依赖,营养不良
非依赖性物质伴发依赖,网络综合症
非依赖性物质伴发依赖,网络依赖
非依赖性物质伴发依赖,手机依赖症
非依赖性物质伴发依赖,情感依赖
非甾体类抗炎药物性肾病,高血压
非洲锥虫病,营养不良
肥大细胞白血病,休克
肥胖性生殖无能综合征,脂肪过多
肥胖性生殖无能综合征,重度肥胖
肥胖性心肌病,高血压
肥胖症,情绪性进食
肥胖症,皮下脂肪增多
肺爆震伤,休克
肺出血－肾炎综合征,高血压
肺功能衰竭,休克
痱子,小儿湿疹
分裂情感性精神病,抑郁症
分裂情感性精神病,内容难以听清的自言自语
分裂情感性障碍,心境高涨
分水岭区脑梗死,高血压
粉碎性骨折,休克
粪类圆线虫病,脱水
福尔马林中毒,休克
妇女雄激素源性秃发,高血压
附睾炎,阴囊肿大
附睾炎,阴囊坠胀痛
附睾炎,输精管变粗
副溶血孤菌肠炎,脱水
副溶血性弧菌食物中毒,休克
副溶血性弧菌食物中毒,脱水
腹壁坏死性筋膜炎,坏疽
腹股沟斜疝,休克
腹膜后间隙出血,休克
腹膜后纤维化,高血压
腹膜后血肿,休克
腹膜炎,脱水
腹内疝,休克
腹腔干动脉瘤,休克
腹痛,休克
腹泻,营养不良
腹型癫痫综合征,模仿性自动症
腹卒中综合征,高血压
腹卒中综合征,休克
肝豆状核变性伴发的精神障碍,喜怒无常
肝豆状核变性伴发的精神障碍,强制性哭笑
肝海绵状血管瘤,休克
肝火眩晕,高血压
肝结核,休克
肝内胆管结石,营养不良
肝破裂,休克
肝气不舒,抑郁症
肝损伤,休克
肝外胆管损伤,休克
肝瘟,神志不清
肝性脊髓病,休克
肝炎病毒相关风湿病,乙肝e抗体（抗HBe）阳性
肝硬化,休克
肝硬化,内毒素血症
肝脏外伤,休克
感染性疾病所致贫血,休克
感应性妄想性障碍,休克
橄榄体脑桥小脑萎缩,思维缓慢
干呕,厌食
肛门闭锁,易哭
高钙血症,木僵
高钙血症肾病,木僵
高睾酮血症,肥胖
高胡萝卜素血症,抑郁症
高泌乳素血症,性欲减退
高钠血症,休克
高钠血症,脱水
高尿酸血症肾病,高血压
高渗性非酮症高血糖昏迷,休克
高渗性非酮症高血糖昏迷,脱水
高渗性脱水,液体平衡失调
高渗性脱水,休克
高温引起的溶血性贫血,高血压
高温引起的溶血性贫血,休克
高血压病伴发的精神障碍,缺乏自控能力
高血压病伴发的精神障碍,认知功能损害
高血压病伴发的精神障碍,强制性哭笑
高血压脑病,高血压
高血压脑出血,休克
高血压脑出血,深昏迷
高血压性脑出血,高血压
高血脂,重度肥胖
高眼压症,失眠
高胰岛素血症,高血压
高原脑水肿,意识丧失
高原适应不全症,高血压
高原性心脏病,高血压
高脂血症,肥胖
高致病性禽流感病毒感染,休克
睾丸癌,阴囊肿大
睾丸畸形,睾丸下垂
睾丸畸形,无睾丸
睾丸囊肿,睾丸下垂
睾丸囊肿,阴囊肿胀
睾丸囊肿,阴囊下坠
睾丸囊肿,阴囊水肿
睾丸扭转,睾丸静脉曲张
睾丸扭转,睾丸下垂
睾丸扭转,阴囊坠胀痛
睾丸女性化,女性性器官反应缺乏
睾丸女性化,盲袋阴道
睾丸损伤,睾丸静脉曲张
睾丸损伤,阴囊肿胀
睾丸下降不全,睾丸一大一小
睾丸下降不全,无睾丸
睾丸炎,睾丸静脉曲张
睾丸炎,睾丸下垂
睾丸炎,睾丸一大一小
睾丸炎,腮腺肿大
咯血,休克
格林－巴利综合征,抑郁症
膈肌膨出,顽固性呃逆
膈疝,休克
庚型病毒性肝炎,乙肝e抗体（抗HBe）阳性
梗阻性肾病,高血压
梗阻性肾病,前列腺肥大
更年期角化症,高血压
更年期综合征,高血压
更年期综合征,抑郁症
更年期综合征,容易发生强迫性症状或疑病观念
更年期综合征,情感倒错
更年期综合征,迫害妄想
更年期综合征,强迫观念
工业毒物中毒性周围神经病,有机磷中毒
工业中毒所致的精神障碍,睡眠障碍
弓形体脑病,先天性弓形体
功能性下丘脑性闭经,营养不良
功能性消化不良,情志内伤
宫颈妊娠,休克
宫外孕,休克
钩虫病,痰检或可找到丝状蚴
钩端螺旋体病,神志不清
钩端螺旋体病,轻度痛
孤独症,自我残伤行为
股骨颈骨折,休克
骨癌,脱水
骨筋膜室综合症,休克
骨淋巴管瘤,皮下脂肪增多
骨囊肿,儿童反复骨折
骨肉瘤,儿童反复骨折
骨损伤,休克
骨蒸,营养不良
骨质软化症与佝偻病,维生素D缺乏
骨质疏松,腓肠肌痉挛性疼痛
冠心病,神经官能症状
广泛性焦虑障碍,注意力不集中
广泛性焦虑障碍,抑郁
广泛性焦虑障碍,抑郁症
广泛性焦虑障碍,强迫症
龟头癌,包皮开裂
龟头珍珠疹,龟头红点
过劳死,注意力不集中
过敏性皮炎,小儿湿疹
过敏性紫癜肾炎,高血压
海洛因肾脏病,药物依赖
鼾症,高血压
含亚硝酸盐类植物性食物中毒,休克
寒痹,高血压
寒冷性脂膜炎,休克
寒湿泄泻,脱水
汉坦病毒肺综合征,休克
行经泄泻,痢疾样大便
褐黄病性关节炎,前列腺结石
亨廷顿病,舞蹈样不自主运动
红斑性肢痛症,高血压
喉部创伤,休克
喉水肿,休克
后壁穿孔性溃疡,休克
后尿道瓣膜,隐睾
呼吸肌疲劳症,情绪性疲劳
呼吸衰竭,休克
呼吸系统疾病伴发的精神障碍,休克
狐臭,抑郁症
化学烧伤,磷烧伤合并中毒
化学性眼外伤,营养障碍
坏死性肠炎,休克
坏死性筋膜炎,休克
黄热病,休克
黄色肉芽肿性肾盂肾炎,高血压
灰指甲,指甲里有黑线
灰指甲,指甲易碎
回归热,神志不清
蛔虫病,失眠
蛔虫性肠梗阻,眼球斑点
会厌囊肿,休克
会厌炎,呛奶
昏迷,中度昏迷
昏迷,深昏迷
混合型脑瘫,日常生活能力减退和行为异常
混合性厌氧菌感染,休克
火激红斑,抑郁症
火器性颅脑损伤,休克
获得性免疫缺陷综合征,抑郁
获得性视网膜大动脉瘤,高血压
获得性维生素K依赖性凝血因子异常,类戒断反应
获得性循环抗凝物质增多症,颅内出血
霍乱,水泻伴低血钾
霍乱样综合征,水泻伴低血钾
肌萎缩侧索硬化症,手臂肌肉萎缩
基底核钙化症,躁狂
基底核钙化症,强迫行为
畸形性骨炎,抑郁症
激素依赖性皮炎,高血压
吉兰-巴雷综合征,高血压
急腹症,休克
急进性肾小球肾炎,高血压
急淋,前列腺分泌物含有许多脓缩细胞
急性肠系膜上动脉栓塞或血栓形成,休克
急性出血坏死型胰腺炎,休克
急性出血性坏死性肠炎,休克
急性出血性坏死性小肠炎,休克
急性单纯性胃炎,休克
急性胆管炎,休克
急性胆囊炎,营养不良
急性肺炎,休克
急性肺源性心脏病,休克
急性蜂窝织炎,休克
急性高原病,频繁性惊醒
急性梗阻性化脓性胆管炎,内毒素血症
急性冠脉综合征,休克
急性化脓性腮腺炎,腮腺肿大
急性间歇性卟啉病,抑郁症
急性间歇性卟啉病,脱水
急性间歇性卟啉病,容易激动
急性减压性骨坏死,休克
急性结肠假性梗阻综合征,营养不良
急性卵巢、输卵管自身扭转,休克
急性弥漫性腹膜炎,休克
急性脑内血肿,营养不良
急性脑血管病,言语紊乱
急性尿道炎,小便恐惧
急性全自主神经失调症,营养不良
急性腮腺炎性睾丸炎,一侧阴囊内逐渐增大的无痛性肿块
急性腮腺炎性睾丸炎,腮腺肿胀
急性肾功能不全,高血压
急性肾功能衰竭,高血压
急性肾功能衰竭,脱水
急性肾小管坏死,高血压
急性肾小球肾炎,高血压
急性肾炎,高血压
急性肾炎综合征,高血压
急性肾盂肾炎,休克
急性失血所致贫血,休克
急性失血所致贫血,失血过多后贫血
急性妄想发作,抑郁
急性妄想发作,人格解体
急性胃肠炎,脱水
急性胃炎,脱水
急性胃粘膜病变,休克
急性细菌性前列腺炎,前列腺素合成减少
急性细支气管炎,脱水
急性荨麻疹,休克
急性胰腺炎,休克
急性硬脑膜外血肿,营养不良
急性硬脑膜下血肿,营养不良
急性硬脑膜下血肿,深昏迷
急性右侧心力衰竭,休克
急性杂合性白血病,颅内出血
急性早幼粒细胞白血病,休克
急性中毒性脑炎,言语紊乱
疾病恐怖,强迫恐怖症
疾病恐怖,麻风恐怖
疾病恐怖,梅毒恐怖
集聚肠杆菌感染,休克
脊膜瘤,脱水
脊膜膨出与脊膜脊髓膨出,脱水
脊髓灰质炎,高血压
脊髓灰质炎,休克
脊髓前动脉综合征,营养障碍
脊髓神经鞘瘤,脱水
脊髓小脑性共济失调,营养不良
脊柱结核,椎体结核
脊椎病,高血压
记忆障碍,抑郁症
记忆障碍,能力减退感
继发性白血病,休克
继发性腹膜炎,休克
继发性腹膜炎,脱水
继发性化脓性腹膜炎,休克
继发性纵隔感染,休克
家族性结肠息肉,休克
家族性进行性色素沉着,抑郁症
家族性抗维生素D佝偻病,维生素D缺乏
家族性载脂蛋白B100缺陷症,高血压
甲沟炎,指甲与肉分离
甲亢,微量元素缺少
甲亢,容易激动
甲状旁腺功能亢进性心肌病,高血压
甲状旁腺功能异常伴发的精神障碍,注意力不集中
甲状旁腺功能异常伴发的精神障碍,易哭
甲状腺功能减退,情感淡漠
甲状腺功能减退伴发的精神障碍,无目的咀嚼舐唇
甲状腺功能减退症,情感淡漠
甲状腺功能亢进伴发的精神障碍,抑郁
甲状腺功能亢进伴发的精神障碍,性欲减退
甲状腺功能亢进伴发的精神障碍,食欲异常
甲状腺功能亢进伴发的精神障碍,失眠
甲状腺功能亢进症的肾损害,易激动
甲状腺功能亢进症的肾损害,脱水
甲状腺功能异常伴发的精神障碍,易哭
甲状腺功能异常伴发的精神障碍,木僵
甲状腺功能正常的甲状腺肿大,眼睑松弛和上唇增厚
贾第虫病,营养不良
假单胞菌感染,休克
假膜性肠炎,休克
假膜性肠炎,脱水
假性肠梗阻,营养不良
假性动脉瘤,高血压
假性高血压,高血压
间接型颈动脉海绵窦瘘,颅内出血
间质性肺炎,摸空症
间质性肾炎,高血压
腱鞘炎,手疼
僵人综合征,抑郁症
交感神经链综合征,胸口紧绷
胶质母细胞瘤,颅内出血
焦磷酸钙沉积病,高血压
焦虑症,抑郁症
焦虑症,严重情绪障碍
焦虑症,失眠
焦虑症,神经质性格
焦虑症,情绪性失眠
脚气,湿性脚气
脚气病,维生素B1缺乏
脚气病,湿脚气
脚气病,湿性脚气
脚气病性心脏病,湿性脚气
脚癣,湿脚气
洁癖,抑郁症
洁癖,强迫性神经官能症
结肠粪性穿孔,休克
结肠类癌,营养不良
结肠类癌,休克
结肠瘘,营养不良
结肠平滑肌瘤,休克
结肠血管畸形,休克
结肠血管扩张症,休克
结肠直肠损伤,休克
结节病,腮腺肿大
结节性多动脉炎性巩膜炎,高血压
结节性甲状腺肿,易激动
结节性硬化病,失眠
戒酒综合征,嗜酒性幻觉性精神错乱
戒酒综合征,嗜酒
金疮,休克
金黄色葡萄球菌性肠炎,休克
金黄色葡萄球菌性肠炎,脱水
筋痿,男子性功能障碍
紧张性头痛,失眠
紧张性头痛,情绪性头痛
进行性肥厚性间质性神经炎,吟诗样语言
进行性肥厚性间质性神经炎,意向性震颤
进行性核上性麻痹,模仿言语
进行性脊肌萎缩症,手臂肌肉萎缩
进行性面偏侧萎缩症,皮下脂肪萎缩
进行性延髓麻痹,营养不良
进行性脂肪营养不良,营养不良
进行性脂肪营养不良,全身消瘦型
进食障碍,抑郁症
进食障碍,贪食
近视,营养不良
浸淫疮,阴囊肿胀
噤口痢,痢疾
茎突综合征,失眠
经行舌麻,维生素缺乏
经行头痛,情绪性头痛
经前期综合征,抑郁症
惊恐症,抑郁症
惊恐症,无用感
惊恐症,强迫恐怖症
精囊恶性肿瘤,血精
精囊结石,血精
精囊结石,射精疼
精囊囊肿,血精
精囊炎,阴囊潮湿
精神病,阵发性狂笑
精神病,抑郁症
精神病,言语凌乱
精神病,行为及情绪异常
精神病,神经质性格
精神发育迟缓,心理年龄小于生理年龄
精神发育迟缓,心理麻木
精神发育迟缓,头发淡黄色
精神发育迟缓,思维解体
精神发育迟缓,恋爱挫折综合征
精神发育迟滞,心理年龄小于生理年龄
精神分裂症,精神紧张
精神分裂症,阵发性狂笑
精神分裂症,疑病症
精神分裂症,言语自动症
精神分裂症,心理老化
精神分裂症,未分化躯体形式障碍
精神分裂症,无目的咀嚼舐唇
精神分裂症,违拗症
精神分裂症,思维黏滞
精神分裂症,思维控制异常
精神分裂症,色情行为
精神分裂症,缺乏自控能力
精神分裂症,容易发生强迫性症状或疑病观念
精神分裂症,情感倒错
精神分裂症,情感淡漠
精神分裂症,内向性思维
精神分裂症,内容难以听清的自言自语
精神分裂症,模仿言语
精神分裂症,恋尸型性变态
精神活性物质所致精神障碍,药物依赖
精神活性物质所致精神障碍,色情行为
精神活性物质所致精神障碍,人格改变
精神活性物质所致精神障碍,情感麻痹
精神活性物质所致精神障碍,赔偿神经症
精神活性物质所致精神障碍,恋爱挫折综合征
精神活性物质所致精神障碍,梦幻觉
精神障碍,精神紧张
精神障碍,咬指甲
精神障碍,偏执状态
精神障碍,偏执性妄想
精神障碍,赔偿神经症
精索恶性肿瘤,阴囊肿大
精索恶性肿瘤,无痛性阴囊内肿块
精瘀证,输精管疼痛
精瘀证,输精管堵塞
精瘀证,劳累后遗精
精子畸形,男子性功能障碍
颈部开放性损伤,休克
颈部囊状淋巴管瘤,气管受压
颈动脉海绵窦瘘,颅内出血
颈动脉狭窄,失眠
颈椎病,高血压
颈椎后纵韧带骨化症,脱水
痉挛性肠梗阻,休克
痉挛性斜颈,抑郁症
久泄,营养不良
酒精所致精神障碍,狂笑
酒精性肝病,营养不良
酒精性脑萎缩,嗜酒
酒精性弱视,嗜酒性幻觉性精神错乱
酒精性心肌病,营养不良
酒精性心肌病,嗜酒
酒精中毒性肌病,休克
酒精中毒性精神障碍,营养不良
酒精中毒性精神障碍,情感倒错
酒精中毒性神经疾病,高血压
酒中毒性痴呆,高血压
酒中毒性痴呆,嗜酒
酒中毒性小脑变性,高血压
酒中毒性小脑变性,意向性震颤
酒中毒性小脑变性,嗜酒性幻觉性精神错乱
酒中毒性周围神经病,失眠
局部麻醉药中毒,脱水
局部麻醉药中毒,麻醉药中毒
局灶性节段性肾小球硬化,营养不良
巨大胎儿,颅内出血
巨膀胱-小结肠-肠蠕动不良综合征,营养不良
巨人症与肢端肥大症,性欲亢进
巨细胞动脉炎,失眠
巨细胞动脉炎性巩膜炎,失眠
绝经,情绪起伏大
绝经后卵巢恶性肿瘤,休克
绝经后子宫颈癌,休克
绝经期关节炎,高血压
绝经期关节炎,喜怒无常
绝经期关节炎,失眠
绝经与阿尔茨海默病综合征,贪食
绝经与心血管疾病,高血压
绝经与抑郁症,抑郁症
绝经与抑郁症,心理老化
绝经与抑郁症,心理年龄大于生理年龄
厥阴头痛,高血压
军团病,休克
军团菌肺炎,休克
开放性颅脑损伤,周期性嗜睡强食症
开放性颅脑损伤,休克
开放性手外伤,手臂肌肉萎缩
考后综合症,抑郁
考后综合症,失眠
考后综合症,强迫行为
科干综合征,高血压
咳嗽,高血压
咳嗽性哮喘,情绪性哮喘
咳嗽晕厥综合征,意识丧失
克兰费尔特综合征,男子性功能障碍
克雷白杆菌属感染,前列腺肥大
克里米亚-刚果出血热,休克
克罗恩病,厌食
克罗恩病,维生素缺乏
克罗伊茨费尔特-雅各布病,注意力不集中
克-雅氏病性痴呆,强制性哭笑
空巢综合症,食欲异常
空巢综合症,情绪性失眠
空巢综合症,情绪起伏大
恐怖性焦虑障碍,抑郁
恐怖性焦虑障碍,抑郁症
恐怖性焦虑障碍,社交恐惧
恐怖性焦虑障碍,人格解体
恐怖性焦虑障碍,麻风恐怖
恐怖性焦虑障碍,梅毒恐怖
恐怖症,强迫恐怖症
恐怖症,梅毒恐怖
恐惧症,抑郁症
恐缩症,失眠
口臭,抑郁症
口腔癌,营养不良
口腔白斑病,咬嘴唇或舌
口腔颌面部血管瘤,抑郁症
口腔疾病,高血压
口腔结核性溃疡,失眠
口腔溃疡,咬嘴唇或舌
口腔粘膜病,咬嘴唇或舌
库欣综合征,高血压
库欣综合征,重度肥胖
库欣综合征,忧郁
髋关节结核,营养障碍
髋关节结核,易哭
髋臼骨折,休克
狂病,行为及情绪异常
狂病,秋季狂躁症
狂犬病,高血压
窥阴癖,窥淫癖
溃疡病出血,休克
溃疡病穿孔,休克
溃疡病大出血,休克
溃疡病急性穿孔,休克
溃疡性结肠炎性关节炎,休克
拉休尤-格拉哈姆-利特尔综合征,抑郁症
赖利-戴综合征,脱水
蓝鼓膜与胆固醇肉芽肿,高血压
蓝氏贾第鞭毛虫病,厌食
老年痴呆,忘性大
老年痴呆,思维黏滞
老年痴呆,日常生活能力减退和行为异常
老年痴呆,认知功能障碍
老年肺炎,高血压
老年急性动脉栓塞,休克
老年甲状腺功能减退症,毛发干枯
老年男性性功能障碍,性欲减退
老年期抑郁障碍,自杀行为
老年期抑郁症,自杀行为
老年期抑郁症,愉快感缺乏
老年期抑郁症,抑郁症
老年期抑郁症,疑病症
老年期抑郁症,心理年龄大于生理年龄
老年期抑郁症,退离休综合症
老年期抑郁症,神经症性抑郁
老年期抑郁症,老人性格孤僻
老年期谵妄,营养不良
老年期谵妄,失眠
老年人播散性血管内凝血,休克
老年人肠易激综合征,失眠
老年人垂体瘤,休克
老年人代谢性酸中毒,休克
老年人代谢性酸中毒,氰化物烧伤及合并中毒
老年人单纯疱疹病毒性脑炎,人格改变
老年人胆囊炎,休克
老年人低血糖昏迷,躁狂
老年人低血糖昏迷,失钠性昏迷
老年人低血糖昏迷,神志不清
老年人多器官功能衰竭,休克
老年人非霍奇金恶性淋巴肿瘤,高血压
老年人肥胖症,高血压
老年人肥胖症,情绪性进食
老年人肺栓塞,休克
老年人肺栓塞,皮肤湿冷
老年人肺炎,休克
老年人肺炎,脱水
老年人分水岭脑梗死,体象障碍
老年人肝性脑病,深昏迷
老年人肝硬化,休克
老年人肝硬化,维生素缺乏
老年人感染性休克,休克
老年人高钙血症,高血压
老年人高钠血症,高血压
老年人高渗性非酮症糖尿病昏迷,休克
老年人高血压危象,颅内出血
老年人骨质疏松,维生素C缺乏
老年人呼吸衰竭,药物中毒
老年人呼吸衰竭,休克
老年人急腹症,脂肪过多
老年人急腹症,休克
老年人急性呼吸窘迫综合征,休克
老年人急性肾功能衰竭,高血压
老年人急性胰腺炎,休克
老年人急性左心衰竭,休克
老年人急性左心衰竭,皮肤湿冷
老年人甲减性心脏病,维生素B12吸收不良
老年人甲状腺功能低下,维生素B12吸收不良
老年人甲状腺功能亢进危象,休克
老年人甲状腺功能亢进症,休克
老年人甲状腺功能亢进症,情绪性多汗症
老年人假膜性小肠结肠炎,休克
老年人颅内压增高,高血压
老年人慢性疾病性贫血,休克
老年人慢性肾功能衰竭,高血压
老年人慢性肾盂肾炎,高血压
老年人泌尿系统感染,休克
老年人脑出血,高血压
老年人脑出血,体象障碍
老年人尿失禁,抑郁症
老年人尿失禁,前列腺增生
老年人帕金森病,能力减退感
老年人膀胱癌,前列腺增生
老年人前列腺癌,前列腺硬结
老年人前列腺癌,前列腺增生
老年人前列腺增生症,脱肛
老年人前列腺增生症,前列腺增生
老年人腔隙性脑梗死,体象障碍
老年人缺铁性贫血,毛发干枯
老年人上消化道出血,休克
老年人神经症,易醒
老年人神经症,醒后不解乏
老年人神经症,强迫症
老年人神经症,赔偿神经症
老年人睡眠呼吸暂停综合征,高血压
老年人睡眠呼吸暂停综合征,易醒
老年人睡眠障碍,高血压
老年人睡眠障碍,清晨早醒且不能再度入睡
老年人睡眠障碍,浅眠
老年人糖尿病,前列腺肥大
老年人糖尿病乳酸性中毒,休克
老年人糖尿病肾病,水中毒
老年人痛风,高血压
老年人脱水,休克
老年人吸入性肺炎,高血压
老年人吸入性肺炎,休克
老年人心室扑动与颤动,意识丧失
老年人厌氧菌性肺炎,休克
老年人阳性杆菌肺炎,休克
老年人异位抗利尿素分泌综合征,水中毒
老年人院内获得性肺炎,休克
老年人正常压力脑积水,人格改变
老年人重症肌无力,有机磷中毒
老年人主动脉瘤,休克
老年收缩期高血压,高血压
老年性癫痫,模仿性自动症
老年性耳聋,音调韵律的异常
老年性昏迷,深昏迷
老年性慢性硬膜下血肿,人格改变
老年性皮肤萎缩,营养不良
老年性哮喘,高血压
老年休克,神志不清
老年休克,皮肤湿冷
老人腹股沟斜疝,休克
老人腹股沟斜疝,无痛性阴囊内肿块
雷凡斯坦综合征,隐睾
雷凡斯坦综合征,盲袋阴道
雷诺综合征,失眠
类癌,全身消瘦型
类癌综合征,休克
类固醇5α-还原酶2缺乏综合征,盲袋阴道
类圆线虫病,休克
黧黑斑,失眠
立氏立克次体斑疹热,休克
痢疾,脱水
痢疾后综合症,痢疾
臁疮,营养不良
恋童癖,性心理不成熟
恋童癖,心理性性功能障碍
恋物癖,迷恋足部或鞋袜
恋物癖,露阴癖
良性高血压性小动脉性肾硬化,高血压
良性葡萄胎,休克
良性前列腺增生,脱肛
良性前列腺增生,前列腺分泌物含有许多脓缩细胞
裂头绦虫病,休克
淋巴结核,淋巴结结核
淋巴结结核,淋巴结结核
淋病,阴囊下坠
淋病,性欲减退
淋病合并症前列腺炎,阴茎疼痛
淋病合并症前列腺炎,前列腺钙化
淋病合并症前列腺炎,前列腺分泌物含有许多脓缩细胞
磷脂酰胆碱-胆固醇酰基转移酶缺乏,高血压
磷中毒,中枢神经抑制药诱发昏迷
磷中毒,氰化物烧伤及合并中毒
流行性出血热,休克
流行性出血热,脱水
流行性腮腺炎,腮腺肿胀
流行性乙型脑炎,伤寒面容
癃闭,前列腺增生
颅脑损伤,梦行症
颅脑损伤,梦幻觉
颅脑先天畸形,周期性嗜睡强食症
颅内低压综合征,失眠
颅内高压综合征,思维缓慢
颅内海绵状血管瘤,营养障碍
颅内肿瘤伴发的精神障碍,躁郁样
颅内肿瘤伴发的精神障碍,抑郁症
颅内肿瘤伴发的精神障碍,心境不良
颅内肿瘤伴发的精神障碍,行为紊乱而奇特
颅内肿瘤伴发的精神障碍,体象障碍
颅内肿瘤伴发的精神障碍,贪食
颅内肿瘤伴发的精神障碍,思维缓慢
颅内肿瘤伴发的精神障碍,偏执状态
颅内肿瘤伴发的精神障碍,模仿言语
颅内肿瘤性出血,颅内出血
颅内转移瘤,舞蹈样手足徐动
颅咽管瘤,休克
路易体痴呆,性欲减退
路易体痴呆,睡眠障碍
露阴癖,心理性性功能障碍
露阴癖,窥淫癖
卵巢恶性中胚叶混合瘤,休克
卵巢黄体囊肿破裂,休克
卵巢破裂,休克
轮状病毒所致胃肠炎,脱水
瘰疬,淋巴结结核
旅行者腹泻,痢疾
旅途精神病,忧郁
旅途精神病,闪回
氯喹中毒,休克
麻痹性痴呆,意向倒错
麻痹性痴呆,睡眠障碍
麻痹性痴呆,强制性哭笑
麻痹性痴呆,迫害妄想
麻疹,脱水
麻疹样红斑型药疹,蔷薇疹样皮疹
马尔堡病毒病,休克
马桑果中毒,无故发笑
麦胶性肠病,维生素K缺乏
麦胶性肠病,维生素B族缺乏
慢性反流性肾病,高血压
慢性肥厚性鼻炎,失眠
慢性肺源性心脏病,休克
慢性附睾炎,阴囊下坠
慢性附睾炎,阴囊坠胀痛
慢性腹泻,营养不良
慢性干燥性鼻炎,挖鼻孔
慢性呼吸衰竭,休克
慢性化脓性腮腺炎,腮腺肿胀
慢性结肠炎,痢疾样大便
慢性酒中毒,高血压
慢性酒中毒,醉酒
慢性酒中毒,躯体依赖性
慢性泪腺炎,腮腺肿胀
慢性泪腺炎,腮腺肿大
慢性疲劳综合症,高血压
慢性疲劳综合症,性欲减退
慢性疲劳综合症,情绪性疲劳
慢性筛窦炎,颅内出血
慢性肾功能不全,高血压
慢性肾功能衰竭,高血压
慢性肾上腺皮质功能减退症,休克
慢性肾小球肾炎,高血压
慢性肾小球肾炎,营养不良
慢性肾炎,高血压
慢性肾炎,全身消瘦型
慢性肾盂肾炎,高血压
慢性细菌性痢疾,营养不良
慢性细菌性前列腺炎,性欲减退
慢性细菌性前列腺炎,前列腺缩小变硬
慢性细菌性前列腺炎,前列腺结石
慢性细菌性前列腺炎,前列腺钙化
慢性细菌性前列腺炎,前列腺分泌物含有许多脓缩细胞
慢性心功能不全,休克
盲肠旁疝,休克
盲襻综合征,营养不良性水肿
盲襻综合征,营养不良
盲襻综合征,维生素K缺乏
毛发囊肿,头发分叉
毛囊炎,轻度痛
毛细血管扩张性共济失调综合征,皮下脂肪萎缩
梅毒,粘膜疹
梅核气,抑郁症
梅尼埃病,药物中毒
湄公血吸虫病,休克
煤气中毒,氰化物烧伤及合并中毒
镁缺乏症,神志不清
门静脉高压,阴囊水肿
锰中毒,抑郁症
锰中毒,氰化物烧伤及合并中毒
梦游症,睡眠障碍
弥漫性血管内凝血,休克
弥漫性血管内凝血,妊娠中毒
弥漫性血管内凝血,颅内出血
弥散性血管内凝血,休克
迷路震荡,失眠
泌尿生殖系棘球蚴病,营养不良
密集恐惧症,抑郁症
面红和面红恐惧症,强迫性神经官能症
面游风,毛发干枯
膜增生性肾小球肾炎,营养不良
摩擦黑变病,抑郁症
木薯中毒,中毒严重
男假两性畸形,隐睾
男科病,遗精
男科外伤,阴茎疼痛
男科外伤,阴囊肿大
男科外伤,阴茎损伤
男性不育症,阴囊潮湿
男性不育症,输精管堵塞
男性更年期综合症,性欲减退
男性更年期综合症,失眠
男性更年期综合症,情绪低落
男性尖锐湿疣,阴茎表浅性溃疡
男性尖锐湿疣,阴囊瘙痒
男性尿道癌,血精
男性乳房肥大症,高血压
男性生殖器畸形,阴茎样尿道
男性生殖器畸形,输精管堵塞
男性特纳综合征,隐睾
男性性早熟,学习障碍
难治性癫痫,夜游症
囊性肾病,高血压
囊痈,阴囊肿胀
囊痈,阴囊坠胀痛
蛲虫病,失眠
脑癌,颅内出血
脑出血,高血压
脑垂体功能异常伴发的精神障碍,躁狂
脑垂体功能异常伴发的精神障碍,抑郁症
脑垂体功能异常伴发的精神障碍,性欲减退
脑垂体功能异常伴发的精神障碍,性欲亢进
脑垂体功能异常伴发的精神障碍,脱水
脑垂体功能异常伴发的精神障碍,水中毒
脑垂体功能异常伴发的精神障碍,思维不连贯
脑垂体功能异常伴发的精神障碍,躯体主诉增多
脑垂体功能异常伴发的精神障碍,认识能力缺失
脑动脉硬化伴发的精神障碍,躁狂
脑动脉硬化伴发的精神障碍,易醒
脑干梗塞,营养不良
脑梗死,体象障碍
脑静脉畸形,颅内出血
脑膜肉瘤,颅内出血
脑膜炎,休克
脑室内出血,营养不良
脑外伤后综合征,完全性遗忘症
脑外伤后综合征,木僵
脑外伤所致精神障碍,闪回
脑型疟疾,深昏迷
脑型疟疾,联想障碍
脑血管硬化,思维不连贯
脑血栓形成,抑郁症
脑源性晕厥,中度昏迷
内分泌病,高血压
内分泌功能亢进,高血压
内分泌性肌病,维生素D缺乏
尼曼－匹克氏病,营养不良
念珠龟头炎,龟头潮红
念珠菌性包皮龟头炎,龟头疼
念珠菌性包皮龟头炎,包皮痒
念珠菌性包皮龟头炎,龟头红点
尿崩症,脱水
尿道憩室,泌尿生殖窦
尿道肉阜,泌尿生殖窦
尿道上裂,脱水
尿道上裂,泌尿生殖窦
尿道下裂,阴茎样尿道
尿道下裂,阴茎短
尿道下裂,隐睾
尿道炎,龟头异味
尿道炎,频繁遗精
尿道综合征,泌尿生殖窦
尿路梗阻,前列腺增生
尿失禁,前列腺增生
镍中毒,失眠
颞下颌关节病,营养不良
颞下颌关节强直,营养不良
颞叶癫痫,走动性自动症
颞叶癫痫,人格解体
颞叶肿瘤,梦幻觉
牛带绦虫病,休克
扭转痉挛,腿脚抽筋
农药中毒,中毒严重
农药中毒,中枢神经抑制药诱发昏迷
农药中毒所致的精神障碍,言语增多
农药中毒性肾病,有机磷中毒
脓毒症,休克
脓疱病,头皮松垂
疟疾,高血压
疟疾,血骨髓或痰涂片找到疟原虫
疟疾肾病,高血压
诺瓦克病毒性胃肠炎,休克
诺瓦克病毒性胃肠炎,脱水
诺沃克类病毒胃肠炎,脱水
女性癫痫,抑郁症
女性尿道癌,泌尿生殖窦
女子梦交,喜怒无常
帕金森病,意向性震颤
帕金森病,抑郁症
帕金森病,睡眠障碍
帕金森病,能力减退感
帕金森病性痴呆,抑郁症
帕金森病性痴呆,认知功能障碍
帕金森病性痴呆,能力减退感
帕金森病性痴呆,老人性格孤僻
排卵障碍,性欲亢进
膀胱嗜铬细胞瘤,高血压
膀胱输尿管反流,厌食
盆腔淤血综合征,性感不快
硼酸中毒,休克
皮层性多汗症,情绪性多汗症
皮肤病,皮肤血管收缩呈网状图案
皮肤弓形体病,先天性弓形体
皮肤瘙痒症,阴囊瘙痒
皮克病,抑郁症
皮克病,日常生活能力减退和行为异常
皮质性遗忘症,抑郁症
皮质性遗忘症,完全性遗忘症
疲劳性骨折,情绪性疲劳
脾良性肿瘤,休克
偏执狂,失眠
偏执性精神障碍,偏执型人格障碍
偏执状态,睡眠障碍
胼胝体进行性变性,高血压
贫血,营养不良
贫血伴发的精神障碍,失眠
品行障碍,猥亵行为
破伤风,休克
葡萄球菌性食物中毒,脱水
葡萄球菌中毒性休克综合征,休克
蹼状阴茎,痛性阴茎勃起
其他病毒肺炎,休克
其他类精神活性物质依赖,营养不良
其他类精神活性物质依赖,网络综合症
其他类精神活性物质依赖,手机依赖症
其他类精神活性物质依赖,情感依赖
脐炎,休克
气功所致精神障碍,易激动
气功所致精神障碍,言语增多
气功所致精神障碍,睡眠障碍
气疝,阴囊下坠
气疝,无痛性阴囊内肿块
气性坏疽,休克
气瘿,气管受压
槭糖尿病,脱水
前列腺癌,前列腺硬结
前列腺癌,前列腺肥大
前列腺病,前列腺快感
前列腺病,性欲减退
前列腺结石,前列腺结石
前列腺囊肿,隐睾
前列腺脓肿,前列腺钙化
前列腺炎,性欲减退
前列腺炎,频繁遗精
前列腺炎,前列腺素合成减少
前牙反合,抑郁症
潜伏梅毒,粘膜疹
嵌顿包茎,阴茎疼痛
腔隙性脑梗死,高血压
腔隙性脑梗死,抑郁症
腔隙性脑梗死,睡眠障碍
腔隙性脑梗死,失眠
强碱类中毒,休克
强迫型人格障碍,强迫性联想
强迫型人格障碍,强迫性人格
强迫性障碍,抑郁症
强迫性障碍,强迫性穷思竭虑
强迫性障碍,强迫性联想
强迫性障碍,强迫症
强迫性障碍,强迫性重复
强迫性障碍,强迫性性行为
强迫性障碍,强迫行为
强迫性障碍,强迫观念
强迫症,强制性思维
强迫症,强迫性穷思竭虑
强迫症,强迫性联想
强迫症,强迫症
强迫症,强迫性人格
强迫症,强迫性重复
强迫症,强迫性性行为
强迫症,强迫行为
强酸类中毒,休克
鞘膜积液,一侧阴囊内逐渐增大的无痛性肿块
切口疝,休克
青春期厌食症,营养不良
青春期厌食症,情绪性厌食
青年人中的成年发病型糖尿病,高血压
青年心肌梗死,休克
情感性心境障碍,躁狂
情感性心境障碍,燥狂相
情感性心境障碍,异性装扮癖
情感性心境障碍,思维缓慢
情感障碍,忧郁
情感障碍,思维奔逸
情感障碍,情感高涨
情感障碍,偏执性妄想
驱蛔灵中毒,舞蹈病样动作
驱蛔灵中毒,失眠
躯体感觉障碍,躯体化障碍
躯体感染伴发的精神障碍,注意力不集中
躯体感染伴发的精神障碍,易激动
躯体感染伴发的精神障碍,抑郁症
躯体感染伴发的精神障碍,思维奔逸
躯体感染伴发的精神障碍,思维不连贯
躯体感染伴发的精神障碍,失眠
躯体感染伴发的精神障碍,社交恐惧
躯体感染伴发的精神障碍,躯体主诉增多
躯体感染伴发的精神障碍,认知功能损害
躯体感染伴发的精神障碍,人格改变
躯体感染伴发的精神障碍,强迫症
躯体感染伴发的精神障碍,偏执状态
躯体疾病伴发的精神障碍,心理麻木
躯体形式障碍,抑郁症
躯体形式障碍,疑病症
躯体形式障碍,药物依赖
躯体形式障碍,未分化躯体形式障碍
躯体形式障碍,躯体形式疼痛障碍
躯体形式障碍,躯体化障碍
躯体形式障碍,偏执状态
全身化脓性感染,休克
全身脂肪代谢障碍,水盐代谢障碍
缺水和缺钠,液体平衡失调
缺铁性贫血,头发淡黄色
缺血性肠绞痛,营养不良
缺血性肠炎,休克
缺血性肝炎,休克
缺血性结肠炎,高血压
缺血性结肠炎,休克
缺血性心肌病,休克
人格解体-现实解体综合征,现实解体
人格障碍,易于产生病理嫉妒信念
人格障碍,抑郁症
人格障碍,社交敏感性障碍
人格障碍,缺乏自控能力
人格障碍,强迫症
人格障碍,强迫性人格
人格障碍,偏执型人格障碍
人免疫缺陷病毒感染性肾损害,药物依赖
妊娠高血压综合征眼底病变,高血压
妊娠合并白血病,高血压
妊娠合并癫痫,言语中断
妊娠合并癫痫,脱水
妊娠合并肺炎,休克
妊娠合并红细胞增多症,高血压
妊娠合并红细胞增多症,睡眠障碍
妊娠合并甲状旁腺功能亢进,高血压
妊娠合并甲状腺功能亢进,容易激动
妊娠合并慢性肾小球肾炎,高血压
妊娠合并缺铁性贫血,高血压
妊娠合并肾病综合征,营养不良
妊娠合并特发性血小板减少性紫癜,颅内出血
妊娠合并自身免疫性溶血性贫血,休克
妊娠呕吐,休克
溶血过度所致贫血,休克
溶血性贫血,休克
肉痉,失眠
乳头状囊腺瘤,腮腺肿胀
乳头状囊腺瘤,腮腺区肿大
乳头状腺瘤,脱水
软下疳,阴茎龟头橡皮肿
弱精,输精管堵塞
弱精,频繁遗精
弱精,器质性早泄
三叉神经痛,高血压
三叉神经痛,抑郁症
散发性甲状腺肿,气管受压
散发性脑炎伴发的精神障碍,伤寒面容
散发性脑炎伴发的精神障碍,联想障碍
丧偶后适应性障碍,抑郁症
烧伤,休克
烧伤,磷烧伤合并中毒
烧伤败血症,休克
烧伤感染,磷烧伤合并中毒
舌下神经损伤,营养不良
社会获得性肺炎,休克
射精功能障碍,遗精
射精功能障碍,射精疼
射精功能障碍,器质性早泄
深海恐惧症,抑郁症
神昏,中暑
神经母细胞瘤,高血压
神经衰弱,轴性遗忘症
神经衰弱,忘性大
神经衰弱,睡眠障碍
神经性耳鸣,抑郁症
神经性耳鸣,失眠
神经性呕吐,营养不良
神经性贪食症,抑郁症
神经性贪食症,贪食
神经性头痛,失眠
神经性厌食症,消瘦严重者呈”皮包骨头”样
神经性厌食症,脱水
神经性厌食症,失眠
神经性厌食症,情绪性厌食
神经性厌食症与神经性贪食症,消瘦严重者呈”皮包骨头”样
神经性厌食症与神经性贪食症,挑剔嘴
神经性厌食症与神经性贪食症,贪食行为
神经性厌食症与神经性贪食症,情绪性厌食
神经症,晕针
神经症,遗精
神经症,强迫观念
神经症,内向性思维
神经症,内容难以听清的自言自语
肾癌,高血压
肾创伤,高血压
肾错构瘤,高血压
肾动脉瘤,高血压
肾动脉狭窄,高血压
肾动脉血栓形成和栓塞,高血压
肾发育不全,高血压
肾疳,脱肛
肾功能不全,高血压
肾功能衰竭,高血压
肾积水,高血压
肾积水,输精管变粗
肾精亏虚,遗精
肾精亏虚,眼神异常
肾囊肿,高血压
肾胚胎瘤,高血压
肾气不固,遗精
肾气不固,劳累后遗精
肾上腺皮质功能异常伴发的精神障碍,认识能力缺失
肾上腺素中毒,高血压
肾上腺髓质增生,高血压
肾上腺危象,休克
肾上腺性征异常症,性欲减退
肾上腺意外瘤,高血压
肾上腺肿瘤,高血压
肾细胞癌,性欲减退
肾小球肾炎,高血压
肾性骨病,儿童反复骨折
肾性糖尿,营养不良
肾性糖尿,脱水
肾虚,高血压
肾虚,滑精
肾虚,失眠
肾虚,前列腺增生
肾血管畸形与压迫,高血压
肾炎,高血压
肾阴虚,高血压
肾阴虚,滑精
肾硬化症,高血压
肾盂肾炎,休克
肾肿瘤,高血压
肾肿瘤,休克
生殖器念珠菌病,女性性器官反应缺乏
失眠,抑郁症
失眠,顽固性失眠
失眠,浅眠
失眠,难入睡或易惊醒
失眠抑郁,高血压
失眠抑郁,退离休综合症
失眠抑郁,顽固性失眠
失眠抑郁,认知功能损害
失眠抑郁,难入睡或易惊醒
失眠症,高血压
失眠症,顽固性失眠
失眠症,浅眠
失盐性肾炎,高血压
失语症,学习障碍
十二指肠结核,无活动性结核病灶
十二指肠静脉曲张,休克
十二指肠外瘘,营养不良
十二指肠胃反流及胆汁反流性胃炎,失眠
十二指肠先天性缺如、闭锁和狭窄,营养不良
十二指肠先天性缺如、闭锁和狭窄,脱水
十二指肠先天性狭窄,营养不良
十二指肠血管性压迫综合征,营养不良
十二指肠血管性压迫综合征,脱水
十二指肠壅积症,营养不良
十二指肠壅积症,脱水
石膏综合征,休克
食管贲门黏膜撕裂综合征,休克
食管穿孔,休克
食管梅毒,中度吸入性损伤
食管憩室,营养不良
食积胃病,心胃的奇怪感觉
食积胃病,情绪性胃痛
食物中毒,休克
食物中毒,脱水
视神经乳头水肿及视盘水肿,高血压
适应障碍,高血压
适应障碍,无能力感
适应障碍,无用感
适应障碍,丧偶后适应性障碍
适应障碍,品行障碍
室性心律失常,休克
室性逸搏及室性逸搏心律,休克
嗜铬细胞瘤,高血压
嗜碱性粒细胞白血病,休克
嗜麦芽黄单胞菌肺炎,休克
嗜水气单胞菌肠炎,脱水
嗜水气单胞菌感染,脱水
嗜睡症,周期性嗜睡强食症
手掌深部间隙感染,休克
手足徐动性脑瘫,舞蹈样手足徐动
输精管堵塞,输精管疼痛
输精管堵塞,输精管堵塞
输精管堵塞,射精疼
输卵管结扎术后并发症,休克
输卵管妊娠,休克
输卵管妊娠流产,休克
输卵管妊娠破裂,休克
输入袢综合征,休克
输血后血小板减少性紫癜,颅内出血
鼠咬伤,休克
双侧先天性肾上腺皮质增生,隐睾
双侧先天性肾上腺皮质增生,青春期后无精液
双性恋,露阴癖
水痘肺炎,休克
水母皮炎,休克
水疝,阴囊肿胀
水疝,阴囊水肿
水疝,阴囊瘙痒
水杨酸类中毒,休克
睡眠-觉醒节律障碍,抑郁症
睡眠相位后移综合症1,抑郁症
睡眠障碍,易醒
睡眠障碍,夜游症
睡眠障碍,睡行症
睡眠障碍,失眠
睡眠障碍,浅眠
睡眠障碍,梦行症
睡眠障碍,梦游症
撕脱骨折,休克
死精症,遗精
四肢淋巴水肿,营养不良
四肢血管损伤,休克
髓性多汗症,抑郁症
损伤性休克,重力休克
梭状芽胞杆菌伤口感染,坏疽
胎赤,难入睡或易惊醒
胎盘部分残留,休克
瘫痪,营养障碍
痰火扰心,失眠
痰饮,失眠
痰浊眩晕,高血压
羰基镍中毒,失眠
糖尿病,高血压
糖尿病和高血压,食欲异常
糖尿病酮症酸中毒,休克
糖尿病性视网膜病变,高血压
烫伤,休克
特发性血小板减少性紫癜,休克
特异性前列腺炎,射精疼
特异性前列腺炎,男子性功能障碍
特异性肾实质疾病,脱水
铁利用性贫血,营养不良
铁中毒,休克
听力障碍,听不懂别人及自己说的话
同种免疫性新生儿血小板减少性紫癜,颅内出血
铜绿假单胞菌感染,休克
童年情绪障碍,自杀行为
童年情绪障碍,抑郁症
童年情绪障碍,社交恐惧
童年情绪障碍,品行障碍
童年情绪障碍,强迫行为
童年情绪障碍,强迫观念
痛风和高尿酸血症,高血压
痛性肥胖病,抑郁症
头风病,高血压
头-面血管瘤综合征,隐睾
头皮撕脱伤,休克
头皮损伤,休克
头皮损伤,颅内出血
头皮血肿,休克
头痛,情绪性头痛
头外伤,休克
土肥对称性肢端色素沉着症,抑郁症
脱发,滑精
脱囊,阴囊肿胀
脱囊,阴囊潮湿有异味
脱囊,阴囊坠胀痛
外耳湿疹,睡眠障碍
外伤后低颅压综合征,颅内出血
外伤后头痛,失眠
外伤后头痛,情绪性头痛
外伤性乳糜胸,脱水
外生殖器畸形,阴茎异常
外生殖器畸形,无睾丸
外向孤独症,失眠
完全性肺静脉异位回流,营养不良
网络成瘾,强迫症
网络成瘾,强迫型人格障碍
网络成瘾,强迫性性行为
网瘾,信息成瘾
网状青斑和青斑性血管炎,高血压
妄想症,自恋
妄想症,易于产生病理嫉妒信念
妄想症,迫害妄想
妄想症,偏执性妄想
微量元素障碍,抑郁症
微小病变型肾病,阴囊水肿
微小病变型肾病,营养不良
围绝经期功能失调性子宫出血,休克
围绝经期综合征,高血压
围绝经期综合征,性兴趣减退感
围绝经期综合征,失眠
围术期伴发的精神障碍,高血压
围术期伴发的精神障碍,言语增多
围术期伴发的精神障碍,睡眠障碍
围术期伴发的精神障碍,躯体形式疼痛障碍
维生素Ａ缺乏症所致的角膜溃疡病,营养不良
维生素B12缺乏所致贫血,营养不良
维生素B1缺乏病,维生素B1缺乏
维生素B2缺乏病,维生素B族缺乏
维生素B2缺乏病,阴囊瘙痒
维生素B6依赖综合征,抑郁症
维生素C缺乏病,营养不良
维生素C缺乏病,维生素C缺乏
维生素D缺乏病,维生素D中毒
维生素D缺乏性手足抽搐症,维生素D中毒
维生素D依赖性佝偻病,维生素D中毒
维生素D依赖性佝偻病,类戒断反应
维生素D中毒症,维生素D中毒
维生素E缺乏病,维生素E缺乏
维生素E缺乏病,头发分叉
维生素E缺乏病,前列腺肥大
维生素E缺乏病,颅内出血
维生素E缺乏神经病,维生素E缺乏
维生素K缺乏病,脂溶性维生素缺乏
维生素K缺乏病,维生素K缺乏
维生素K缺乏病,颅内出血
尾骨骨折与脱位,休克
萎缩侧索硬化,营养不良
萎缩性鼻炎,挖鼻孔
未分化结缔组织病,高血压
未分化结缔组织病,营养不良
胃、十二指肠溃疡出血,休克
胃肠道功能紊乱,失眠
胃肠型食物中毒,休克
胃肠型食物中毒,脱水
胃出血,休克
胃出血,失血过多后贫血
胃穿孔,休克
胃寒呕吐,情绪性胃痛
胃结核,营养不良
胃空肠输入袢综合征,休克
胃溃疡出血,休克
胃纳呆滞,情绪性胃痛
胃扭转,休克
胃切除后胆汁返流性胃炎,休克
胃切除后胆汁返流性胃炎,脱水
胃切除后吸收不良综合征,营养不良
胃下垂,失眠
胃型哮喘,情绪性哮喘
无睾症,无睾丸
无功能垂体腺瘤,脱水
无汗症,中暑
无痛性心肌梗死,休克
无症状性脑梗死,高血压
五氯酚钠中毒,脱水
五脏痹,难入睡或易惊醒
西方马型脑炎,行为及情绪异常
西方马型脑炎,人格改变
西方马型脑炎,情绪起伏大
吸入性损伤,中度吸入性损伤
吸收不良综合征,蔗糖-异麦芽糖吸收不良
吸烟中毒症,高血压
希恩综合征,皮下脂肪增多
细菌性肠炎,脱水
细菌性结肠炎,脱水
细菌性痢疾,痢疾
下丘脑错构瘤,行为及情绪异常
下丘脑疾病,贪食
下消化道出血,休克
先天性肠闭锁,休克
先天性肠闭锁,脱水
先天性胆道闭锁,维生素K缺乏
先天性肥厚性幽门狭窄,脱水
先天性肺动静脉瘘,休克
先天性肛门直肠狭窄,脱水
先天性睾丸发育不全,阴茎短
先天性睾丸发育不全,隐睾
先天性后尿道瘘,泌尿生殖窦
先天性肌强直,抑郁症
先天性巨尿道症,隐睾
先天性全丙种球蛋白低下血症,休克
先天性肾上腺皮质增生症,隐睾
先天性肾上腺皮质增生症,青春期后无精液
先天性十二指肠闭锁,脱水
先天性胃壁肌层缺损,休克
先天性胃出口梗阻,脱水
先天性无虹膜,隐睾
先天性血管萎缩性皮肤异色症,隐睾
先天性支气管肺囊肿,气管受压
先天性主动脉弓畸形,气管受压
先兆流产,休克
纤维肌痛综合征,易醒
纤维肌痛综合症,睡眠障碍
显微型多血管炎,高血压
腺样囊性癌,腮腺肿胀
腺样体肥大,营养不良
项痹,高血压
消化道溃疡,神经官能症状
小肠瘘,休克
小肠扭转,休克
小肠破裂,休克
小肠实热,孕妇上火
小肠损伤,休克
小肠吸收不良综合征,营养不良
小肠系膜损伤,休克
小袋纤毛虫病,痢疾
小儿IgA肾病,高血压
小儿埃博拉病毒病,休克
小儿豹皮综合征,隐睾
小儿苯丙酮尿症,忧郁
小儿丙酸血症,脱水
小儿病毒性肺炎,小儿咳嗽
小儿病态窦房结综合征,休克
小儿伯-韦综合征,隐睾
小儿肠套叠,休克
小儿肠套叠,脱水
小儿肠吸收不良综合征,脱水
小儿肠旋转不良,营养不良
小儿潮红综合征,休克
小儿抽动秽语综合征,猥亵行为
小儿抽动症,咬嘴唇或舌
小儿出血性疾病,休克
小儿脆性X染色体,学习困难
小儿胆道蛔虫症,休克
小儿弹性假黄瘤,高血压
小儿低血糖,易激动
小儿癫痫发作诱发失语综合征,认知功能障碍
小儿动力性肠梗阻,脱水
小儿多动症,情绪起伏大
小儿多动症,品行障碍
小儿多发性硬化,意向性震颤
小儿多囊肾,高血压
小儿多器官功能障碍综合征,内毒素血症
小儿发烧,脱水
小儿发作性睡病,睡瘫症
小儿肥胖,高血压
小儿肥胖,脂肪过多
小儿肥胖,重度肥胖
小儿肥胖,情绪性进食
小儿肥胖通气不良综合征,重度肥胖
小儿肥胖性生殖无能综合征,阴茎短
小儿肥胖症,脂肪过多
小儿肥胖症,重度肥胖
小儿肺出血-肾炎综合征,高血压
小儿肺栓塞,营养不良
小儿分离性焦虑症,营养不良
小儿分离性焦虑症,选择性缄默症
小儿风疹,小儿咳嗽
小儿腹股沟斜疝,阴囊肿大
小儿腹泻病,营养不良
小儿肝豆状核变性,高血压
小儿肝衰竭,休克
小儿肝性脑病,休克
小儿疳痢,毛发干枯
小儿干燥综合征,腮腺肿大
小儿高热,脱水
小儿高热,腿脚抽筋
小儿睾丸扭转,阴囊肿大
小儿格林巴利综合症,抑郁症
小儿功能性消化不良,厌食
小儿孤独症,社交敏感性障碍
小儿骨硬化病,儿童反复骨折
小儿骨与关节结核,营养不良
小儿骨折,休克
小儿胱氨酸病,维生素D缺乏
小儿胱氨酸病,脱水
小儿过敏性紫癜肾炎,高血压
小儿过敏症,小儿湿疹
小儿过敏症,休克
小儿喉痉挛,频繁性惊醒
小儿回盲肠综合征,脱水
小儿基底细胞痣综合征,隐睾
小儿急进性肾小球肾炎,高血压
小儿急性出血性坏死性肠炎,休克
小儿急性出血性坏死性肠炎,脱水
小儿急性胆囊炎与胆管炎,休克
小儿急性间歇性卟啉病,脱水
小儿急性胃炎,休克
小儿急性胃炎,脱水
小儿急性小脑性共济失调,意向性震颤
小儿急性中毒,脱水
小儿脊髓性肌萎缩,营养不良
小儿继发性免疫性血小板减少性紫癜,颅内出血
小儿加压素分泌过多综合征,水中毒
小儿家族性低血磷性佝偻病,维生素D缺乏
小儿甲状旁腺功能减退症,营养不良
小儿甲状腺功能亢进症,食欲异常
小儿贾第虫病,营养不良
小儿假膜性肠炎,休克
小儿假膜性肠炎,脱水
小儿尖端扭转型室性心动过速,休克
小儿结节病,腮腺肿大
小儿金黄色葡萄球菌肺炎,休克
小儿精神发育迟缓,学习困难
小儿精神发育迟缓,心理年龄小于生理年龄
小儿巨大血小板综合征,颅内出血
小儿狂犬病,高血压
小儿溃疡性结肠炎,营养不良
小儿溃疡性口炎,脱水
小儿两性畸形,隐睾
小儿流感病毒肺炎,休克
小儿颅脑损伤,休克
小儿轮状病毒性肠炎,脱水
小儿麻痹症,高血压
小儿慢性充血性脾肿大,营养不良
小儿慢性肾小球肾炎,高血压
小儿慢性肾小球肾炎,营养不良
小儿慢性胰腺炎,脂溶性维生素缺乏
小儿慢性胰腺炎,维生素缺乏
小儿毛细支气管炎,脱水
小儿面部红斑侏儒综合征,隐睾
小儿脑挫裂伤,脱水
小儿脑瘫,舞蹈样手足徐动
小儿脑性瘫痪,舞蹈样手足徐动
小儿脑震荡,失眠
小儿尼曼-皮克病,学习困难
小儿尿道下裂,阴茎异常
小儿尿路感染,高血压
小儿尿路梗阻,高血压
小儿膀胱-输尿管反流综合征,高血压
小儿疱疹性角膜结膜炎,淋巴结结核
小儿脾外伤,休克
小儿普通易变型免疫缺陷,维生素B12吸收不良
小儿其他沙门菌感染,脱水
小儿气胸,休克
小儿迁延与慢性腹泻,休克
小儿迁延与慢性腹泻,脱水
小儿全远端型肾小管酸中毒,高血压
小儿热性惊厥,意识丧失
小儿溶血性贫血,休克
小儿乳糜泻,脱肛
小儿乳糜泻,营养不良
小儿乳糜泻,脱水
小儿软骨发育不全,营养不良
小儿软骨营养障碍-血管瘤综合征,营养障碍
小儿烧伤,休克
小儿砷中毒,休克
小儿砷中毒,脱水
小儿神经母细胞瘤,高血压
小儿神经皮肤综合征,高血压
小儿神经纤维瘤病,学习困难
小儿神经性贪食,贪食
小儿神经性贪食,贪食行为
小儿神经性贪食,食欲异常
小儿神经性厌食,营养不良
小儿神经性厌食,厌食
小儿神经性厌食,体象障碍
小儿神经性厌食,生理性厌食
小儿神经性厌食,情绪性厌食
小儿肾病综合征,阴囊水肿
小儿肾病综合征,营养不良
小儿肾淀粉样变性,高血压
小儿肾结核,高血压
小儿肾静脉血栓形成,高血压
小儿肾母细胞瘤,高血压
小儿肾上腺皮质功能不全,脱水
小儿肾小管-间质肾炎,高血压
小儿肾小管性酸中毒,脱水
小儿肾性糖尿,营养不良
小儿肾性糖尿,脱水
小儿肾性糖尿,食欲异常
小儿石膏综合征,脱水
小儿食物中毒,休克
小儿食物中毒,脱水
小儿双唇综合征,眼睑松弛和上唇增厚
小儿糖尿病肾病,高血压
小儿糖吸收不良,营养不良
小儿烫伤,休克
小儿特发性血小板减少性紫癜,颅内出血
小儿晚发性维生素K缺乏病,颅内出血
小儿维生素A缺乏病,脂溶性维生素缺乏
小儿维生素A缺乏病,毛发干枯
小儿维生素C缺乏病,营养不良
小儿维生素C缺乏病,维生素C缺乏
小儿维生素C缺乏病,颅内出血
小儿维生素D缺乏性佝偻病,维生素D缺乏
小儿维生素E缺乏病,维生素E缺乏
小儿胃肠炎,痢疾
小儿细菌性痢疾,营养不良
小儿先天性睾丸发育不全,学习障碍
小儿先天性巨结肠,休克
小儿先天性肾上腺皮质增生症,休克
小儿先天性肾上腺皮质增生症,脱水
小儿先天性肾盂输尿管连接部梗阻,高血压
小儿先天性外胚层发育不良综合征,中暑
小儿先天性直肠肛门畸形,脱水
小儿消化道出血,休克
小儿小颌畸形综合征,营养不良
小儿哮喘,说话时字词不能连续
小儿哮喘,情绪性哮喘
小儿心搏呼吸骤停与心肺复苏术,意识丧失
小儿心肌炎,皮肤湿冷
小儿心律失常,休克
小儿休克,意识丧失
小儿休克,皮肤湿冷
小儿学校恐怖症,强迫恐怖症
小儿血管性血友病,休克
小儿血友病,休克
小儿亚硝酸盐中毒,氰化物烧伤及合并中毒
小儿烟酸缺乏病,性欲减退
小儿淹溺,休克
小儿严重急性呼吸综合征,休克
小儿言语和语言障碍,听不懂别人及自己说的话
小儿言语和语言障碍,说话时字词不能连续
小儿眼-脑-肾综合征,隐睾
小儿厌食症,挑剔嘴
小儿厌食症,生理性厌食
小儿厌食症,情绪性厌食
小儿叶酸缺乏病,维生素B1缺乏
小儿一氧化碳中毒,一氧化碳中毒
小儿一氧化碳中毒,氰化物烧伤及合并中毒
小儿衣原体肺炎,小儿咳嗽
小儿遗传性共济失调,意向性震颤
小儿遗传性果糖不耐受,休克
小儿遗传性果糖不耐受,脱水
小儿遗尿,习惯性尿裤
小儿乙型肝炎病毒相关肾炎,高血压
小儿隐睾症,无睾丸
小儿营养不良性水肿,毛发干枯
小儿营养不良性消瘦,睡眠障碍
小儿原发型肺结核,气管受压
小儿原发性腹膜炎,休克
小儿原发性腹膜炎,脱水
小儿原发性甲状旁腺功能亢进症,脱水
小儿原发性膀胱输尿管反流,高血压
小儿原发性肾病综合征,阴囊水肿
小儿阅读障碍,认知功能障碍
小儿再发性呕吐,脱水
小儿粘连性肠梗阻,脱水
小儿阵发性室性心动过速,休克
小儿支气管肺炎,小儿咳嗽
小儿支气管哮喘,情绪性哮喘
小儿脂肪吸收不良,营养不良
小儿指甲-髌骨综合征,高血压
小儿指甲-髌骨综合征,咬指甲
小儿中暑和暑热症,休克
小儿中暑和暑热症,脱水
小儿中暑和暑热症,热痉挛
小儿中暑和暑热症,热衰竭
小儿注意缺陷障碍,注意力不集中
小儿注意缺陷障碍,易激动
小儿注意缺陷障碍,品行障碍
小儿纵隔压迫综合征,休克
小儿阻塞性睡眠呼吸暂停,高血压
小腿动脉损伤,腓肠肌痉挛性疼痛
小腿红绀病,腓肠肌痉挛性疼痛
小阴茎,阴茎短
小阴茎,痛性阴茎勃起
心房内折返性心动过速,休克
心肌病,硒缺乏
心肌梗塞并发左心室室壁瘤,高血压
心肌梗塞并发左心室室壁瘤,休克
心肌梗死,休克
心肌炎,摸空症
心理疾病,异食癖
心理疾病,抑郁症
心理障碍,异食癖
心理障碍,抑郁症
心律失常,休克
心肾不交,遗精
心肾不交,失眠
心血管疾病伴发的精神障碍,强迫症
心血虚,失眠
心源性休克,重力休克
心源性休克,休克
心脏穿透伤,休克
心脏神经官能症,抑郁症
锌中毒,谊妄
锌中毒,休克
新疆出血热,高血压
新生儿出血症,颅内出血
新生儿单纯疱疹病毒感染,休克
新生儿低钠血症,休克
新生儿低血糖症,休克
新生儿发热,脱水
新生儿反应低下,休克
新生儿肺气漏,休克
新生儿高血糖症,脱水
新生儿寒冷损伤综合征,休克
新生儿急性肾功能衰竭,高血压
新生儿柯萨奇病毒B感染,休克
新生儿流行性腹泻,脱水
新生儿颅内出血,木僵
新生儿弥散性血管内凝血,休克
新生儿缺氧缺血性脑病,颅内出血
新生儿肾静脉血栓,高血压
新生儿失血性贫血,休克
新生儿头颅血肿,休克
新生儿胃穿孔,休克
新生儿先天性膈疝,休克
新生儿心律失常,休克
新生儿咽下综合征,脱水
新生儿紫癜,颅内出血
信息成瘾,强迫症
星形细胞瘤,颅内出血
猩红热,蔷薇疹样皮疹
猩红热样红斑,蔷薇疹样皮疹
性变态,异性装扮癖
性变态,易性别癖
性变态,性受虐癖
性变态,性施虐癖
性变态,性倒错
性变态,摩擦型性变态
性变态,露阴癖
性变态,窥淫癖
性变态,恋兽型性变态
性变态,恋尸型性变态
性病神经症,强迫观念
性高潮障碍,心理性性功能障碍
性功能异常伴发的精神障碍,躁狂
性功能异常伴发的精神障碍,抑郁性木僵
性功能异常伴发的精神障碍,言语增多
性功能异常伴发的精神障碍,性欲亢进
性功能异常伴发的精神障碍,喜怒无常
性功能异常伴发的精神障碍,无故发笑
性功能异常伴发的精神障碍,偏执状态
性功能障碍,射精疼
性功能障碍,器质性早泄
性功能障碍,男子性功能障碍
性冷淡,缺乏性的兴趣和性活动的要求
性心理障碍,异性装扮癖
性心理障碍,以偷窥为快感源泉的性变态
性心理障碍,易性别癖
性心理障碍,抑郁症
性心理障碍,性心理不成熟
性心理障碍,性受虐癖
性心理障碍,性施虐癖
性心理障碍,女性性器官反应缺乏
性心理障碍,摩擦型性变态
性心理障碍,迷恋足部或鞋袜
性心理障碍,露阴癖
性厌恶,性欲减退
性厌恶,女性性器官反应缺乏
性欲减退,缺乏性的兴趣和性活动的要求
性欲亢进,阴茎异常
性欲亢进,性欲亢进
性早熟,心理年龄大于生理年龄
性障碍,强迫性性行为
性障碍,露阴癖
性障碍,快感缺乏
胸腔积液,休克
宿醉,高血压
宿醉,脱水
学习技能发育障碍,学习困难
学习技能发育障碍,品行障碍
血卟啉病,高血压
血卟啉病,容易激动
血卟啉病性周围神经病,高血压
血毒,高血压
血管病,坏疽
血管球瘤,营养不良
血管网状细胞瘤,颅内出血
血管性痴呆,抑郁症
血管性痴呆,强制性哭笑
血管性痴呆,偏执状态
血管性帕金森综合征,高血压
血精症,血精
血气胸,休克
血热崩漏,喜怒无常
血栓闭塞性脉管炎,皮肤湿冷
血吸虫肠病,营养不良性水肿
血吸虫肠病,痢疾样大便
血胸,休克
血虚眩晕,晕血
荨麻疹,休克
荨麻疹型药疹,蔷薇疹样皮疹
荨麻疹性血管炎,休克
牙体缺损,营养不良
亚急性甲状腺炎,失眠
亚健康,高血压
亚健康,失眠
亚临床甲状腺功能减退症,高血压
咽部结核,营养不良
咽鼓管异常开放症,失眠
咽喉部外伤,休克
咽喉烧伤及化学伤,休克
咽喉烧伤及化学伤,脱水
咽食管憩室,营养不良
咽异感症,抑郁症
烟草依赖综合症,高血压
烟酸缺乏神经病,性欲减退
烟雾病,高血压
淹溺,皮肤冷而苍白粘腻
延迟性应激反应,抑郁症
延迟性应激反应,快感缺乏
延髓进行性麻痹,营养不良
延髓性麻痹,营养不良
言语障碍,吟诗样语言
言语障碍,抑郁症
眼弓形体病,先天性弓形体
眼睑疖肿和脓肿,头部及眼后部疼痛并能听到连续不断的隆隆声
眼睑痉挛-口下颏部肌张力障碍,抑郁症
眼睑痉挛-口下颏部肌张力障碍,眼睑松弛和上唇增厚
眼眶骨肉瘤,头部及眼后部疼痛并能听到连续不断的隆隆声
厌氧菌感染,坏疽
厌氧菌感染,休克
羊膜腔感染综合征,休克
羊水过少,高血压
羊水与胎粪吸入综合征,颅内出血
阳强,性欲亢进
阳痿,勃起时间短
阳痿,快感缺乏
痒疹,小儿痒疹
腰椎滑脱,休克
药物反应性甲病,指甲易碎
药物性呼吸衰竭,休克
药物中毒,麻醉药中毒
药物中毒性周围神经病,营养不良
叶酸缺乏所致贫血,营养不良
叶酸缺乏症,高血压
叶酸缺乏症,营养不良
夜惊,频繁性惊醒
腋臭,失眠
一氧化碳中毒,休克
一氧化碳中毒后迟发性脑病,一氧化碳中毒
医用药物中毒所致的精神障碍,麻醉药中毒
胰胆管合流异常综合征,颅内出血
胰岛素抵抗与代谢综合征,高血压
胰高血糖素瘤,营养不良
胰腺假性囊肿,休克
胰腺瘘,脱水
胰腺囊性纤维性变,营养不良
胰腺囊肿,休克
胰腺脑病综合征,休克
遗传性肥胖,高血压
遗传性高尿酸血症,隐睾
遗传性凝血因子Ⅶ缺乏,颅内出血
遗传性纤维蛋白原缺乏症,颅内出血
遗尿症,抑郁症
遗尿症,习惯性尿裤
遗忘综合征,轴性遗忘症
遗忘综合征,完全性遗忘症
疑病症,抑郁症
疑病症,容易发生强迫性症状或疑病观念
乙酰苯胺类中毒,休克
乙型病毒性肝炎,乙肝e抗原（HBeAg）阳性
乙型肝炎病毒相关性肾炎,高血压
乙型肝炎抗原血症,乙肝e抗原（HBeAg）阳性
乙状结肠间疝,休克
乙状结肠扭转,休克
乙状结肠造口旁沟疝,休克
异位ACTH综合征,高血压
异位ACTH综合征,肥胖
异性装扮癖,异性装扮癖
异性装扮癖,以偷窥为快感源泉的性变态
抑郁性神经症,抑郁性木僵
抑郁性神经症,疑病症
抑郁性神经症,心理伤害
抑郁性神经症,思考困难感
抑郁性神经症,能力减退感
抑郁症,自我残伤行为
抑郁症,镇静药中毒
抑郁症,躁郁样
抑郁症,忧郁
抑郁症,性欲减退
抑郁症,心理伤害
抑郁症,退离休综合症
抑郁症,违拗症
抑郁症,思考困难感
抑郁症,内向性思维
疫斑热,休克
意识障碍,无动性缄默
意识障碍,思维不连贯
缢死,抑郁症
癔症,自恋
癔症,情感暴发
癔症,梦游症
癔症,狂笑
阴道痉挛,抑郁症
阴道美丽筒线虫病,失眠
阴汗,阴囊潮湿有异味
阴茎结核,阴茎硬结
阴茎结核,阴茎和阴囊水肿
阴茎结核,阴茎表浅性溃疡
阴茎结核疹,阴茎萎缩
阴茎离断伤,阴茎损伤
阴茎淋巴管炎,阴茎瘙痒
阴茎扭转,阴茎勃起不硬
阴茎扭转,痛性阴茎勃起
阴茎痰核,阴茎硬结
阴茎头包皮炎,包皮痒
阴茎头包皮炎,包皮过长
阴茎头包皮炎,包皮内有白色分泌物
阴茎头包皮炎,包皮开裂
阴茎头包皮炎,包皮红肿
阴茎纤维性海绵体炎,阴茎硬结
阴茎纤维性海绵体炎,阴茎疼痛
阴茎纤维性海绵体炎,痛性阴茎勃起
阴茎异常勃起,阴茎异常
阴茎硬结症,阴茎勃起不硬
阴茎硬结症,阴茎硬结
阴茎硬结症,阴茎异常
阴茎硬结症,痛性阴茎勃起
阴茎折断,阴茎损伤
阴茎珍珠疹,龟头珍珠疹
阴茎珍珠疹,阴茎瘙痒
阴囊癌,无痛性阴囊内肿块
阴囊潮湿,阴囊潮湿有异味
阴囊潮湿,阴囊瘙痒
阴囊坏疽,阴囊上有白色小疙瘩
阴囊湿疹,阴囊脱皮
阴囊湿疹,阴囊起疙瘩
阴囊湿疹,阴囊上有白色小疙瘩
阴囊炎,阴囊脱皮
阴囊炎,阴囊潮湿有异味
阴囊炎,阴囊瘙痒
阴缩,隐睾
阴缩,前列腺缩小变硬
阴虚火旺,孕妇上火
银屑病甲,指甲易碎
隐孢子虫病,脱水
隐睾,无睾丸
隐匿型肾炎,高血压
隐匿性肾小球肾炎,高血压
婴儿肠痉挛,休克
婴儿肠痉挛,脱水
婴儿腹部远心性脂肪营养不良,皮下脂肪萎缩
婴幼儿腹泻,营养不良
营养不良,微量元素缺少
营养不良,能量不足
营养代谢疾病伴发的精神障碍,躯体性疾病所致的精神障碍
营养代谢疾病伴发的精神障碍,认识能力缺失
营养代谢缺乏,营养不良性水肿
营养代谢障碍疾病,水盐代谢障碍
营养缺乏性神经病变,营养不良
营养性巨幼红细胞性贫血,营养不良
营养性贫血,异食癖
应激反应及适应障碍,高血压
应激反应及适应障碍,丧偶后适应性障碍
硬皮症伴发的精神障碍,营养不良
游走性结节性脂膜炎,失眠
郁证,抑郁症
郁证,情志内伤
原发性IgA肾病,高血压
原发性腹膜后肿瘤,休克
原发性脾淋巴瘤,休克
原发性醛固酮增多症,高血压
原发性肾上腺皮质功能减退症,休克
原发性纤维蛋白溶解症,颅内出血
原发性血小板减少性紫瘢,颅内出血
月经周期性精神病,情感高涨
晕厥,高血压
运动诱发哮喘,营养不良
运动障碍疾病,舞蹈病样动作
脏躁,抑郁症
脏躁,易哭
脏躁,喜怒无常
早搏,休克
早泄,快感缺乏
躁狂抑郁症,自杀行为
躁狂抑郁症,愉快感缺乏
躁狂抑郁症,忧郁
躁狂抑郁症,心境不良
躁狂抑郁症,无助感
躁狂症,躁郁样
躁狂症,行为及情绪异常
躁狂症,心境高涨
躁狂症,思维奔逸
躁狂症,情绪起伏大
躁狂症,内容难以听清的自言自语
增殖性红斑,阴茎硬结
谵妄,注意障碍
谵妄,迫害妄想
谵妄综合征,药物中毒
谵妄综合征,药物依赖
谵妄综合征,摸空症
真菌性肠炎,痢疾
真菌性甲沟炎,指甲与肉分离
真两性畸形,隐睾
镇痛剂肾病,高血压
正常颅压脑积水,意志丧失性格
肢端肥大症,高血压
肢端肥大症,睡眠障碍
肢端肥大症性心肌病,高血压
脂肪肝,高血压
直肠闭锁,易哭
直接型颈动脉海绵窦瘘,休克
植物神经功能紊乱,晕针
植物神经功能障碍,灾难反应
跖骨疲劳性骨折,情绪性疲劳
志贺菌病,痢疾样大便
致密性骨发育障碍,指甲易碎
致死性家族性失眠症,睡眠障碍
智能障碍,注意障碍
智能障碍,社交敏感性障碍
中毒性眩晕,醉酒
中毒性眩晕,药物中毒
中风,营养不良
中风后遗症,高血压
中老年男子部分性雄激素缺乏综合征,性欲减退
中老年男子部分性雄激素缺乏综合征,前列腺增生
中暑,休克
中暑,热痉挛
中暑,热衰竭
中暑痉挛,中暑
中暑痉挛,热痉挛
中暑痉挛,热衰竭
中暑衰竭,休克
中暑衰竭,热痉挛
中暑衰竭,热衰竭
中暑衰竭,皮肤冷而苍白粘腻
周期性麻痹,醉酒
周期性瘫痪,醉酒
主动脉肠道瘘,休克
注意缺陷障碍,注意障碍
注意缺陷障碍,注意力缺乏多动症
注意缺陷障碍,品行障碍
疰夏,中暑
转换性障碍,抑郁症
转换性障碍,情感暴发
转换性障碍,木僵
转移性肝癌,营养不良
椎弓结核,椎体结核
椎管内脊膜瘤,脱水
椎管内结核肉芽肿,淋巴结结核
滋养细胞肿瘤,失血过多后贫血
子宫内翻,休克
子宫内膜增生,休克
子痰,阴囊坠胀痛
子痫,高血压
自闭症,自我残伤行为
自闭症,严重情绪障碍
自闭症,心理伤害
自发性腹膜后出血或血肿,休克
自发性食管破裂,休克
自发性血胸,休克
自律性房性心动过速,休克
纵隔脓肿,休克
足月小样儿,营养不良
足舟骨骨折,休克
阻塞性睡眠呼吸暂停综合征,高血压
左束支中隔支传导阻滞,高血压
左心发育不良,休克
