肾细胞癌,注射用重组人干扰素α2b(假单胞菌)
室性心动过速,盐酸普罗帕酮,盐酸利多卡因注射液,盐酸莫雷西嗪片,盐酸胺碘酮片,盐酸美西律片,盐酸妥卡尼片,盐酸胺碘酮胶囊,盐酸普罗帕酮注射液,盐酸胺碘酮注射液,盐酸美西律胶囊,盐酸索他洛尔片,盐酸安他唑啉片,盐酸胺碘酮
烧伤,注射用克林霉素磷酸酯,盐酸环丙沙星片,注射用氨曲南,维生素B1,氧氟沙星片,注射用盐酸克林霉素,人血白蛋白,硫酸妥布霉素注射液,积雪苷片,盐酸左氧氟沙星片,克林霉素磷酸酯注射液,红霉素软膏,林可霉素利多卡因凝胶,头孢曲松钠,甲紫溶液
瘙痒症,马来酸氯苯那敏片,醋酸曲安奈德乳膏,醋酸氟轻松乳膏,糠酸莫米松乳膏,糠酸莫米松鼻喷雾剂,复方十一烯酸锌曲安奈德软膏,盐酸左西替利嗪片,复方樟脑乳膏,新霉素氟轻松乳膏,盐酸二氧丙嗪颗粒,维生素E乳,氢化可的松,湿毒清片,盐酸苯海拉明片,丁酸氢化可的松乳膏
肾血管性高血压,赖诺普利片,马来酸依那普利片
嗜铬细胞瘤,阿替洛尔片,盐酸普萘洛尔片,盐酸酚苄明片
肾母细胞瘤,注射用盐酸表柔比星
烧伤感染,头孢曲松钠,丹参酮胶囊
肾肿瘤,钆喷酸葡胺注射液
湿痹,金骨莲胶囊,独一味颗粒,仙灵脾颗粒,蕲蛇风湿酒,风湿关节炎片,正清风痛宁片,舒筋定痛片,夏桑菊颗粒,昆仙胶囊,琥珀止痛膏,舒筋定痛胶囊,小活络丸,息伤乐酊,国公酒,冯了性风湿跌打药酒
伤食泄泻,枫蓼肠胃康颗粒,泻停封胶囊,枫蓼肠胃康口服液
十二指肠炎,陈香露白露片
神经母细胞瘤,环磷酰胺,依托泊苷软胶囊
水痘,盐酸伐昔洛韦片,盐酸伐昔洛韦,阿昔洛韦分散片,盐酸伐昔洛韦缓释片,盐酸伐昔洛韦胶囊,利巴韦林,核酪注射液,酞丁安滴眼液,阿昔洛韦缓释片,水痘减毒活疫苗,阿昔洛韦颗粒
输卵管炎,盐酸环丙沙星片,四环素片,盐酸美他环素胶囊,盐酸四环素胶囊,盐酸多西环素片,盐酸多西环素胶囊,盐酸美他环素片,盐酸多西环素肠溶胶囊
声带小结,金嗓散结丸
湿阻,除湿止痒软膏,七味通痹口服液,双活止痛酊,壮骨伸筋胶囊,天麻壮骨丸,换骨丸,通络祛痛膏,祖师麻片,桂龙咳喘宁片,骨通贴膏,桂龙咳喘宁胶囊,苓桂咳喘宁胶囊,除湿止痒洗液
神经病,甲钴胺注射液,甲钴胺胶囊,甲钴胺片,注射用鼠神经生长因子,胰激肽原酶肠溶片,盐酸乙哌立松片,依帕司他片,三维B片,参灵通络胶囊,甲钴胺分散片
肾衰,注射用左卡尼汀,注射用重组人生长激素
食道癌,消癌平胶囊,消癌平糖浆,注射用去甲斑蝥酸钠,消癌平片,消癌平口服液,甘露聚糖肽胶囊,抗癌平丸,卡莫氟片,康力欣胶囊,雷丸胶囊,食道平散
肾功能不全,重组人促红素注射液(CHO细胞),呋塞米片,别嘌醇,别嘌醇片,别嘌醇缓释片,别嘌醇缓释胶囊,复方α-酮酸片,至灵菌丝胶囊,金水宝胶囊,聚磺苯乙烯钠散
肾虚耳鸣,回春如意胶囊
视网膜母细胞瘤,环磷酰胺
肾炎,头孢克肟分散片,乳酸左氧氟沙星氯化钠注射液,氧氟沙星氯化钠注射液,注射用克林霉素磷酸酯,盐酸环丙沙星片,阿莫西林胶囊,氧氟沙星片,注射用盐酸克林霉素,门冬氨酸洛美沙星注射液,阿莫西林克拉维酸钾分散片,氟罗沙星葡萄糖注射液,肾复康胶囊,盐酸左氧氟沙星注射液,金钱通淋颗粒,注射用甲磺酸左氧氟沙星
神昏,安宫牛黄丸,小儿惊风散,清开灵注射液,醒脑静注射液,紫雪,安神丸,癫痫康胶囊,羚羊角胶囊,羚羊清肺散,黄连胶囊,羚羊角颗粒,羚羊角口服液
沙眼,阿奇霉素分散片,四环素片,红霉素肠溶片,红霉素片,克拉霉素胶囊,阿奇霉素胶囊,依托红霉素片,阿奇霉素片,克拉霉素,盐酸美他环素胶囊,罗红霉素片,盐酸金霉素眼膏,氯霉素滴眼液,盐酸四环素胶囊,阿奇霉素颗粒
湿热下注,复方黄连素片,抗宫炎软胶囊,盆炎净胶囊,复方杏香兔耳风胶囊,宫炎平胶囊,杏香兔耳风胶囊,治带片,盆炎净片,花红颗粒,八正颗粒,肛泰栓,复方杏香兔耳风片,舒康凝胶剂,二妙丸,白带丸
肾精亏虚,三宝胶囊
肾病综合征,醋酸泼尼松片,注射用布美他尼,辅酶A,阿魏酸哌嗪片
视网膜病变,羟苯磺酸钙胶囊,胰岛素注射液,卵磷脂络合碘胶囊,羟苯磺酸钙片,芪明颗粒
手癣,盐酸特比萘芬乳膏,酮康唑乳膏,百癣夏塔热片,复方酮康唑乳膏,盐酸特比萘芬凝胶,盐酸特比萘芬喷雾剂,克霉唑溶液,复方聚维酮碘搽剂,百癣夏塔热胶囊,复方水杨酸冰片软膏,硝酸益康唑溶液,醋酸曲安奈德益康唑乳膏,葛洪脚气水,顽癣净,复方克霉唑乳膏
神经根型颈椎病,壮骨伸筋胶囊,颈痛颗粒,颈痛片,治伤胶囊,颈舒颗粒
手足徐动症,苯妥英钠片
视神经炎,注射用普罗碘铵,普罗碘铵,普罗碘铵注射液
生殖细胞瘤,依托泊苷软胶囊
肾虚腰痛,腰痛片,阳春口服液,五子衍宗软胶囊,健肾生发丸,沙苑子颗粒,腰痛丸
痛经,田七痛经散,痛经丸,痛经灵颗粒,痛经宝颗粒,艾附暖宫丸,六味安消胶囊,萘普生片,布洛芬片,独一味颗粒,双氯芬酸钠肠溶片,氨酚比林注射液,萘普生胶囊,酮洛芬肠溶胶囊,布洛芬缓释胶囊,五灵止痛胶囊
头痛,六经头痛片,天麻头痛片,头痛定糖浆,头痛宁胶囊,熄风通络头痛片,对乙酰氨基酚片,樟脑薄荷柳酯乳膏,天麻素胶囊,天麻素片,元胡止痛片,风油精,元胡止痛滴丸,安眠补脑糖浆,逐瘀通脉胶囊,复方氨林巴比妥注射液
头疼,豆腐果苷片,佐米曲普坦胶囊,通宣理肺片,小儿酚氨咖敏颗粒,脑心清胶囊,强力脑心康口服液,复方氨敏虎杖胶囊,天麻眩晕宁合剂,布洛芬缓释片,鸢都感冒颗粒
脱肛,三七化痔丸,泻痢固肠丸,黄芪颗粒,舒痔丸,消痔丸,黄芪片
糖尿病,盐酸二甲双胍缓释片,盐酸芬氟拉明片,格列喹酮片,瑞格列奈片,盐酸二甲双胍片,伏格列波糖片,那格列奈片,格列齐特片(Ⅱ),格列吡嗪片,葛根素注射液,西洛他唑片,消渴降糖片,吡诺克辛滴眼液,格列齐特缓释片,甘露消渴胶囊
痰热咳嗽,鱼腥草注射液,三蛇胆川贝糖浆,复方罗汉果清肺糖浆,复方鲜竹沥液,金振口服液
痰火,鼻咽灵片,癫痫康胶囊,牛黄降压片
痰湿阻肺,桂龙咳喘宁片,桂龙咳喘宁胶囊,苓桂咳喘宁胶囊
头皮屑,复方酮康唑发用洗剂,酮康唑洗剂
头癣,克霉唑溶液,复方聚维酮碘搽剂,硫软膏,灰黄霉素片,消炎癣湿药膏,盐酸特比萘芬溶液,盐酸萘替芬软膏,盐酸萘替芬乳膏,萘替芬酮康唑乳膏,盐酸特比萘芬片
痰饮,槟榔四消丸,济生肾气丸
痰毒,杜记独角膏
糖尿病性胃轻瘫,甲氧氯普胺片,枸橼酸莫沙必利片,氯波必利片
突发性耳聋,天麻素注射液,葛根素注射液,愈风宁心片,注射用己酮可可碱,注射用葛根素,黄豆苷元胶囊,注射用天麻素,葛根素葡萄糖注射液,愈风宁心软胶囊,黄豆苷元片
脱发,除脂生发片,炔雌醇环丙孕酮片,滋补生发片,胱氨酸片,米诺地尔溶液,健肾生发丸,养血生发胶囊,固肾生发丸,复方八维甲睾酮胶囊,复方斯亚旦生发酊,天麻首乌片,天麻首乌胶囊,斑秃丸,胱氨酸,生力雄丸
胎热,孕妇清火丸
痰厥,大活络丸,苏合香丸,王氏保赤丸,紫金散
痛风性关节炎,双氯芬酸钠肠溶片,酮洛芬肠溶胶囊,布洛芬缓释胶囊,双氯芬酸钠缓释胶囊,双氯芬酸钠缓释片,秋水仙碱片,非诺洛芬钙片,甲泼尼龙片,萘丁美酮胶囊,痛风舒胶囊,苯溴马隆胶囊
瘫痪,大活络丸,十三味红花丸,同仁大活络丸,抗栓再造丸,散风活络丸,灵仙跌打片,七十味珍珠丸,偏瘫复原丸,华佗再造丸,如意珍宝丸,散风活络丸(浓缩丸),白脉软膏,珊瑚七十味丸,益脉康片,灯盏细辛胶囊
体癣,盐酸特比萘芬乳膏,曲安奈德益康唑乳膏,复方酮康唑软膏,复方十一烯酸锌曲安奈德软膏,酮康唑乳膏,百癣夏塔热片,曲咪新乳膏,复方酮康唑乳膏,盐酸特比萘芬凝胶,盐酸特比萘芬喷雾剂,硝酸咪康唑溶液,酞丁安乳膏,克霉唑溶液,复方聚维酮碘搽剂,百癣夏塔热胶囊
脱疽,通塞脉片
天疱疮,醋酸泼尼松片
痛风,双氯芬酸钠肠溶片,保泰松片,十味乳香丸,萘普生胶囊,酮洛芬肠溶胶囊,布洛芬缓释胶囊,丙磺舒,奥沙普秦肠溶片,双氯芬酸钠缓释胶囊,别嘌醇,双氯芬酸钠缓释片,秋水仙碱片,复方伸筋胶囊,氢化可的松,双氯芬酸钠盐酸利多卡因注射液
脱水,甘露醇注射液,口服补液盐散(Ⅰ),口服补液盐散(Ⅱ),硝酸毛果芸香碱滴眼液,异山梨醇口服液
炭疽病,五味麝香丸
糖尿病肾病,雷米普利片
特发性震颤,地西泮片,复方地西泮片
胃疼,铋镁豆蔻片,复方颠茄氢氧化铝片,参附注射液,二十五味马宝丸,香药胃安胶囊,法莫替丁钙镁咀嚼片,二十一味寒水石散,七叶莲片,六味能消丸,胃铋镁颗粒,摩罗丹,摩罗丹(浓缩丸)
胃痛,香砂胃痛散,神曲胃痛胶囊,胃乐舒口服液,枸橼酸铋钾颗粒,盐酸雷尼替丁胶囊,复方氢氧化铝片,胶体果胶铋胶囊,猴头菌片,元胡止痛片,西咪替丁片,碳酸氢钠片,西咪替丁胶囊,法莫替丁片,元胡止痛胶囊,鼠李铋镁片
胃炎,飞扬肠胃炎片,胃炎康胶囊,胃炎宁颗粒,猴菇片,胶体果胶铋,铝碳酸镁咀嚼片,枸橼酸铋钾颗粒,胃灵颗粒,复方氢氧化铝片,胶体果胶铋胶囊,猴头菌片,枸橼酸铋钾胶囊,复方维U颠茄铋铝片,清胰利胆颗粒,庆大霉素普鲁卡因维B12胶囊
胃胀气,甲氧氯普胺片,溴甲贝那替秦片,甲溴贝那替秦片
胃溃疡,马来酸伊索拉定片,复方雷尼替丁胶囊,枸橼酸铋钾胶囊,泮托拉唑钠肠溶片,硫糖铝口服混悬液,复方谷氨酰胺颗粒,庆大霉素普鲁卡因维B12颗粒,复方雷尼替丁颗粒,拉呋替丁颗粒,奥美拉唑胶囊,复方猴头颗粒,复方盐酸雷尼替丁片,拉呋替丁胶囊,拉呋替丁片,瑞巴派特胶囊
胃酸过多,铋镁豆蔻片,铝碳酸镁咀嚼片,复方胃膜素胶囊,枸橼酸铋钾颗粒,盐酸雷尼替丁胶囊,复方氢氧化铝片,胶体果胶铋胶囊,复方维U颠茄铋铝片,碳酸氢钠片,陈香露白露片,硫糖铝片,复方铝酸铋片,维U颠茄铝胶囊Ⅱ,硫糖铝咀嚼片,三硅酸镁片
胃痉挛,维U颠茄铝镁片,维U颠茄铝镁片Ⅱ,维U颠茄铝胶囊,维U颠茄铝胶囊Ⅱ,维U颠茄铝胶囊Ⅰ,溃疡片,复方氢氧化铝片,维U颠茄铝胶囊Ⅲ,胃铋镁颗粒,腹痛水
胃窦炎,胃炎宁颗粒,胃舒宁胶囊,消食十味丸,呋喃唑酮片,呋喃唑酮,替硝唑胶囊
胃肠炎,盐酸小檗碱片,氯霉素片,莲胆消炎片,十五味黑药胶囊,消炎止痢灵片,炎热清片,盐酸甲氧氯普胺注射液,注射用阿莫西林钠克拉维酸钾,肠炎宁颗粒,小檗碱甲氧苄啶胶囊,清热消炎宁片,和胃止痛胶囊,左氧氟沙星片,枫蓼肠胃康片,胃肠灵胶囊
胃胀,复方颠茄氢氧化铝片,胃乐胶囊,补肾健胃二十一味丸,健胃十味丸,肝胃气痛片,元和正胃片,帕朱丸,胃欣舒胶囊,维生素U,溴甲贝那替秦片,甲溴贝那替秦片,西沙必利片,蒲元和胃胶囊,甲氧氯普胺片,西沙必利胶囊
胃下垂,甲氧氯普胺片,羔羊胃提取物维B12胶囊
胃出血,胃康灵胶囊,十五味黑药丸,十五味黑药胶囊,胃康灵颗粒
胃病,胃病丸,十三味青兰散,胃铋镁颗粒,胃痛安合剂
维生素缺乏,干酵母片,口服五维葡萄糖,复合维生素B片,五维赖氨酸口服溶液,九维鱼肝油
外阴瘙痒,复方苦参洗剂,新霉素氟轻松乳膏,三味清热止痒洗剂,复方曲安奈德乳膏,复方沙棘籽油栓,复方黄松湿巾,妇炎康胶囊,日舒安洗液,聚甲酚磺醛栓,青柏洁身洗液,皮肤康洗液,湿痒洗液,阴痒康洗剂,金归洗液,妇尔爽外用胶囊
晚期肿瘤,醋酸甲地孕酮分散片,华蟾素口服液,华蟾素片,华蟾素胶囊,康莱特注射液,醋酸甲地孕酮胶囊,华蟾素注射液
外痔,痔速宁片,肛泰栓,肛泰软膏,痔速宁胶囊,消痔栓,化痔片,醋酸氯己定痔疮栓,化痔灵片,复方片仔癀痔疮软膏,吲哚美辛呋喃唑酮栓,消痔灵片,美辛唑酮栓,三七化痔丸,九华膏,九味痔疮胶囊
萎缩性胃炎,参芪健胃颗粒,亮菌甲素片,维酶素片,胃乐新胶囊,胶体酒石酸铋胶囊,养胃颗粒,胃炎宁颗粒,三九胃泰胶囊,养胃舒胶囊,养胃舒软胶囊,参术胶囊,摩罗丹(浓缩丸),胶体酒石酸铋,胶体果胶铋干混悬剂,消食十味丸
吻合口溃疡,雷贝拉唑钠肠溶胶囊
胃寒呕吐,参桂理中丸
胃肠型感冒,藿香正气滴丸,藿香正气软胶囊
稳定型心绞痛,马来酸依那普利片,银杏叶胶囊,阿司匹林肠溶胶囊,复方川芎胶囊,硝苯地平控释片,银杏叶滴丸,硝苯地平缓释片（II）
外阴溃疡,鱼腥草素钠片,康妇软膏
胃泌素瘤,奥美拉唑肠溶片,兰索拉唑片,奥美拉唑肠溶胶囊,兰索拉唑肠溶片,奥美拉唑,雷贝拉唑钠肠溶胶囊,兰索拉唑,奥美拉唑钠肠溶片,奥美拉唑镁肠溶片,法莫替丁分散片
外耳道炎,氧氟沙星滴眼液,过氧化氢溶液,氧氟沙星滴耳液,甲苯磺酸妥舒沙星片,丹参酮胶囊,曲安奈德氯霉素溶液,氢化可的松新霉素滴耳液,盐酸洛美沙星滴耳液,氯霉素耳栓,烫疮油,盐酸左氧氟沙星滴耳液
妄想症,舒必利片
胃溃疡出血,云南红药胶囊
网膜炎,肌苷片,肌苷注射液,曲克芦丁氯化钠注射液,毛冬青片,卵磷脂络合碘,更昔洛韦胶囊
温热,血必净注射液,石淋通颗粒,皮肤病血毒丸,羚羊清肺散,皮肤病血毒片
顽痹,益肾蠲痹丸
胃轻瘫综合征,西沙必利胶囊,西沙必利片
弯曲菌肠炎,红霉素肠溶片,琥乙红霉素片,红霉素片,依托红霉素片,依托红霉素颗粒,琥乙红霉素胶囊
胃癌,消癌平胶囊,消癌平糖浆,尿素[13C]胶囊呼气试验药盒,替吉奥胶囊,消癌平片,芪珍胶囊,消癌平口服液,尿嘧啶替加氟片,注射用核糖核酸Ⅱ,复方氟尿嘧啶口服溶液,替加氟片,参莲胶囊,甘露聚糖肽胶囊,注射用盐酸表柔比星,纳米炭混悬注射液
网球肘,复方水杨酸甲酯苯海拉明喷雾剂,吲哚美辛搽剂,归元筋骨宁湿敷剂,萘丁美酮胶囊
外伤性白内障,法可林滴眼液
外阴炎,硝呋太尔片,三维制霉素栓,盐酸米诺环素片,利夫康洗剂,复方黄松洗液,复方黄松湿巾,复方黄藤洗液,妇洁舒洗液,妇肤康喷雾剂,康妇软膏,硝呋太尔胶囊,肤阴洁液
五更泄,胃肠宁片,肠胃宁胶囊,参茸固本还少丸
外阴湿疹,青柏洁身洗液
萎缩侧索硬化,利鲁唑片
荨麻疹,荨麻疹丸,乌蛇止痒丸,盐酸赛庚啶片,肤痒颗粒,富马酸氯马斯汀片,炉甘石洗剂,盐酸左西替利嗪片,盐酸西替利嗪滴剂,依巴斯汀片,咪唑斯汀缓释片,复方甘草酸苷注射液,地氯雷他定分散片,盐酸依匹斯汀片,盐酸西替利嗪片,盐酸西替利嗪胶囊
眩晕症,甲磺酸倍他司汀片,桂利嗪片,黄豆苷元胶囊,注射用天麻素,抑眩宁胶囊,黄豆苷元片
胸闷气短,心舒丸,心舒胶囊,洋参保肺丸,康尔心胶囊,补肾益寿胶囊,熊胆救心丸,心通口服液,宁嗽化痰丸,脉络通胶囊,心脑健胶囊,活血通脉片,仙灵脾颗粒,护心胶囊,益肾强身丸,仙灵脾胶囊
心绞痛,非洛地平缓释片,富马酸比索洛尔片,乳酸心可定片,冠心宁注射液,硝苯地平控释片,冠心苏合丸,冠心苏合胶囊,心宁片,宽胸气雾剂,硝苯地平片,丹参颗粒,硝苯地平缓释片Ⅰ,血塞通滴丸,苯磺酸左旋氨氯地平片,通脉颗粒
小叶增生,门冬酰胺片,乳宁片,十味香鹿胶囊,乳宁胶囊,乳癖康胶囊,乳癖消胶囊,肿痛搽剂,消结安胶囊,红金消结片,红金消结浓缩丸,红金消结胶囊
消化不良,胰酶肠溶片,胰酶肠溶胶囊,大山楂颗粒,乳酸菌素片,多酶片,复方胰酶散,六味安消胶囊,多潘立酮片,复方胃蛋白酶颗粒,鞣酸蛋白酵母散,启脾口服液,婴儿健脾散,加味保和丸,大山楂丸,胰酶
心律不齐,降脂宁颗粒,爱维心口服液,理气舒心片,利心丸,冠心生脉丸,玉金方胶囊,降脂宁片,养心定悸口服液,中风回春胶囊,脑心安胶囊,门冬氨酸钾镁片,门冬氨酸钾镁口服溶液,海珠喘息定片
心悸,养血安神丸,养血安神糖浆,珍合灵片,补肾强身片,黄芪生脉饮,安神补心胶囊,生脉饮,益气复脉胶囊,生脉饮口服液,盐酸普萘洛尔注射液,酸枣仁合剂,舒心颗粒,丹参舒心胶囊,人参茎叶皂苷胶囊,益气养血口服液/合剂
心脏病,双嘧达莫片,利心丸,肌苷注射液,七十味珍珠丸,毛冬青片,血栓心脉宁胶囊,乙酰水杨酸孕烯诺龙片,盐酸曲马多滴剂,心宝丸,门冬氨酸钾镁口服溶液,肌苷片,琥乙红霉素片,红霉素片,角鲨烯胶丸,益心巴迪然吉布亚颗粒
心肌炎,参麦注射液,辅酶Q10胶囊,果糖二磷酸钠口服溶液,黄芪注射液,注射用二丁酰环磷腺苷钙,荣心丸,葛根素注射液,注射用环磷腺苷葡胺,环磷腺苷葡胺注射液,门冬氨酸钾镁片,二丁酰环磷腺苷钙,注射用三磷酸腺苷二钠氯化镁,莪术油注射液,烟酰胺注射液,葛根素葡萄糖注射液
心衰,硝酸甘油贴膜,单硝酸异山梨酯缓释片,心脉隆注射液,单硝酸异山梨酯片,单硝酸异山梨酯缓释胶囊(IV),硝酸异山梨酯缓释片,托伐普坦片,冠心安滴丸,硝酸异山梨酯喷雾剂,注射用棓丙酯,马来酸依那普利片,注射用盐酸乌拉地尔,托拉塞米片
心动过速,盐酸去氧肾上腺素注射液,盐酸美西律片,注射用盐酸地尔硫卓,盐酸普罗帕酮片,利心丸,盐酸美西律胶囊,盐酸普罗帕酮,盐酸妥卡尼片,门冬氨酸钾镁口服溶液,盐酸维拉帕米片,盐酸利多卡因注射液,盐酸艾司洛尔注射液,盐酸莫雷西嗪片,注射用盐酸艾司洛尔,盐酸胺碘酮片
小儿咳嗽,小儿化痰止咳颗粒,盐酸二氧丙嗪颗粒,小儿清热利肺口服液,小儿化痰止咳冲剂
性功能减退,七鞭回春乐胶囊,十一酸睾酮注射液,二十八味补肾胶囊
先天性神经管畸形,叶酸片
细菌性痢疾,乳酸左氧氟沙星氯化钠注射液,复方黄连素片,莲胆消炎片,呋喃唑酮片,硫糖铝咀嚼片,炎立消胶囊,氧氟沙星片,炎立消片,氟罗沙星葡萄糖注射液,盐酸左氧氟沙星注射液,硫酸庆大霉素片,注射用甲磺酸左氧氟沙星,盐酸左氧氟沙星片,炎热清片,盐酸左氧氟沙星氯化钠注射液
细菌性阴道炎,双唑泰栓,双唑泰泡腾片,双唑泰软膏,复方甲硝唑阴道栓,皮肤康洗液,盐酸环丙沙星栓,甲硝唑呋喃唑酮栓,乳酸环丙沙星阴道泡腾片
哮喘,利肺片,地塞米松磷酸钠注射液,醋酸地塞米松片,氨茶碱片,醋酸泼尼松片,消癌平胶囊,盐酸普鲁卡因注射液,消癌平糖浆,硫酸沙丁胺醇片,硫酸沙丁胺醇气雾剂,盐酸氨溴索注射液,甲磺酸培氟沙星注射液,屏风生脉胶囊,喘舒片,消癌平片
心力衰竭,卡托普利片,赖诺普利片,环磷腺苷葡胺注射液,门冬氨酸钾镁注射液,马来酸依那普利片,呋塞米片,注射用门冬氨酸钾镁,酒石酸美托洛尔缓释片,氢氯噻嗪片,注射用环磷腺苷葡胺,水杨酸镁片,雷米普利片,硝苯地平,硝酸甘油片,酒石酸美托洛尔片
心肌梗死,门冬氨酸钾镁口服溶液,葛根素注射液,单硝酸异山梨酯缓释片,硝酸异山梨酯片,二丁酰环磷腺苷钙,盐酸利多卡因注射液,酒石酸美托洛尔缓释片,阿替洛尔片,注射用葛根素,注射用尿激酶,盐酸普萘洛尔片,雷米普利片,尿激酶,阿司匹林肠溶胶囊,葛根素葡萄糖注射液
小便频急,通淋胶囊,前列解毒胶囊,癃清片,清热通淋片,清热通淋胶囊,益宫颗粒
小儿肺炎,小儿麻甘颗粒,鱼腥草素钠片
先天性白内障,法可林滴眼液
心律失常,门冬氨酸钾镁口服溶液,烟酰胺注射液,环磷腺苷葡胺注射液,门冬氨酸钾镁注射液,屏风生脉胶囊,盐酸维拉帕米片,苯妥英钠片,盐酸普罗帕酮片,盐酸利多卡因注射液,注射用门冬氨酸钾镁,酒石酸美托洛尔缓释片,注射用左卡尼汀,盐酸莫雷西嗪片,阿替洛尔片,宁心宝胶囊
小儿缺铁性贫血,小儿生血糖浆,复方硫酸亚铁颗粒
血管性血友病,注射用醋酸去氨加压素
血栓性浅静脉炎,复方七叶皂苷钠凝胶
吸入性肺炎,盐酸克林霉素注射液,泮托拉唑钠肠溶胶囊,甲氧氯普胺片
心内膜炎,琥乙红霉素片,注射用头孢西丁钠,红霉素片,丙磺舒,依托红霉素片,注射用阿莫西林钠克拉维酸钾,依托红霉素颗粒,青霉素V钾片,琥乙红霉素胶囊
血吸虫病,养肝胶囊
性早熟,醋酸曲普瑞林注射液,达那唑胶囊,注射用醋酸亮丙瑞林微球,注射用醋酸亮丙瑞林
血管炎,益脉康片
夏季感冒,香菊感冒颗粒
虚劳,紫河车胶囊,蛤蚧定喘丸,鹿角胶,阿胶补血口服液,人参固本丸,肝络欣丸,川贝末胶囊,人参保肺丸,再造生血片,安神丸,河车大造丸,薯蓣丸,蛤蚧定喘胶囊,阿胶补血膏,河车大造胶囊
小儿鹅口疮,桂林西瓜霜胶囊
血症,乳酸左氧氟沙星氯化钠注射液,氧氟沙星氯化钠注射液,注射用克林霉素磷酸酯,注射用氨曲南,辛伐他汀片,甲磺酸左氧氟沙星片,辛伐他汀胶囊,阿托伐他汀钙,氯霉素片,盐酸二甲双胍片,注射用头孢西丁钠,盐酸克林霉素胶囊,注射用盐酸克林霉素,盐酸克林霉素注射液,阿莫西林克拉维酸钾分散片
先天性心脏病,琥乙红霉素片,红霉素片,依托红霉素颗粒,地高辛片,前列地尔注射液,地高辛,地高辛酏剂,琥乙红霉素胶囊
血证,田七颗粒,癃清片,肝龙胶囊
星形细胞瘤,替莫唑胺胶囊
心阴虚,冠心生脉丸
血尿,鹿角胶,丙磺舒,复方伸筋胶囊,肾上腺色腙片,排石颗粒,二十八味槟榔丸,八味小檗皮散,八味小檗皮胶囊,十味诃子丸,十味诃子散,结石通茶,结石通片,黄葵胶囊,阿魏酸哌嗪片,肾炎康复片
血栓形成,磷酸川芎嗪片,桂利嗪片,刺五加注射液,曲克芦丁氯化钠注射液,脑血栓片,盐酸川芎嗪注射液,磷酸川芎嗪注射液,注射用磷酸川芎嗪,清开灵注射液,注射用尿激酶,尿激酶,丹参川芎嗪注射液,华法林钠片,磷酸川芎嗪葡萄糖注射液,阿司匹林肠溶胶囊
血管性头痛,天麻素注射液,盐酸倍他司汀片,阿魏酸钠片,复方羊角片,复方羊角颗粒,治偏痛颗粒,乙酰天麻素片,治偏痛胶囊,谷维素
心肌病,环磷腺苷葡胺注射液,酒石酸美托洛尔缓释片,注射用左卡尼汀,注射用环磷腺苷葡胺,盐酸普萘洛尔片,果糖二磷酸钠口服溶液,酒石酸美托洛尔片,注射用盐酸乌拉地尔
消化道出血,二乙酰氨乙酸乙二胺注射液,裸花紫珠颗粒,裸花紫珠胶囊,垂体后叶注射液,裸花紫珠分散片,西咪替丁,裸花紫珠片
小儿厌食症,山麦健脾口服液,薏芽健脾凝胶
小儿泄泻,丁桂儿脐贴
胸膜炎,盐酸环丙沙星片,氢化可的松,鱼腥草素钠片
眩晕,更年安片,杞菊地黄口服液,更年安胶囊,天麻素注射液,桂利嗪片,心可宁胶囊,脑络通胶囊,脑心舒口服液,银杏叶片,杞菊地黄丸,脑得生片,盐酸倍他司汀片,盐酸氟桂利嗪胶囊,丹七片,养血清脑丸
嗅觉障碍,益鼻喷雾剂
血痹,克痹骨泰胶囊,天丹通络胶囊,祖师麻关节止痛膏,脑栓通胶囊
心血瘀阻,精制冠心片,丹参保心茶,双丹胶囊,复方川芎胶囊,大株红景天胶囊,心元胶囊,护心胶囊
纤维瘤,十味香鹿胶囊,乳癖康胶囊,乳癖清片
吸收不良综合征,泛酸钙片
细菌性肺炎,炎可宁片,盐酸米诺环素片,炎可宁胶囊
须癣,灰黄霉素片,盐酸特比萘芬溶液,盐酸特比萘芬片
心气虚,心达康片,柏子养心丸,黄芪注射液,补心气口服液,通心络胶囊,灵芝绞股蓝口服液
血小板减少症,肌苷片,肌苷注射液,利可君片,复方皂矾丸,混合核苷片,益血生胶囊
小儿食积,小儿消积止咳口服液
心房扑动,盐酸维拉帕米片,盐酸艾司洛尔注射液,注射用盐酸艾司洛尔,盐酸胺碘酮片,地高辛片,地高辛,地高辛注射液,地高辛酏剂,盐酸普罗帕酮注射液,盐酸索他洛尔片
小儿盗汗,虚汗停颗粒
性交疼痛,复方八维甲睾酮胶囊
纤维肌痛症,萘丁美酮胶囊
蕈样肉芽肿,甲氨蝶呤片
小细胞肺癌,紫杉醇注射液,磷酸依托泊苷,盐酸埃克替尼片,注射用奈达铂,环磷酰胺,甲氨蝶呤,依托泊苷软胶囊,康莱特注射液,康莱特软胶囊,氯氧喹胶囊
猩红热,头孢克肟分散片,红霉素肠溶片,琥乙红霉素片,红霉素片,依托红霉素片,头孢克肟片,红霉素肠溶胶囊,依托红霉素颗粒,青霉素V钾片,琥乙红霉素胶囊
血栓性静脉炎,注射用棓丙酯,曲克芦丁氯化钠注射液,曲克芦丁片,羟苯磺酸钙胶囊
心阳虚,益心阳口服液
矽肺,异烟肼片,盐酸溴己新葡萄糖注射液
血管瘤,楼莲胶囊
细菌性角膜炎,盐酸左氧氟沙星滴眼液
心源性哮喘,胆茶碱片
消化性溃疡,硫酸庆大霉素缓释片,尿素[13C]胶囊呼气试验药盒,泮托拉唑钠肠溶胶囊,替硝唑胶囊,奥硝唑片,胶体酒石酸铋胶囊,次硝酸铋片,泮托拉唑钠肠溶片,枸橼酸坦度螺酮胶囊,健胃愈疡片,埃索美拉唑镁肠溶片,复方碱式硝酸铋片,庆大霉素普鲁卡因胶囊,胶体酒石酸铋,胶体果胶铋干混悬剂
心脾两虚,人参归脾丸,归脾丸,健脾生血颗粒,五味安神颗粒,刺五加脑灵液,十七味填精胶囊,参芪五味子片,复方扶芳藤胶囊,归脾颗粒,心神安胶囊,眠安康口服液
血管神经性水肿,盐酸异丙嗪片
血管损伤,肾上腺色腙片
新生儿窒息,注射用细胞色素C,细胞色素C注射液
心肾不交,乌灵胶囊,养心安神丸,复方海蛇胶囊
夏季皮炎,止痒消炎水,金蝉止痒颗粒
性障碍,盐酸氯丙嗪片,奋乃静片,骨质宁搽剂,骨健灵膏,七十味珍珠丸,盐酸丙卡特罗口服溶液
癣病,灰黄霉素片,盐酸环丙沙星凝胶,益康倍松乳膏,盐酸环丙沙星乳膏,盐酸特比萘芬溶液,氧氟沙星乳膏,盐酸特比萘芬片
血友病,醋酸去氨加压素,醋酸去氨加压素注射液,注射用醋酸去氨加压素
息肉,金嗓散结丸
细菌性前列腺炎,甲磺酸左氧氟沙星片,乳酸左氧氟沙星片,乳酸环丙沙星氯化钠注射液,氧氟沙星胶囊,三金片,普适泰片
腺瘤,醋酸甲羟孕酮片
心源性休克,二丁酰环磷腺苷钙,生脉注射液,注射用二丁酰环磷腺苷钙
小儿感冒,小儿止咳糖浆,宝咳宁颗粒,小儿七珍丸,小儿感冒宁合剂,小儿感冒宁糖浆,小儿金丹,阿司匹林散
寻常型银屑病,丹青胶囊
系统性红斑狼疮,胸腺肽肠溶片,甲泼尼龙片,胸腺肽肠溶胶囊,狼疮丸,硫酸羟氯喹片
胁痛,元胡止痛片,消炎利胆片,五灵止痛胶囊,元胡止痛胶囊,益肝灵片,龙胆泻肝丸,龙胆泻肝片,清肝利胆口服液,肝维康片,复方益肝灵片,复方大青叶合剂,乙肝宁片,乙肝宁颗粒,二十五味肺病丸,元胡止痛分散片
血管性痴呆,尼麦角林片,奥拉西坦胶囊
胶质母细胞瘤,替莫唑胺胶囊
斜颈,丙戊酸钠缓释片
心肌梗塞,精制冠心颗粒,门冬氨酸钾镁注射液,单硝酸异山梨酯片,马来酸依那普利片,注射用门冬氨酸钾镁,硝酸异山梨酯喷雾剂,丹参川芎嗪注射液,单硝酸异山梨酯缓释胶囊(IV),华法林钠片,生脉注射液,钆喷酸葡胺注射液,马来酸桂哌齐特注射液,丹红注射液,麝香心脑乐胶囊,精蛋白锌胰岛素注射液
胸痹,血塞通滴丸,复方丹参片,丹参片,精制冠心颗粒,芪参益气滴丸,大活络丸,丹七片,银杏酮酯滴丸,脑心清胶囊,黄杨宁片,银杏叶胶囊,活心丸,脑心清片,血塞通分散片,丹红注射液
胸痹心痛,血塞通滴丸,脑心清胶囊,黄杨宁片,脑心清片,血塞通分散片,血塞通片,补心气口服液,七叶神安分散片,冠心丹参滴丸,双丹胶囊,大活络胶囊,心脑清软胶囊,心脑舒通胶囊,通脉养心丸,脂降宁片(安络宁片)
休克,人血白蛋白,二丁酰环磷腺苷钙,注射用细胞色素C,呋塞米片,细胞色素C注射液,注射用果糖二磷酸钠,琥珀酰明胶注射液,生脉注射液,参附注射液,参麦注射液,注射用二丁酰环磷腺苷钙,盐酸去氧肾上腺素注射液
血虚头痛,天麻头痛片
牙龈肿痛,牛黄解毒丸,牙痛一粒丸,牛黄解毒片,牛黄清胃丸,黄连上清片,独一味颗粒,一清颗粒,一清软胶囊,牛黄上清丸,栀子金花丸,冰硼散,清火胶囊,上清丸,齿痛消炎灵颗粒,牛黄上清片
咽炎,咽炎片,咽炎含片,咽炎清片,度米芬含片,头孢克肟胶囊,复方鱼腥草片,小儿咽扁颗粒,阿奇霉素分散片,红霉素肠溶片,琥乙红霉素片,阿莫西林克拉维酸钾分散片,头孢克肟颗粒,乙酰螺旋霉素胶囊,红霉素片,复方金银花颗粒
牙疼,牛黄清火丸,芎菊上清丸,麝香牛黄丸,抗菌消炎胶囊,久芝清心丸,康氏牛黄解毒丸,芎菊上清片
阳痿,仙茸壮阳口服液,仙茸壮阳片,参雄温阳胶囊,益肾灵颗粒,五子衍宗丸,壮元补身酒,益肾液,补肾填精丸,锁阳补肾胶囊,七鞭回春乐胶囊,益肾灵胶囊,强阳保肾丸,五子衍宗片,三鞭胶囊,补肾助阳丸
咽喉炎,银黄颗粒,薄荷喉片,功劳去火胶囊,小儿麻甘颗粒,银黄片,金果饮咽喉片,喉痛灵颗粒,喉痛灵片,金果饮,西地碘含片,溶菌酶含片,橘红痰咳煎膏,溶菌酶肠溶片,橘红痰咳颗粒,银黄滴丸
牙痛,牙痛一粒丸,复方牙痛酊,速效牙痛宁酊,清火栀麦胶囊,氨酚咖匹林片,清火栀麦片,复方乙酰水杨酸片,阿司匹林维生素C泡腾片,萘普生片,四季平安油,精氨酸布洛芬颗粒,清火片,抗菌消炎片,双水杨酯片,四黄泻火片
牙周炎,枸橼酸氯己定口胶,甲硝唑芬布芬胶囊,甲硝唑含片,浓替硝唑含漱液,西地碘含片,甲硝唑口腔粘贴片,蜂胶牙痛酊,氯己定甲硝唑乳膏,齿痛消炎灵颗粒,甲硝唑口颊片,甲硝唑含漱液,七味清咽气雾剂,丁硼乳膏,龋齿宁含片,乙酰螺旋霉素胶囊
幽门螺杆菌,复方雷尼替丁胶囊,庆大霉素普鲁卡因胶囊,枸橼酸铋雷尼替丁胶囊,复方雷尼替丁颗粒,复方盐酸雷尼替丁片,枸橼酸铋钾片,硫酸庆大霉素缓释片,胶体酒石酸铋胶囊,胶体果胶铋干混悬剂,呋喃唑酮片,胶体果胶铋胶囊,枸橼酸铋雷尼替丁片,尿素[13C]胶囊呼气试验药盒,尿素[13C]片呼气试验药盒,克拉霉素胶囊
咽喉肿痛,肿痛安胶囊,复方板蓝根颗粒,北豆根胶囊,牛黄消炎片,牛黄解毒丸,珍黄丸,清火栀麦片,小儿咽扁颗粒,珍黄片,羚羊感冒胶囊,山香圆片,板蓝根含片,小儿清热灵,喉痛消炎丸,银花感冒颗粒
抑郁症,米氮平片,氢溴酸西酞普兰胶囊,盐酸米安色林片,吗氯贝胺片,吗氯贝胺胶囊,盐酸文拉法辛胶囊,草酸艾司西酞普兰片,盐酸度洛西汀肠溶胶囊,盐酸舍曲林片,盐酸多塞平片,马来酸氟伏沙明片,盐酸曲唑酮片,盐酸氟西汀分散片,盐酸文拉法辛片,舒必利片
月经不调,加味益母草膏,四制香附丸,调经丸,艾附暖宫丸,浓缩当归丸,四物颗粒,乳核内消颗粒,益母草膏,逍遥颗粒,乌鸡白凤丸,调经益灵片,益母颗粒,四物益母丸,三合激素注射液,参茸阿胶
阴道炎,盐酸特比萘芬阴道泡腾片,奥硝唑阴道栓,乳酸环丙沙星阴道泡腾片,甲硝唑阴道泡腾片,制霉菌素阴道泡腾片,双唑泰栓,重组人干扰素α2а栓,复方甲硝唑栓,硝呋太尔制霉素阴道软胶囊,替硝唑阴道泡腾片,聚维酮碘栓,甲硝唑氯己定洗剂,盐酸环丙沙星栓,保妇康泡沫剂,复方甲硝唑泡腾片
月经量少,益母草片,益母草颗粒,益母草胶囊,壮元补身酒,妇科调经颗粒,益母草软胶囊,四物膏,四物合剂,康妇灵胶囊,益母颗粒,益母草膏,八珍益母片,阿归养血糖浆,阿归养血颗粒,丹莪妇康煎膏
牙髓炎,人工牛黄甲硝唑胶囊,樟脑苯酚溶液,齿痛消炎灵颗粒,丁硼乳膏,速效牙痛宁酊
腰肌劳损,腰痛片,腰痛丸,美索巴莫片,腰痛宁胶囊,消痛贴膏,腰息痛胶囊,盘龙七片,复方补骨脂颗粒,红茴香注射液,关通舒胶囊,蕲蛇风湿酒,十三味红花丸,吡罗昔康搽剂,壮骨关节丸,归元筋骨宁湿敷剂
阴囊潮湿,前列通瘀胶囊,黄精赞育胶囊,前列舒通胶囊,前列解毒胶囊,前列通瘀片
阳虚,参雄温阳胶囊,参鹿茶,锁阳补肾胶囊,茸地益肾胶囊,刺五加颗粒,鱼鳔补肾丸,茸地益肾口服液,阿胶,刺五加胶囊,益心阳口服液,复方玄驹胶囊,调经促孕丸,刺五加浸膏,胃肠宁片,刺五加片
婴儿腹泻,婴儿健脾口服液
腰疼,阿那日五味散,参茸卫生丸,五味石榴丸,右旋布洛芬口服混悬液,丙戊酸钠缓释片,牡蛎碳酸钙颗粒
腰椎间盘突出症,腰痛宁胶囊,腰痹通胶囊,正骨膏,归元筋骨宁湿敷剂,恒古骨伤愈合剂
牙齿疼,黄连上清丸,清肺抑火片,黄连上清片,莫家清宁丸,清肺抑火胶囊
炎症,复方次没食子酸铋栓Ⅱ,注射用新鱼腥草素钠,柳氮磺吡啶栓,克霉唑阴道片,口炎清颗粒,醋氯芬酸分散片,小儿麻甘颗粒,柳氮磺吡啶肠溶片,氟米龙滴眼液,盐酸萘甲唑啉滴鼻液,醋氯芬酸肠溶胶囊,吲哚美辛滴眼液,复方盐酸麻黄碱软膏,双氯芬酸钠滴眼液,曲安奈德益康唑乳膏
阴囊湿疹,新霉素氟轻松乳膏
乙型肝炎,恩替卡韦胶囊,硫普罗宁肠溶片,替比夫定片,乙型肝炎人免疫球蛋白,乙肝扶正胶囊,乙肝解毒胶囊,阿德福韦酯片,注射用胸腺五肽,肝必复软胶囊,胸腺肽肠溶片,肝苏软胶囊,肝苏胶囊,六味五灵片,清开灵注射液,云芝胞内糖肽胶囊
眼部干涩,氯化钠滴眼液,复方氯化钠滴眼液,聚乙烯醇滴眼液
抑郁性精神障碍,氢溴酸西酞普兰片,盐酸氟西汀片
牙龈炎,浓替硝唑含漱液,一清颗粒,甲硝唑口颊片,一清软胶囊,甲硝唑芬布芬胶囊,西地碘含片,丁硼乳膏,复方氯己定含漱液,盐酸米诺环素胶囊,氯己定甲硝唑乳膏,盐酸米诺环素片,碘甘油,一清片,一清胶囊,丁细牙痛胶囊
预防坏血病,葡萄糖酸钙片,维生素C片,维生素B6片,维生素C咀嚼片,对乙酰氨基酚维生素C片
营养不良,葡萄糖酸锌口服溶液,干酵母片,苯妥英钠片,复合维生素B片,维生素B2片,小儿生血糖浆,枸橼酸铁铵维B1糖浆Ⅱ,葡萄糖酸锌片,富马酸亚铁颗粒,胰岛素注射液,薄芝糖肽注射液,复方赖氨酸颗粒,葡萄糖酸锌颗粒,肠内营养乳剂(TPF-T),肥儿宝颗粒
厌食症,葡萄糖酸锌口服溶液,葡萄糖酸钙锌口服溶液,葡萄糖酸锌片,葡萄糖酸锌颗粒,肠内营养乳剂(TPF-T),山麦健脾口服液,肠内营养乳剂(TP),薏芽健脾凝胶
异食癖,葡萄糖酸锌口服溶液,甘草锌胶囊,硫酸锌口服溶液,葡萄糖酸锌片,赖氨酸维B12颗粒,葡萄糖酸锌颗粒,甘草锌颗粒
腰膝酸软,六味地黄丸,桂附地黄丸,六味地黄胶囊,乌鸡白凤丸,乙肝扶正胶囊,阿胶,龟甲胶,复方玄驹胶囊,六味地黄丸(浓缩丸),蕲蛇风湿酒,六味地黄滴丸,六味五灵片,昆仙胶囊,维血康糖浆,阿胶益寿口服液
抑制排卵,左炔诺孕酮炔雌醚片,左炔诺孕酮肠溶片,炔雌醇片,炔诺酮片,戊酸雌二醇注射液
阴部瘙痒,舒康凝胶剂,消糜阴道泡腾片,保妇康栓,复方黄松洗液,川百止痒洗剂,茵花洗液,洁尔阴洗液,洁尔阴泡腾片,花百胶囊,消糜栓,肤阴洁液
银屑病,卡泊三醇软膏,醋酸氟轻松乳膏,环孢素软胶囊,二丁酰环磷腺苷钙,哈西奈德溶液,克银丸,氨肽素片,百癣夏塔热胶囊,注射用重组人Ⅱ型肿瘤坏死因子受体-抗体融合蛋白,地奈德乳膏,曲安奈德新霉素贴膏,多烯磷脂酰胆碱注射液,哈西奈德乳膏,氟轻松维B6乳膏,丙酸氯倍他索乳膏
原发性肝癌,肝复乐胶囊,慈丹胶囊,葫芦素片,复方氟尿嘧啶口服溶液,养正消积胶囊,回生口服液,复方斑蝥胶囊,康莱特注射液,斑蝥酸钠注射液,斑蝥酸钠维生素B6注射液,槐耳颗粒,金龙胶囊,消癥益肝片,楼莲胶囊
牙龈出血,复方氯己定含漱液,糠甾醇片,五福化毒丸,清热养阴丸,西帕依固龈液,补肾固齿丸
牙周脓肿,复方氯己定含漱液,糠甾醇片
乙肝,乙肝解毒胶囊,苦参素注射液,护肝胶囊,虎驹乙肝片,复方三叶香茶菜片,恩替卡韦片,肝宁片,楼莲胶囊,甘参胶囊
银屑病关节炎,萘丁美酮胶囊
婴幼儿腹泻,蜡样芽孢杆菌活菌胶囊
瘀证,脑络通胶囊,疏肝益阳胶囊,温经活血片,宫瘤消胶囊,血栓心脉宁片,宫瘤宁胶囊,愈心痛胶囊,丹青胶囊,乳安片,前列泰片,前列解毒胶囊,复方地龙胶囊,天芝草胶囊,宫月舒胶囊,宫瘤宁片
晕厥,中风回春胶囊
腰腿痛,麝香祛风湿油,复方水杨酸甲酯苯海拉明喷雾剂,万通筋骨片,云南红药胶囊,关通舒胶囊,双氯芬酸钠缓释片(Ⅰ),曲安奈德注射液,玉龙油,桂龙药膏,补肾健胃二十一味丸,益智温肾十味丸,盐酸乙哌立松,跌打镇痛膏
幽门螺杆菌感染,硫酸庆大霉素缓释片,克拉霉素胶囊,埃索美拉唑镁肠溶片,复方盐酸雷尼替丁片,复方雷尼替丁胶囊,复方雷尼替丁颗粒
幽门梗阻,甲氧氯普胺片
衣原体肺炎,红霉素肠溶片,琥乙红霉素片,红霉素片,依托红霉素片,依托红霉素颗粒,琥乙红霉素胶囊
亚急性湿疹,除湿止痒软膏,氟芬那酸丁酯软膏,羌月乳膏,除湿止痒洗液
牙周病,糠甾醇片,补肾固齿丸
抑郁性神经症,盐酸氟西汀片
婴儿痉挛症,氯硝西泮片
婴儿手足搐搦症,维生素D3
夜盲症,维生素AD软胶囊,维生素A软胶囊,维生素AD滴剂(胶囊型)
厌氧菌感染,乳酸左氧氟沙星氯化钠注射液,甲硝唑片,浓替硝唑含漱液,氯霉素片,氧氟沙星片,盐酸左氧氟沙星注射液,注射用甲磺酸左氧氟沙星,盐酸左氧氟沙星片,替硝唑胶囊,盐酸左氧氟沙星氯化钠注射液,替硝唑氯化钠注射液,奥硝唑片,甲磺酸左氧氟沙星胶囊,奥硝唑分散片,奥硝唑胶囊
翼状胬肉,拨云锭,拨云复光散
硬化症,利鲁唑片,脑心清胶囊,长春西汀葡萄糖注射液,羟苯磺酸钙胶囊,脂脉康胶囊,心脑康胶囊,脑心清片,氨酪酸片,前列地尔注射液,甲磺酸双氢麦角毒碱片,盐酸乙哌立松片,复方牛胎肝提取物片,羟苯磺酸钙片,长春西汀注射液,甲磺酸二氢麦角碱缓释胶囊
阴冷,参茸补肾片
阴囊炎,维生素B2注射液,维生素B2片,核黄素磷酸钠注射液,维生素B2,核黄素磷酸钠
隐孢子虫病,乙酰螺旋霉素胶囊,乙酰螺旋霉素片
鱼鳞病,参归润燥搽剂,复方乳酸乳膏,维胺酯胶囊
腰椎间盘突出,十三味红花丸,归元筋骨宁湿敷剂,恒古骨伤愈合剂,腰痹通胶囊,正骨膏,腰痛宁胶囊
应激性溃疡,奥美拉唑肠溶片,奥美拉唑肠溶胶囊,奥美拉唑,奥美拉唑钠肠溶片
痒疹,冰樟桉氟轻松贴膏,五妙水仙膏,依巴斯汀片,盐酸依匹斯汀胶囊
言语障碍,消栓再造丸
咽部异物,金嗓利咽丸
芽生菌病,氟康唑胶囊,氟康唑片,伊曲康唑胶囊
胰腺炎,清胰利胆颗粒,醋酸甲萘氢醌片,肠内营养混悬液(SP)
有头疽,拔毒膏
阴虚火旺,知柏地黄丸,玄麦甘桔颗粒,石斛夜光丸,口炎清颗粒,大补阴丸,余麦口咽合剂,八味地黄宁心口服液,口炎清片,坤泰胶囊
月经量多,女金丸,十全大补丸,二至丸,十全大补丸(浓缩丸),宫瘤消胶囊
晕动病,盐酸异丙嗪片,茶苯海明片,盐酸苯海拉明片,盐酸地芬尼多片,茶苯海明含片
胰腺癌,尿嘧啶替加氟片,注射用核糖核酸Ⅱ,康力欣胶囊,氟尿嘧啶软膏
痈,注射用克林霉素磷酸酯,大败毒胶囊,复方金银花颗粒,鱼腥草注射液,克林霉素磷酸酯注射液,黄芪颗粒,西黄丸,二丁颗粒,头孢地尼分散片,盐酸米诺环素胶囊,夏枯草颗粒,金钱草胶囊,头孢泊肟酯片,夏枯草膏,蒲公英片
炎症性肠病,柳氮磺吡啶肠溶片,柳氮磺吡啶栓,巴柳氮钠胶囊
一氧化碳中毒,注射用细胞色素C,细胞色素C注射液,氨酪酸片
隐球菌病,氟康唑胶囊,氟康唑片,伊曲康唑胶囊,醋氯芬酸片
药物性皮炎,凉血祛风糖浆
意识障碍,胞磷胆碱钠注射液,肠内营养混悬液(TPF)
硬皮病,积雪苷片,薄芝片,积雪苷霜软膏,狼疮丸
原发性痛经,布洛芬缓释胶囊,双氯芬酸钠缓释胶囊,双氯芬酸钠缓释片
衣原体感染,注射用盐酸大观霉素,十三味红花丸
眼睑炎,氧氟沙星氯化钠注射液,门冬氨酸洛美沙星注射液,头孢地尼分散片,盐酸洛美沙星颗粒,盐酸洛美沙星氯化钠注射液,甲苯磺酸妥舒沙星片,复方磺胺甲噁唑钠滴眼液,头孢地尼胶囊,注射用盐酸洛美沙星,盐酸洛美沙星胶囊,盐酸洛美沙星分散片
原发性高血压,赖诺普利片,非洛地平片,盐酸维拉帕米片,缬沙坦分散片,马来酸依那普利片,呋塞米片,氢氯噻嗪片,复方利血平片,氯沙坦钾片,替米沙坦片,厄贝沙坦氢氯噻嗪胶囊,厄贝沙坦氢氯噻嗪片,富马酸比索洛尔片,胰激肽原酶肠溶片,卡维地洛片
癔病,槟榔十三味丸
药物中毒,葡醛内酯片,复方甘草酸单铵注射液,复方甘草酸单铵S氯化钠注射液,养肝胶囊,复方甘草酸单铵S注射液,硫酸镁
阴虱病,林旦乳膏
郁证,参柴肝康片,参柴肝康软胶囊
恙虫病,四环素片,盐酸美他环素胶囊,盐酸四环素胶囊,盐酸多西环素片,盐酸多西环素胶囊,盐酸美他环素片,盐酸多西环素肠溶胶囊
预激综合征,盐酸普罗帕酮,盐酸胺碘酮片,盐酸普罗帕酮注射液
药物过敏,复方甘草酸单铵注射液,复方甘草酸单铵S氯化钠注射液,五维甘草那敏胶囊,复方甘草酸单铵S注射液
眼底病,胰激肽原酶肠溶片
咽峡炎,头孢氨苄胶囊,头孢氨苄片,葡萄糖酸氯己定溶液,清喉咽合剂,五味麝香丸,酒石酸吉他霉素
药疹,马来酸氯苯那敏片,盐酸苯海拉明片,复方青黛丸,复方青黛胶囊,马来酸氯苯那敏滴丸
异位性皮炎,醋酸氟轻松乳膏,糠酸莫米松乳膏,糠酸莫米松鼻喷雾剂,哈西奈德溶液,哈西奈德乳膏,注射用布美他尼,复方曲安奈德乳膏,盐酸多塞平乳膏,糠酸莫米松凝胶
痔疮,九华痔疮栓,痔疮止血颗粒,痔疮胶囊,麝香痔疮栓,云南白药痔疮膏,熊胆痔疮膏,消肿痔疮片,复方次没食子酸铋栓Ⅱ,苯佐卡因,地榆槐角丸,化痔灵片,痔炎消胶囊,二乙酰氨乙酸乙二胺注射液,槐角丸,复方消痔栓
中暑,十滴水,克痢痧胶囊,人丹,救急行军散,二天油,清血八味片,保济油,液体清凉油,清凉防暑颗粒,十滴水胶丸,苏合香丸,清凉油,万宝油,紫金散,清凉油(白色)
中耳炎,盐酸左氧氟沙星滴耳液,炎可宁片,盐酸洛美沙星滴耳液,吡哌酸胶囊,氧氟沙星滴耳液,氧氟沙星滴眼液,小儿复方磺胺嘧啶散,盐酸林可霉素滴耳液,头孢氨苄胶囊,头孢克肟分散片,氧氟沙星氯化钠注射液,头孢克肟胶囊,注射用克林霉素磷酸酯,复方磺胺甲噁唑片,盐酸环丙沙星片
支气管炎,支气管炎片,满山红油胶丸,满山白颗粒,复方勒马回颗粒,复方枇杷止咳颗粒,牡荆油胶丸,满山白胶囊,满山白片,半夏糖浆,半夏露糖浆,强力枇杷露,咳舒糖浆,半夏露颗粒,肺宁颗粒,硫酸沙丁胺醇片
坐骨神经痛,安络痛片,注射用氯诺昔康,风湿马钱片,汉桃叶片,野木瓜片,美索巴莫片,夏天无胶囊,风湿定胶囊,腰痛宁胶囊,腰息痛胶囊,夏天无片,祖师麻片,罗浮山风湿膏药,美洛昔康胶囊,通滞苏润江胶囊
脂肪肝,水飞蓟宾胶囊,蛋氨酸片,三七脂肝丸,卵磷脂,肌醇片,硫辛酸注射液,复方蛋氨酸胆碱片,谷胱甘肽,甲硫氨酸片,大黄利胆胶囊,强肝胶囊,果糖二磷酸钠口服溶液,复方二氯醋酸二异丙胺片,门冬氨酸鸟氨酸颗粒剂,水飞蓟素
智齿冠周炎,人工牛黄甲硝唑胶囊,齿痛消炎灵颗粒,丁细牙痛胶囊
早泄,参雄温阳胶囊,益肾灵颗粒,五子衍宗丸,壮元补身酒,锁阳补肾胶囊,七鞭回春乐胶囊,益肾灵胶囊,健阳胶囊,五子衍宗片,五子衍宗口服液,人参卫生丸,锁阳固精丸,回春如意胶囊,引阳索,海龙胶
支气管哮喘,布地奈德,布地奈德气雾剂,复方茶碱麻黄碱片,茶碱麻黄碱片,富马酸酮替芬片,硫酸沙丁胺醇片,丙酸倍氯米松气雾剂,哮喘宁片,羧甲司坦片,胆茶碱片,羧甲司坦颗粒,盐酸依匹斯汀片,富马酸酮替芬,复方氨酚愈敏口服溶液,地塞米松磷酸钠注射液
支气管扩张,盐酸氨溴索片,盐酸氨溴索缓释胶囊,盐酸氨溴索口服溶液,舍雷肽酶片,盐酸丙卡特罗片,盐酸氨溴索胶囊,盐酸溴己新葡萄糖注射液,头孢克肟干混悬剂,盐酸氨溴索分散片,乙酰半胱氨酸胶囊,盐酸普鲁卡因注射液,盐酸溴己新片,异丙托溴铵气雾剂,乳酸左氧氟沙星氯化钠注射液,氧氟沙星氯化钠注射液
止咳化痰,半夏糖浆,半夏露糖浆,枇杷叶膏,咳舒糖浆,川贝清肺糖浆,半夏露颗粒,感冒止咳糖浆,桂龙咳喘宁胶囊,十五味龙胆花丸,感冒咳嗽胶囊,感冒咳嗽颗粒,消咳颗粒,益肺胶囊,勒马回片,咳清胶囊
子宫肌瘤,注射用醋酸丙氨瑞林,丹鳖胶囊,宫瘤宁片,复方醋酸棉酚片,断血流片,乳安片,红金消结胶囊,醋酸曲普瑞林注射液,得生胶囊,宫瘤清胶囊,宫瘤消胶囊,注射用醋酸亮丙瑞林微球,断血流胶囊,红金消结浓缩丸,注射用醋酸亮丙瑞林缓释微球
真菌感染,环吡酮胺乳膏,曲安奈德益康唑乳膏,聚维酮碘溶液,酞丁安乳膏,复方苯甲酸酊,伊曲康唑胶囊,灰黄霉素片,复方水杨酸溶液,盐酸特比萘芬溶液,水杨酸复合洗剂,酞丁安搽剂,桉柠蒎肠溶软胶囊,醋氯芬酸片,氟康唑,酮康唑片
直肠癌,卡培他滨片,注射用奥沙利铂,复方氟尿嘧啶口服溶液,替加氟片,抗癌平丸,亚叶酸钙片,卡莫氟片,复方斑蝥胶囊
脂溢性皮炎,复方醋酸地塞米松乳膏,醋酸曲安奈德乳膏,醋酸氟轻松乳膏,硫磺硼砂乳膏,醋酸曲安奈德尿素乳膏,曲咪新乳膏,哈西奈德溶液,克林霉素甲硝唑搽剂,维生素B2片,复方醋酸地塞米松凝胶,林可霉素维B6乳膏,复方酮康唑发用洗剂,硫软膏,地奈德乳膏,复方地塞米松凝胶
子宫内膜癌,醋酸甲地孕酮分散片,醋酸甲羟孕酮分散片,六甲蜜胺胶囊,复方斑蝥胶囊,醋酸甲地孕酮胶囊,醋酸甲羟孕酮片,醋酸甲地孕酮软胶囊
子宫内膜异位症,注射用醋酸丙氨瑞林,醋酸曲普瑞林注射液,达那唑胶囊,复方醋酸棉酚片,散结镇痛胶囊,醋酸甲地孕酮片,炔诺酮片,注射用醋酸亮丙瑞林微球,注射用醋酸亮丙瑞林缓释微球,注射用醋酸亮丙瑞林
足癣,联苯苄唑凝胶,环吡酮胺乳膏,尿素维E乳膏,咪康唑氯倍他索乳膏,盐酸特比萘芬乳膏,联苯苄唑乳膏,曲安奈德益康唑乳膏,复方酮康唑软膏,复方十一烯酸锌曲安奈德软膏,酮康唑乳膏,复方联苯苄唑乳膏,百癣夏塔热片,曲咪新乳膏,复方酮康唑乳膏,盐酸特比萘芬凝胶
子宫出血,缩宫素注射液,复方黄体酮注射液,黄体酮注射液,断血流胶囊,妇科止血灵,肾上腺色腙片,葆宫止血颗粒,复方醋酸棉酚片,注射用缩宫素,三合激素注射液,云南红药胶囊,断血流分散片,断血流片,炔孕酮片,醋酸甲地孕酮片
周围神经病,甲钴胺注射液,甲钴胺胶囊,甲钴胺片,注射用鼠神经生长因子,胰激肽原酶肠溶片,参灵通络胶囊,甲钴胺分散片
紫癜性皮炎,羟苯磺酸钙胶囊
椎管狭窄,丹鹿通督片,千山活血膏
蛛网膜下腔出血,桂利嗪片
肿胀,乳宁片,复方玄驹胶囊,乳宁胶囊,吉祥安坤丸,注射用七叶皂苷钠,正清风痛宁片,夏天无胶囊,盐酸氨基葡萄糖片,肛泰栓,昆仙胶囊,吡罗昔康片,依马打正红花油,夏天无片,吲哚美辛胶囊,吲哚美辛肠溶片
子宫肥大,产后逐瘀片
椎间盘突出症,归元筋骨宁湿敷剂,恒古骨伤愈合剂,腰痹通胶囊,正骨膏,腰痛宁胶囊
壮热,清瘟解毒丸
组织胞浆菌病,氟康唑胶囊,氟康唑片,伊曲康唑胶囊,酮康唑片
智能障碍,奥拉西坦注射液,奥拉西坦胶囊
枕大神经痛,天麻素注射液
阻塞性肺气肿,氨茶碱片,茶碱缓释片,盐酸班布特罗片,复方羟丙茶碱去氯羟嗪胶囊,肺气肿片,硫酸特布他林气雾剂,金咳息胶囊
燥邪犯肺,蛇胆川贝枇杷膏
支原体感染,复方甲硝唑阴道栓
支气管肺炎,盐酸环丙沙星片,鱼金注射液,盐酸米诺环素片,小儿肺热咳喘颗粒
子宫脱垂,黄芪颗粒,黄芪片
支原体肺炎,红霉素肠溶片,琥乙红霉素片,红霉素片,克拉霉素胶囊,依托红霉素片,红霉素肠溶胶囊,依托红霉素颗粒,琥乙红霉素胶囊
自闭症,槟榔十三味丸
植物神经紊乱,三磷酸胞苷二钠
真菌性角膜炎,氟康唑滴眼液,伊曲康唑胶囊
中风后遗症,脑络通胶囊,灯盏花素分散片,尼麦角林片,注射用己酮可可碱,灯盏花素片,灯盏花素注射液,抗栓再造丸,甲磺酸双氢麦角毒碱片,注射用灯盏花素,消栓再造丸,益脑宁片,灯盏生脉胶囊,玉金方胶囊,甜梦胶囊,银丹心脑通软胶囊
直肠炎,九华膏,诃苓止泻胶囊
掌跖脓疱病,丙酸氯倍他索乳膏
躁狂症,盐酸氯丙嗪片,氟哌啶醇片,碳酸锂片,碳酸锂缓释片,槟榔十三味丸
自汗,生脉饮,十全大补膏,蛤蚧定喘丸,乙肝扶正胶囊,辛芩颗粒,玉屏风口服液,芪参益气滴丸,黄芪颗粒,屏风生脉胶囊,生脉饮(党参方),健儿消食口服液,脑灵素片,十全大补丸,五味子颗粒,十全大补丸(浓缩丸)
周围神经炎,维生素B1,三维B片
主动脉夹层,酒石酸美托洛尔缓释片,酒石酸美托洛尔片
早搏,盐酸利多卡因注射液,盐酸莫雷西嗪片,盐酸胺碘酮片,氯化钾片,丹参酮ⅡA磺酸钠注射液,参松养心胶囊,参龙宁心胶囊,心肝宝胶囊,盐酸索他洛尔片,稳心颗粒,盐酸安他唑啉片
周期性麻痹,氯化钾片,氯化钾缓释片
重症肌无力,氢溴酸加兰他敏注射液,甲硫酸新斯的明注射液,溴吡斯的明片
脂溢性脱发,除脂生发片,养血生发胶囊,复方斯亚旦生发酊,天麻首乌片,天麻首乌胶囊,除脂生发胶囊
中风,依达拉奉,辛伐他汀胶囊,脑络通胶囊,灯盏花素分散片,尼麦角林片,依达拉奉注射液,脑血栓片,脑得生片,大活络丸,注射用己酮可可碱,人参再造丸,同仁牛黄清心丸,苏合香丸,灯盏花素片,夏天无胶囊
早产,盐酸氨溴索注射液
子痫,灭菌前列腺素E2溶液,硫酸镁,羚羊角胶囊,羚羊角颗粒
子宫内膜炎,盐酸环丙沙星片,注射用盐酸克林霉素,妇乐片,宫炎康颗粒,妇科止带胶囊,复方杏香兔耳风胶囊,妇科止带片,产后逐瘀片,妇炎净片,替硝唑片,花红颗粒,奥硝唑氯化钠注射液,妇乐颗粒,奥硝唑片,复方杏香兔耳风片
怔忡,同仁安神丸,血府逐瘀颗粒,参附注射液,安神丸,抑亢丸,通脉养心丸,血府逐瘀丸,血府逐瘀胶囊
症瘕,大黄 虫丸,脉血康胶囊,二十六味通经散,得生片,得生胶囊,阿魏化痞膏,活血通脉胶囊,榄香烯口服乳
自身免疫性疾病,注射用胸腺五肽,胸腺肽肠溶片,胸腺肽肠溶胶囊
灼痛,三维制霉素栓,复方氯霉素栓,坐珠达西,复方双花口服液,复方清带灌注液,妇炎灵泡腾片,西沙必利胶囊,结石通茶,结石通片,西沙必利片,铝碳酸镁片
早期乳腺癌,阿那曲唑片
椎管狭窄症,丹鹿通督片
自身免疫性肝炎,雷公藤多苷片,雷公藤多甙片
主动脉瓣狭窄,地高辛酏剂
转移性肝癌,注射用盐酸表柔比星,氟尿嘧啶软膏
中满,梅苏颗粒
再生障碍性贫血,环孢素软胶囊,氨肽素,甘露聚糖肽口服溶液,氨肽素片,甘露聚糖肽片,甘露聚糖肽胶囊,十一酸睾酮注射液,复方皂矾丸,惠血生胶囊,益血生胶囊,重组人粒细胞集落刺激因子注射液,短棒状杆菌制剂