喘息,无
咳嗽,无
皮肤瘙痒,无
肚子疼,无
全身过敏反应,无
下腹胀痛,无
输尿管梗阻,无
尿痛,无
腰部包块,无
淋巴结肿大,无
下腹部包块,无
下腹部钝痛和酸胀感,无
乏力,无
咳血,无
体重减轻,无
蚊虫刺咬炎症,无
关节肿痛,无
斑丘疹,无
水肿,无
皮肤搔痒,无
肾气虚,无
肝火,无
痰火郁结,无
脾胃虚弱,无
异位性心动过速,无
心动过速,无
剧痛,无
烧伤创面淡黄色粘稠分泌物,无
烧伤创面甜腥气味的粘稠分泌物,无
烧伤后恶心与呕吐,无
烧伤后脉搏增速,无
多尿,无
脓尿,无
肾小管重吸收障碍,无
多饮,无
尿糖,无
日轻夜重的瘙痒,无
瘙痒,无
大腿内侧红斑,无
腹股沟痒,无
拇、食、中三指有放射痛,无
腕部疼痛,无
手腕在大拇指侧的疼痛,无
肌肉萎缩,无
食指和中指僵硬痛麻,无
胀痛,无
呕恶纳呆,无
嗳气,无
便下恶臭,无
舌苔厚腻,无
手部功能完全丧失,无
血管伤,无
关节痛,无
脓性分泌物,无
充血,无
白细胞增多,无
脓肿,无
吞咽困难,无
收缩期杂音,无
抽搐,无
腹部血管杂音,无
蛋白尿,无
头晕,无
创伤,无
尿外渗,无
腹部不适,无
高热,无
疼痛,无
儿茶酚胺分泌过量,无
心脏扩大,无
皮肤苍白,无
功能性震颤,无
恶心,无
死精子过多,无
耳鸣,无
精子稀少,无
精液稀,无
驼背,无
代偿性腰椎前凸,无
轻瘫,无
溃疡,无
结痂,无
乳房肿块,无
普秃,无
毛发色淡而呈棕色,无
病理性脱发,无
毛发脱落,无
毛发异常,无
腰大肌阴影消失,无
发烧,无
体型异常,无
口角生疮,无
点状痤疮,无
丘疹性痤疮,无
萎缩性痤疮,无
腰骶部或下腰部疼痛,无
慢性肾功能不全,无
孤立肾,无
血压高,无
视力障碍,无
筋膜疼痛,无
肌肉酸痛,无
浅筋膜炎,无
关节挛缩,无
低烧,无
上肢外展上举困难,无
青枝骨折,无
瘀血,无
胁部肿胀,无
压痛,无
看东西有重影,无
视物模糊,无
眼疲劳,无
头痛,无
头昏,无
肝转移,无
烦躁不安,无
腹部肿块,无
气血失和,无
肝脾肿大,无
斑疹,无
关节疼痛,无
浮脉,无
虚脉,无
脾气虚,无
胎儿水肿,无
纸样胎儿,无
双胎静脉吻合,无
智力减低,无
记忆力障碍,无
定向力障碍,无
智力发育迟缓,无
轻度精神发育迟滞,无
黏液性水肿,无
食管对称性膨大,无
恶性贫血,无
烂嘴角,无
唇干裂,无
毛细血管扩张,无
痛性红舌,无
血小板减少,无
皮肤潮红肿胀,无
被害妄想,无
疲劳,无
忧郁,无
痴笑,无
闪回,无
嗜睡,无
四肢发冷,无
心动过缓,无
尿急,无
视野缺损,无
视网膜脱离,无
眼前异常闪光，增加的黑点,无
视物变小,无
眼痛,无
结节,无
食欲不振,无
丘疹,无
脾虚,无
气血凝滞,无
反胃,无
胸骨后疼痛,无
紧张,无
声调似小孩,无
糖类皮质激素分泌过少,无
抑郁,无
无胡须,无
尿频,无
肾盏变钝,无
肢体运动不协调,无
肢体忽冷忽热，时红时白,无
肢体变细变短,无
舞蹈样不自主运动,无
四肢瘫痪,无
消化不良,无
皮疹,无
恶心与呕吐,无
小脑性共济失调,无
人格改变,无
复视,无
紫癜,无
鳞屑,无
脓包,无
伤口愈合发痒,无
烧伤创面焦痂提前潮解、脱落或出现虫咬样变化,无
鼻泪管阻塞,无
骨质破坏,无
鼻衄,无
牙疼,无
流泪,无
手麻,无
残株型骨折,无
压缩型骨折,无
头皮屑多,无
步态不稳,无
感觉障碍,无
骨痹,无
麻痹,无
水湿不化,无
食管出血,无
食管反流症状,无
食管梗阻,无
吞咽痛,无
腹胀嗳腐,无
乳食不化,无
营养障碍,无
生长缓慢,无
肌腱断裂,无
指间关节不能屈曲,无
肌腱端炎,无
肌腱粘连,无
肌肉砸伤,无
皮下囊肿,无
脑脊液鼻漏,无
囊肿,无
鼻塞,无
紧张性头晕,无
间歇性头晕,无
目赤,无
肠鸣,无
腹胀,无
嗳腐,无
手臂肌肉拉伤,无
拇食指捏物功能障碍,无
手腕长骨刺,无
肌肉拉伤,无
咽痛,无
咽部有异物感,无
镜面舌,无
呼吸困难,无
发音障碍,无
口唇常无力而不能鼓气,无
舌肌萎缩,无
上尿路结构和功能损害,无
逼尿肌反射亢进,无
排尿不畅,无
无尿,无
呕吐苦水,无
电脑失写症,无
手部震颤,无
肌张力过高,无
气喘,无
腹痛伴腹泻,无
肝肿大,无
胃肠道出血,无
紫绀,无
寒战,无
尿崩,无
低氧血症,无
松果体区占位病变,无
动眼神经麻痹,无
对光反射迟钝,无
共济失调,无
松果体钙化移位,无
胃脘饱胀,无
粘膜有粘着性白斑,无
持续性发热,无
干咳,无
怕冷,无
情绪性疲劳,无
神志不清,无
神志淡漠,无
气管受压,无
气管移位,无
便血,无
消瘦,无
眶周青紫,无
舌运动受限,无
环咽部运动障碍,无
舌骨区有肿胀压痛,无
舌痛,无
水泡,无
水痘结痂,无
疱疹,无
四肢畸形,无
面容憔悴早老,无
呼吸异常,无
呼吸衰竭,无
女性不孕,无
输卵管堵塞,无
阴道分泌物增多,无
继发性不孕,无
囊肿性痤疮,无
疥疮结节,无
痤疮样皮疹,无
声音嘶哑,无
咽痛声哑,无
注意力不集中,无
颅内压增高,无
肾上腺转移,无
向心性肥胖,无
皮质醇增多,无
颌突畸形,无
下颌前突,无
牙齿异常,无
张嘴颌骨响,无
手表皮深处的水疱,无
红晕,无
脓疱,无
手上有小水泡,无
肌肉痉挛性疼痛,无
肢体僵硬感,无
肢体不自主震颤,无
震颤性肌强直，运动徐缓,无
肌肉颤动,无
食物误入气道,无
震水音,无
胸痛,无
踝部凹陷性水肿,无
胫前和足部坚硬的非凹陷性水肿斑块,无
胫前指压性水肿,无
肢体的非凹性水肿,无
输尿管痉挛,无
癌性输尿管狭窄,无
肾盂积水,无
角膜混浊,无
少尿,无
肾部积水现象,无
腹水,无
阴道出血,无
卵巢性闭经,无
子宫性闭经,无
浑身酸痛,无
周身不适,无
大便溏泄,无
舌苔黄,无
手、足部厚壁水疱,无
进食困难,无
神疲乏力,无
皮肤皲裂,无
发炎,无
右上腹痛,无
耳下区的韧实肿块,无
腮腺区肿大,无
腮腺无痛性肿块,无
流涎,无
下肢红斑结节,无
脓苔,无
颈静脉怒张,无
剧烈疼痛,无
脉压增宽,无
水冲脉,无
左心室肥厚,无
上腹部疼痛,无
腰部钝痛,无
血尿伴蛋白尿,无
苔黄腻,无
四肢无力,无
皮肤发黄,无
烦热,无
四肢酸痛无力,无
隐痛,无
腹部压痛,无
腹肌紧张,无
内出血,无
十二指肠狭窄,无
意识改变状态,无
反复抽搐,无
昏迷,无
皮下结节,无
进行性颈部肿块,无
恶病质,无
脱皮,无
食管腔梗阻,无
输卵管粘连,无
下腹痛,无
感觉过敏,无
四肢麻木,无
男性小腹坠痛,无
新生儿蛋白尿,无
局限性肾坏死,无
头目晕沉,无
胸闷,无
腹肌强直,无
瘀斑,无
玫瑰疹,无
指节增粗,无
小腹冷痛,无
孕中期腹痛,无
咽部异物感,无
咽颊部烧伤,无
梗噎,无
吞咽障碍,无
输尿管间脊肥大,无
输尿管囊肿,无
尿酸代谢亢进,无
昏睡,无
血压下降,无
甲状旁腺功能亢进,无
继发感染,无
压力和体位性多汗,无
出汗异常,无
面、颈部味觉性多汗,无
遗精,无
射精疼,无
器质性早泄,无
精液少,无
肾前性肾功能不全,无
发绀,无
弯腰时腰痛,无
肾区压痛,无
肾区叩击痛,无
钙沉积,无
夜盲,无
中心暗点扩大,无
病理性近视,无
口及咽部烧灼感,无
上腹不适,无
食管间隙形成肿块,无
淋巴结结核,无
复杂性尿路感染,无
手指末端持续对称性刺痛麻木,无
盲点,无
偏盲,无
视野缩小,无
肩胛放射性疼痛,无
食管黏膜呈管型剥脱,无
红色盲,无
蓝黄色弱,无
色觉异常,无
绿色弱,无
蓝黄色盲,无
无力,无
钝痛,无
下肢弥漫性水肿,无
舒张期奔马律,无
逸搏出现,无
劳力性呼吸困难,无
硬腭呈半圆形隆起,无
泪溢,无
带血粘脓鼻涕,无
面部麻木,无
肩痛,无
非感染性发热,无
多形红斑样皮疹,无
剥脱性皮炎,无
上腹部肿块及腹胀,无
噎痛感,无
颜面潮红,无
荨麻疹样皮疹,无
肾动脉硬化,无
食管腔狭窄,无
低蛋白血症,无
肝功能异常,无
盗汗,无
爪状趾,无
脾肾阳虚,无
皮肤含铁血黄素沉着,无
胎痣,无
血管痣,无
流感样症状,无
肌肉纤维震颤,无
唾液分泌增多,无
复杂性醉酒,无
喝酒后胃疼,无
喝酒后呕吐,无
低位腰痛,无
心音低钝,无
缓脉,无
黑蒙,无
瞳孔出现黄白色反光,无
眼压升高,无
消耗性体重下降,无
稽留热,无
不规则热,无
肠出血,无
反应迟钝,无
下腹疼痛,无
肾动脉阻塞,无
管型尿,无
肾小球滤过率下降,无
空间感知障碍,无
幻觉,无
视觉失认,无
恶寒,无
痰湿体质,无
烦渴饮冷,无
额上汗出,无
湿热内蕴,无
意识丧失,无
性交困难,无
白色恶露,无
皮肤肥厚,无
输尿管扩张,无
睑结膜沙粒外观,无
结膜充血,无
睑结膜的巨大乳头,无
眼皮下垂,无
小便短赤,无
疲乏,无
四边孔处的局限压痛,无
肾损害,无
冻结肩,无
肌腱囊肿,无
臂丛神经受累,无
肺部感染,无
脊髓压迫,无
妊娠斑,无
日晒斑,无
黑斑,无
皮肤痛,无
持续性疼痛,无
黏膜损害,无
轻度痛,无
眼球运动障碍,无
鼻溢液,无
排尿障碍,无
男子性功能障碍,无
眼睑下垂,无
眼睑松弛,无
上眼睑增厚松弛,无
剥夺性弱视,无
霍纳综合征,无
努嘴伸舌,无
知觉消失,无
伤寒面容,无
中枢性发热,无
手脱皮,无
皮肤干燥,无
肾上腺中毒,无
进行性消瘦,无
细胞色素C氧化酶缺乏症,无
食管下括约肌张力下降,无
念珠菌感染,无
过早衰老,无
腰膝酸软,无
健忘,无
下腰部疼痛,无
血浆胆固醇水平高,无
全身持续性水肿,无
高血脂性血管损害,无
卧床不起,无
构音障碍,无
面神经瘫痪,无
胃灼热,无
全血细胞减少,无
蠕动感,无
风团,无
光反射消失,无
眼底出血和渗出,无
角弓反张,无
苦笑面容,无
惊厥,无
口咽异物,无
口唇周围有炎性鳞状皮肤,无
口唇严重充血呈红色,无
色素性皮损,无
呛咳,无
钟摆征,无
咬伤愈合的伤口出现痛痒或麻木,无
晕厥预兆,无
劳力性晕厥,无
单纯性晕厥,无
感染诱发昏迷,无
中度昏迷,无
深昏迷,无
面色苍白,无
咽喉炎,无
肠壅积,无
畏光及流泪,无
眼球垂直运动障碍,无
眼肌麻痹,无
两眼上视障碍,无
癫痫和癫痫样发作,无
血管杂音,无
颈椎关节的根性疼痛,无
神经根刺激,无
脊神经根受损,无
颈部疼痛,无
脉压小,无
微炎症状态,无
糖代谢紊乱,无
高同型半胱氨酸血症,无
尿蛋白,无
颤抖,无
糖尿,无
抽风,无
肌肉挛缩,无
手的歪扭畸形,无
单侧及假性手足徐动,无
不自主运动,无
新生儿手足徐动,无
喉咙痛,无
喉部刺痛,无
咽喉疼痛,无
出生后“四凹征”,无
喉部有痰,无
端坐呼吸,无
下肢浮肿,无
恐惧,无
精神变态,无
精神创伤,无
发作时精神障碍,无
中度精神发育迟滞,无
早晨上下眼睑粘连,无
眼球压痛,无
继发性视神经萎缩,无
视野向心性缩小,无
舌乳头增生,无
舌体肥大,无
睡眠呼吸暂停,无
睡眠节律紊乱,无
打呼噜,无
动脉粥样硬化,无
体内水钠潴留,无
弥漫性下腰痛,无
肛门病变,无
食管溃疡,无
阴部溃疡,无
肾脓肿,无
关节肿胀,无
关节肿大,无
关节积液,无
食管痉挛,无
扁桃体充血肥大,无
扁桃体肥大,无
扁桃体发炎,无
扁桃体上有灰色膜,无
扁桃体充血,无
单眼突然出现一过性黑蒙,无
头昏想睡觉,无
昏睡病,无
猝倒,无
肉芽肿,无
局部游走性红斑,无
搏动性头痛,无
热结节,无
湿热,无
两眼下视不能,无
脉洪而芤,无
男性化,无
盆腔包块,无
口咸,无
腰背刺痛,无
肾阴虚,无
面部闪电疼痛,无
脸部疼痛,无
面痛,无
三叉神经分布区麻木感,无
胁肋灼痛,无
急性腹痛,无
下腹坠痛,无
停经,无
视力常呈雾状模糊感,无
眼底改变,无
昼盲,无
口干,无
口苦,无
鱼鳞癣样红皮,无
异常鱼鳞癣,无
皮肤软组织感染,无
油腻性鳞屑,无
全身弥漫性潮红,无
胎儿宫内窒息,无
胎动过频,无
胎动改变,无
紫绀和血缺氧,无
胎心率改变,无
臀部放射痛,无
烦渴多饮,无
易倦感,无
血压低,无
心前区重压感,无
气短,无
纳差,无
角膜溃疡,无
畏光,无
红眼,无
肝脏肿大,无
智能减退,无
Q-T间期延长,无
心室扑动,无
毛发呈脱发祥,无
胎粪污染,无
高碳酸血症,无
红细胞增多,无
不全流产,无
女性小腹疼痛,无
阴道流血过多,无
舌苔白润,无
兔唇,无
多指（趾）畸形,无
并指（趾）畸形,无
头大畸形,无
肢体短缩畸形,无
热痰口臭,无
虚火,无
咽喉不利,无
痰火上壅清窍,无
气急,无
喉中痰鸣,无
小儿哭闹不安,无
粪样呕吐物,无
一时性便秘,无
拒食,无
糙皮病样皮疹,无
头皮痒,无
食欲缺乏,无
血红蛋白尿,无
足跟痛,无
顽固性疼痛,无
口鼻血性分泌物,无
树胶肿,无
双耳廓发育不全,无
淋巴发育不全,无
永久性秃发,无
心悸,无
胸闷憋气,无
头重足轻,无
组织液渗出,无
组织坏死,无
排痰无力,无
夜间头痛,无
儿童头痛,无
牵涉性头痛,无
皮肤出血点,无
皮下血肿,无
外伤性出血,无
头皮撕裂伤,无
头皮撕脱伤,无
皮肤撕脱伤,无
头皮不规则裂口,无
头皮平直裂口,无
皮肤疖痈,无
听力缺陷,无
传导性耳聋,无
耳痛,无
耳前庭听觉失衡,无
听力障碍,无
烧心,无
早饱,无
失眠,无
色素异常,无
胎膜早破,无
皮肤胎痣,无
胚胎发育障碍,无
听力下降,无
复聪现象,无
耳堵,无
眼睑震颤,无
空腹低血糖,无
足癣,无
胎位不正,无
螺旋形骨折,无
纵行骨折,无
视觉识别障碍性眩晕,无
短暂性眩晕,无
外眼源性眩晕,无
耳源性眩晕,无
体位性眩晕,无
肿瘤性脱发,无
梳头或洗头时头发脱落增加,无
发作性眩晕,无
震颤,无
视乳头水肿,无
脑桥小脑角综合征,无
立卧心率差数,无
心尖搏动弥散,无
传导阻滞,无
颅内出血,无
易昏厥,无
一过性昏厥,无
气急喘盛,无
尿酸盐在关节内沉积增多,无
血偏酸,无
截瘫,无
面肌强直,无
面纹消失,无
肌张力降低,无
听力减退,无
孤独症,无
空虚症,无
放屁频频,无
食欲下降,无
吞气,无
肝衰竭,无
易激惹,无
行为及情绪异常,无
感觉迟钝,无
间歇性跛行,无
足底溃疡,无
全身过敏和发热皮疹关节痛,无
热痛,无
血热,无
臀产式,无
胎儿不完全臀先露,无
胎儿单臂先露,无
临产后阵痛剧烈,无
投掷动作(颤搐),无
局部压痛,无
腕部肿胀压痛,无
颅内感染,无
阴囊肿大,无
阴茎和阴囊水肿,无
阴囊肿胀,无
阴囊瘙痒,无
阴囊下坠,无
搭肩试验阳性,无
关节扭伤,无
关节酸痛,无
足背及胫后动脉搏动减弱,无
剧痒,无
色素脱失,无
胆绞痛,无
钙化,无
胃肠气胀,无
舌炎,无
脾肿大,无
易激动,无
跖纹,无
胎儿生长发育迟缓,无
胎盘老化,无
窒息,无
鼻唇沟发红皲裂,无
细菌感染,无
血管舒张性虚脱,无
虚脱,无
月经量多,无
肢端缺血,无
顽固性失眠,无
继发性失眠,无
情绪性失眠,无
紧张性失眠,无
入睡障碍性失眠,无
反复感染,无
呼吸浅慢,无
双手轮替动作笨拙,无
腹膜刺激征,无
第1跖趾关节疼痛和肿大,无
关节畸形,无
耳道堵塞,无
耳屎多,无
毛囊性呈鳞片状角化,无
上半身热刺激性多汗,无
痛风结节,无
心肌肥厚,无
器质性心脏病,无
肥胖,无
皮肤水疱，后形成黑色干痂,无
背痛,无
脊柱弯曲,无
脊髓病变,无
腰部僵硬及腰前凸消失,无
婴儿脊柱侧凸,无
鲜红斑痣,无
脸上黑斑,无
浅褐色色素斑,无
网状色素沉着斑,无
膝内翻,无
剧烈运动后头晕,无
眼花,无
脱水热,无
失钠多于失水且血清钠浓度低,无
焦虑,无
脾气变坏,无
胃痉挛,无
马凡氏综合征,无
尿中有特殊鼠臭味,无
胸廓畸形,无
脊柱侧弯,无
全秃,无
全头痛,无
多汗恶风,无
粪便中发现白色节片,无
指甲出现条纹或斑点,无
低血糖性昏迷,无
高渗性昏迷,无
周围神经损害,无
脉浮紧,无
躁狂,无
高热寒战,无
类似荨麻疹的皮肤潮红斑块,无
耳后淋巴结肿大,无
头皮触痛,无
眼睑浮肿,无
咳痰,无
室颤阈值降低,无
手抽筋,无
小腿溃疡,无
静脉曲张,无
妊娠时伴有腹痛的阴道流血,无
子宫有局限性轻压痛,无
妊娠时持续性腹痛或腰酸腰痛,无
宫缩乏力,无
子宫颈扩张,无
脐带血循环障碍,无
肝功能不全,无
心脏增大,无
脑膜刺激征,无
脑神经麻痹,无
角膜反射迟钝,无
胰岛细胞破坏,无
食欲减退,无
胎搐,无
胎黄,无
息肉,无
手的搓丸样动作,无
静止性震颤,无
视物变形,无
晶状体混浊,无
青春期身体发育缓慢,无
外阴幼稚,无
后发际低,无
颈短,无
肥胖并痛性结节或脂肪块,无
青春期肥胖,无
衰弱,无
胚胎停止发育,无
视网膜出血,无
玻璃体有血迹,无
皮肤萎缩和色素沉着,无
痱疹样皮疹,无
出汗减少,无
点状出血,无
食欲较差,无
上腹部包块,无
外阴皮肤肿胀,无
外阴烧灼刺激感,无
会阴溃疡,无
局部淋巴结肿大,无
情绪性头痛,无
胃粘膜呈萎缩性改变,无
肢体疼痛,无
寒热交作,无
肛门瘙痒,无
胃部隐痛,无
吞酸,无
溃疡龛影,无
外阴肿胀,无
排尿时外阴灼热、瘙痒或疼痛,无
进食呕吐,无
阴道血性分泌物,无
骨软化,无
耻区肿块,无
溃疡外观呈菜花样,无
胃寒疼痛,无
肢体发凉,无
溃疡分泌物恶臭,无
皮肤坏死,无
意识模糊,无
颅内高压,无
呕血,无
大便黑色,无
疖肿,无
腹股沟淋巴结肿大,无
皮肤出现硬块,无
冠状动脉痉挛,无
放射性疼痛,无
强迫停立位,无
神志模糊,无
月经稀少,无
外阴萎缩,无
阴道粘连甚至闭锁,无
阴唇融合,无
阴道闭锁,无
精冷不育,无
睾丸微小,无
肩关节痛,无
皮下气肿,无
皮下组织水肿,无
脂肪代谢障碍,无
脓血性白带,无
蜂窝组织炎,无
囊性肿块,无
外阴下坠感,无
性交疼痛,无
外阴压痛,无
面色潮红,无
肝功能衰竭,无
高促胃泌素血症,无
胃肠道症状,无
白甲,无
白细胞减少,无
毛孔角化过度,无
呼吸急促,无
耳围凹陷,无
耳廓癣,无
耳痒,无
耳硬化症,无
神经痛,无
“三偏”症,无
旋转性眩晕,无
剧烈眩晕，站立不稳,无
出冷汗,无
外耳道癣,无
耳内流脓,无
真菌感染,无
耳流脓,无
胃粘膜脱垂,无
单次发作抑郁症,无
迫害妄想,无
机械地重复周围人的言语或行为,无
偏执性妄想,无
自恋,无
无活动性结核病灶,无
肠穿孔,无
移动性浊音,无
散脉,无
情绪低落,无
肌性肌无力,无
肩带肌、上肢和胸背部诸肌的肌无力和肌萎缩,无
脂肪泻,无
骨痛,无
单纯骨折,无
月经周期改变,无
不排卵,无
阴道不规则出血,无
捻发音,无
外耳道疼痛,无
间歇性耳痛,无
血性耳分泌物,无
咖啡斑,无
色素沉着,无
产后便血,无
产后恶露不净有臭味,无
反复出血,无
产后发热,无
血栓脱落,无
中心暗点或弓形暗点,无
外阴白斑,无
耳漏,无
视力视野改变,无
维生素D中毒,无
晶状体脱位或半脱位,无
虹膜缺损,无
单眼失明,无
进食样自动症,无
癫痫性人格改变,无
肌阵挛,无
静脉栓塞,无
红斑结节,无
包皮粘连,无
耳道异物,无
耳垂过大,无
粪便量多,无
恶食酸物,无
胃肠功能不良,无
小胃综合征,无
小指半月甲呈粉红色,无
细菌性心内膜炎,无
红肿奇痒,无
脂溶性维生素缺乏,无
齿龈出血,无
消化道穿孔,无
良性溃疡改变,无
咳出带臭味的干痂,无
咳声嘶哑,无
喉部淋巴滤泡增生,无
腭舌咽呼吸肌呈对称性弛缓性轻瘫,无
围产期心肌病变,无
房性早搏,无
右心衰竭,无
大块肝细胞坏死,无
耳顶线以下至发际处痛觉过敏或减退,无
大阴唇或肛门大小不等、质软无压痛包块,无
脑实质的浸润,无
脑炎样改变,无
非血性腹水,无
腹部逐渐胀大,无
维生素E缺乏,无
空腹时腹部有振水声者,无
脘痞腹胀,无
齿迟,无
行迟,无
语言发育迟缓,无
婴儿步行晚,无
瘤体坚硬,无
瘤细胞浸润,无
左腹屈曲,无
突发性疼痛,无
血流不畅,无
心率增快,无
肾小管萎陷,无
胃疼,无
强硬舌,无
尿黄似浓茶,无
舌质红绛,无
人工荨麻疹,无
日光照射引起皮肤过敏,无
腹部皮肤出现白纹、粉红色或紫纹,无
妊娠纹,无
皮肤花纹,无
手足麻木,无
尿后滴沥,无
慢性溃疡,无
臀沟内似夹着异物样的难受及不愉快感,无
尾部疼痛而拒坐,无
尾骶部疼痛,无
尾骨压痛及异常活动,无
胃排空延缓,无
胃窦动力低下,无
胃容纳性减弱,无
周身出汗,无
血性渗液,无
鼻黏膜和鼻甲萎缩,无
鼻粘膜溃疡和萎缩,无
鼻臭症,无
鼻孔干疼,无
黏膜稍苍白,无
苔藓样变,无
心前区隐痛,无
胃纳差,无
胃纳减退,无
骨硬化,无
石骨症,无
骨外团块,无
脓血便,无
会阴瘘管或窦道形成,无
尾部中线有细小凹坑但无任何感觉,无
手腕肿痛及掌屈活动受限,无
粉碎性骨折,无
皮损可呈角样突起,无
阔韧带内形成血肿,无
乳房胀痛,无
皮肤瘀斑,无
牙齿咬合无力,无
双手活动软弱无力,无
肌肉发育不良,无
舌无力且不能随意伸缩回旋。,无
颈部搏动,无
颈部粗,无
皮肤转移,无
无汗腺导管角质护膜分化,无
炎性细胞浸润,无
胃肠淋巴回流受阻,无
炎性损害,无
蚁走感,无
头颈部活动受限,无
乳头状肿物,无
弦脉,无
紧脉,无
厌食,无
血痂,无
反酸,无
平卧呼吸困难,无
双耳廓缺损,无
挖耳出血,无
四叠体受压,无
情感淡漠,无
眼裂歪斜,无
色觉丧失,无
翻身困难,无
运动功能障碍,无
腕枪刺状畸形,无
嗅觉丧失,无
眼结膜上出现瘀点,无
硬化,无
板状腹,无
肝浊音界缩小或消失,无
外阴损伤,无
胃石形成,无
肚脐疼,无
稀便,无
肌痛,无
胆管断裂,无
小胆管扭曲,无
黑痣,无
体循环淤血,无
巨胃窦症,无
溃疡外观呈火山口样,无
淋巴液流出,无
淋巴结充血,无
胃内翻腾或搅拌感,无
腹腔感染,无
皮肤青紫色改变,无
皮肤变薄发亮,无
牙齿形态异常,无
神经性耳鸣,无
塌鼻梁,无
水样便,无
肩胛带“模拟瘫痪”,无
皮肤紫癜,无
流鼻涕,无
皮肤粗糙,无
无睾丸,无
性腺发育不良,无
血睾酮降低,无
皮下脂肪增多,无
阴茎异常,无
维生素B族缺乏,无
皮肤粘连,无
胃扭转梗阻症状,无
腹鸣,无
丹毒样外观,无
慢性湿疹样变,无
分娩后甲状腺肿大,无
血沉增快,无
甲状腺肿,无
皮肤萎缩,无
皮肤老化,无
颈部强硬,无
皮下组织硬结,无
皮肤硬化,无
新生儿皮肤硬肿,无
颈部肌肉肿胀变硬,无
假性延髓性麻痹,无
第２肋软骨痛,无
肋痛,无
脑疝危象,无
脑实质出血,无
感染性发热,无
良性反应性改变,无
皮肤脆性增加,无
腕下垂,无
虹膜蓝色,无
畏光流泪,无
臭汗,无
局部灼热,无
悬雍垂松弛细长,无
小儿发热,无
小儿咳嗽,无
痰鸣音,无
小支气管粘膜水肿,无
玻璃体经瞳孔向前房凸出,无
出血倾向,无
牙龈出血,无
凝血功能障碍,无
肾衰竭,无
全身皮肤散在黑痣,无
肺动脉狭窄,无
卵巢缺如或发育不全,无
尿中雌激素增高,无
急腹症,无
腱反射亢进,无
定位体征,无
张口呼吸,无
脊髓内胶质增生,无
大小便失禁,无
下肢肌肉瘫痪,无
腱反射消失,无
心慌,无
奔马律心音,无
房性逸搏心律加速,无
二尖瓣脱垂,无
分泌性腹泻,无
糖耐量降低,无
胃酸减少,无
低血钾,无
低磷血症,无
黏液便,无
上唇肥厚,无
上唇疖肿,无
下唇肿胀外翻,无
摩擦型性变态,无
恋足癖,无
恋毛巾被癖,无
易性别癖,无
巨痣症,无
三叉神经一二支分布区域疼痛,无
心慌气短,无
心律不齐,无
房室分离,无
精神萎靡,无
持续低烧,无
意识朦胧状态,无
呼吸音减弱,无
腹股沟区可复性肿块,无
疝区的疼痛或坠胀感,无
尿液混浊,无
尿道瘘,无
泌尿生殖窦,无
交感神经高度紧张,无
丘脑下部损害,无
偏瘫,无
运动性失语,无
酮尿,无
便秘伴腹部包块,无
浅感觉减退或缺失,无
急性尿潴留,无
肝病面容,无
难治性腹水,无
肝掌,无
高氨血症,无
月经血块过多,无
产后月经不再来潮,无
月经期长痘,无
月经前水肿,无
月经失调,无
新生儿两眼上翻凝视,无
鼻部结核,无
食欲异常,无
肌张力减低,无
腹壁反射减弱或消失,无
提睾反射减弱或消失,无
胸椎疼痛,无
腹腔积液,无
静脉血栓,无
脾大,无
呈红色条索，游走的浅静脉,无
骨内损害,无
局部静脉硬索状,无
血栓肌化,无
脊髓丘脑束受压,无
心脏畸形,无
骨裂,无
上腹壁的中央线缺损,无
支气管脓性分泌物增多,无
痉挛性咳嗽,无
哮鸣音,无
膝关节疼痛,无
髌骨疼痛,无
膝关节肿大,无
髌前空虚感,无
膝关节不能完全伸直,无
心内膜弹力纤维增生,无
反射性呕吐,无
胃区包块,无
痰中带血丝,无
深部性头痛,无
脑叶出血,无
脑室受压移位,无
手指和足趾无痛性软组织肿块,无
肺部转移,无
血管壁及周围有Ig及补体沉着,无
胀感,无
食管重复,无
心理年龄大于生理年龄,无
溢乳,无
心脏病引发的晕厥,无
血压偏低,无
活动后气促,无
颈部淋巴结肿大,无
呼吸减慢而不规则,无
中枢性呼吸暂停,无
心率过缓,无
儿童偏食,无
口淡无味,无
头胀,无
躁郁样,无
严重情绪障碍,无
烫伤水泡破了,无
反复上呼吸道感染,无
元气虚弱,无
气血不足,无
阴阳气血失衡,无
足不能跖屈和内翻,无
股骨近侧端变宽,无
胫骨假关节形成,无
阴道持续流血不停,无
口腔黏膜溃疡,无
耳郭突出,无
遗尿,无
阵挛,无
阵发性或强直性惊厥,无
结肠血管发育不良,无
巨大的结肠,无
上半身代偿性多汗症,无
浅棕色斑点,无
肝病容,无
门脉高压,无
脊柱的成角畸形,无
胸椎畸形,无
胸腰段及腰椎前凸消失,无
椎节分裂,无
吸吮反射消失,无
牙关紧闭,无
阵挛-强直型,无
左心衰竭,无
蹲踞现象,无
杵状指（趾）,无
胃食管反流症状,无
颅缝过早闭合,无
急性贫血,无
重度贫血,无
慢性贫血,无
微血管溶血性贫血,无
小儿生理性贫血,无
产后极度虚弱,无
阴毛脱落,无
产后垂体坏死,无
不明原因发热,无
喉鸣声,无
喉咙痒,无
新生儿斜颈,无
心房游走性节律,无
手术时伤口不再出血,无
心肌坏死广泛,无
血栓性赘生物,无
心包填塞,无
新生儿气促,无
厌奶,无
牙釉质腐蚀,无
牙齿遇冷热痛,无
牙齿黑斑,无
牙龈萎缩,无
牙体损伤,无
前囟饱满,无
婴儿喂养困难,无
反复高热,无
持续性弛张热,无
腋下淋巴肿大,无
红细胞增多-高粘滞度,无
声门短而窄,无
喉头痉挛,无
迷走神经兴奋,无
性上瘾,无
五心烦热,无
心悸怔忡,无
多梦,无
尿血,无
小儿尿血,无
无痛性尿血,无
排尿疼痛,无
持续性咳嗽,无
鼻翼扇动,无
高热不退,无
阴毛早发育,无
乳房早发育,无
颈内动脉创伤性血栓,无
室间隔缺损,无
心脏杂音,无
颞部疼痛,无
夜惊,无
菱形-现象,无
挛缩性瘢痕,无
泌尿系统感染,无
反复发烧,无
维生素D缺乏,无
粘膜充血,无
变应性鼻炎,无
囟门闭合晚,无
串珠肋,无
肝内淤胆,无
心音微弱,无
皮肤边缘翘起,无
腕关节向尺侧偏斜时桡侧出现剧痛,无
脓气胸,无
颈背部肌肉痉挛,无
吞咽发呛,无
心音异常,无
睾丸疼痛,无
阴囊水肿,无
习惯性尿裤,无
儿童抽动症,无
强迫性头颈倾斜畸形,无
腰酸,无
局部皮肤变紧,无
皮肤绷紧肥厚失去弹性,无
眼干,无
腮腺肿大,无
脚底干裂,无
腮腺肿胀,无
眉弓疼痛,无
颞骨隆起,无
上腹弥漫性压痛,无
脑缺血,无
心源性晕厥,无
心脏骤停,无
心脏猝死,无
心脏肥大,无
新生儿心力衰竭,无
粪便黑色并带有血液,无
肠管出血,无
吐酸,无
新生儿腹胀,无
瘤块压迫,无
瘤体牵拉,无
弥漫性血管角化,无
红色或紫色，稍高起的丘疹或结节,无
蓝色、蓝灰色或蓝黑色丘疹,无
经期出血,无
慢性腹痛,无
消化道激惹,无
短颈,无
方肩畸形,无
情绪性厌食,无
生理性厌食,无
全身感染中毒症状,无
皮窦道,无
肋间隙可有压痛,无
心电图异常,无
死产,无
腓肠肌痉挛性疼痛,无
皮温降低,无
小腿下部色素沉着、脱屑、湿疹,无
呻吟,无
食管瘘,无
婴儿臀部红,无
脉率增快,无
收缩期震颤,无
梅毒肝,无
病理性黄疸,无
开放性神经管缺陷,无
指甲嵌入肉,无
掌跖角化过度,无
指(趾)甲增厚,无
阻塞性黄疸,无
肝大而硬,无
免疫功能障碍,无
出生后即有持续青紫,无
血管畸形,无
颈性眩晕,无
易跌倒,无
蹒跚步态,无
肌肉假肥大,无
强直性肌张力增高,无
醉汉步态,无
感觉分离,无
步态异常,无
纤维渗出物,无
肠蠕动减少,无
阵发性夜间呼吸困难,无
粪便嵌塞,无
急性肠扭转,无
嗅觉倒错,无
嗅觉过敏,无
神经失用,无
大疱（含脓性液体）,无
黏液囊肿,无
猩红热样皮疹,无
消化道憩室,无
气息异常,无
面容呈灰色,无
陶奇感染,无
肝郁气滞,无
足趾发凉怕冷，呈苍白色或紫红色,无
指（趾）麻木,无
甲胎蛋白增高,无
钙化灶,无
微脉,无
湿咳,无
红斑样皮疹,无
凹陷瘢痕,无
多发性结节,无
憩室出血,无
血缺氧,无
反复呕血,无
柏油便,无
头皮结痂,无
口唇泛黑,无
骨骼肿块,无
骨及软组织肥大,无
脑痉挛,无
颈强直,无
导水管周围受损,无
眼眶缩小,无
眼面痛,无
肢端凉,无
小便淋漓,无
尿液中有稠厚胶样物,无
皮肤黏膜出血,无
内脏出血,无
停止排气,无
母婴ABO血型不合,无
重度黄疸,无
核黄疸,无
新生儿贫血,无
血小板增多,无
微血栓形成,无
心包积液体征,无
脑灰质异常,无
心排血量减少,无
不排胎便,无
新生儿便秘,无
涩脉,无
鼻痒,无
鼻内发痒,无
器质性精神障碍,无
舌咽神经痛或其他内脏病引起的晕厥,无
晕血,无
静脉出血,无
踝阵挛,无
抬举性搏动,无
瞳孔异常,无
颅神经麻痹,无
齿龈肿胀,无
性欲减退,无
快感缺乏,无
阴道干涩,无
点头征,无
摇头转颈,无
局部肢体抽动,无
口唇青紫,无
新生儿发绀,无
惊跳,无
婴儿睡觉摇头,无
垂体功能减退,无
膝后肿胀疼痛，活动受限,无
足底凸起,无
柠檬色痰,无
铁锈色痰,无
弛张热,无
右下腹可触及柔软腊肠样肿块,无
腹部“气串样”肿块,无
全腹痛,无
口唇和甲床略带青紫,无
肠蠕动减慢,无
肠壁水肿增厚,无
阵发性腹痛,无
肠狭窄,无
肝炎导致的化脓结痂,无
新生儿全身水肿,无
身体的低垂部位水肿,无
气虚不摄,无
元气虚陷,无
倦怠肢冷,无
腓肠肌拉伤,无
骨密度增加,无
腓骨肌对称萎缩逐渐向上发展,无
肢体增长、增粗过度,无
开放性损伤,无
小血管纤维性坏死,无
痣细胞,无
肝功能受损,无
跖部纤维痛,无
腋部肿块,无
表皮角化,无
三凹征,无
毛囊角栓,无
心肌缺血,无
组织细胞增生,无
血管增生,无
肝下垂,无
假日心脏综合征,无
口干舌燥,无
口干渴难忍,无
淋巴结退化,无
胆道蛔虫症,无
室颤,无
角膜有菌苔或溃疡,无
情绪性进食,无
重度肥胖,无
遗传性肥胖,无
腿脚浮肿,无
听阈上升,无
招风耳,无
中枢性耳聋,无
听觉障碍,无
心包纤维增厚,无
背部有隐约麻痛不适,无
囟门跳动,无
反复发作性头痛,无
表情淡漠,无
头沉,无
三角头畸形,无
晨起前额疼，午后减轻,无
烧伤创面粪臭味分泌物,无
发育性畸形,无
面部皮肤有结节状增生,无
颌下腺肿大,无
胸膜转移,无
关节囊松弛,无
脊柱后突,无
头颅增大,无
蓝巩膜,无
呼吸道阻塞,无
软组织肿胀,无
张口困难,无
强迫恐怖症,无
儿童退缩行为,无
腰椎不稳,无
湿疣,无
子宫内膜异位,无
指甲很短,无
肌肉压痛,无
侧肋骨痛,无
舌生疮,无
口腔糜烂,无
舌尖红绛,无
红斑鳞屑,无
浅表淋巴结肿大,无
体重增加,无
颈部酸痛,无
颈部僵硬,无
颈椎分节异常,无
瞳孔大小不等,无
硬下疳,无
心脏破裂,无
心脏转移,无
突发的右侧心衰,无
杨梅样舌,无
食管气管瘘,无
食管闭锁,无
气道和食管之间的瘘管,无
血运障碍,无
肛门括约肌松弛,无
肛门外翻,无
脱肛,无
小便清长,无
舌苔薄白,无
股三角区压痛,无
下腔静脉血栓形成,无
非对称性紧张性颈反射,无
恐水症,无
胸廓异常,无
胸部挫伤,无
吸气时胸口痛,无
小儿的异嗜症状,无
浅表淋巴结进行性肿大,无
肢体障碍,无
气管隆突以上的损伤,无
酮症酸中毒,无
蔷薇疹样皮疹,无
干性坏疽,无
湿性坏疽,无
腰背酸痛,无
足趾皮肤发黑,无
婴幼儿抽风,无
新生儿皮肤薄,无
进食异常,无
免疫力降低,无
无月经来潮,无
子宫小,无
眼球运动偏斜扭转,无
面色灰暗,无
免疫力下降,无
声带麻痹,无
肠闭锁,无
回肠重复畸形,无
性发育慢,无
夏季厌食症,无
四肢抽搐,无
细胞外液减少,无
小儿前囟凹陷,无
谵妄,无
腋窝痛,无
胸壁疼痛,无
静脉血流滞缓,无
脉搏细速,无
心包破损伤,无
心脏穿透性损伤,无
血沉增速,无
咽喉部充血,无
犬吠样咳嗽,无
深睡眠症,无
发作性睡眠,无
眼睑痉挛,无
口渴喜饮,无
溃疡疼痛,无
逆行性遗忘,无
气不摄血,无
脾阳虚,无
表情迟钝,无
皮质功能减退,无
搔痒无度,无
胸锁乳突肌附着处压痛,无
神经性耳聋,无
迁徙性浅静脉血栓形成,无
静脉回流障碍,无
排气障碍,无
两眼干涩,无
眼睛刺痛,无
眼睛发红,无
手指麻痛,无
手指发僵疼痛,无
深黄色或带绿色的水样便,无
胸膈间烧灼嘈杂感,无
拔牙后出血不止,无
血肿形成,无
关节腔内出血,无
脑水肿,无
痉挛性偏瘫步态,无
动脉出血,无
回盲瓣功能不全,无
心理性性功能障碍,无
呼吸抑制,无
面色青紫,无
尿渗透压下降,无
失水,无
气机不畅,无
右胸痛,无
胸骨压痛,无
水疱或大疱损害,无
黄色发亮结痂,无
情绪起伏大,无
非对称性关节痛,无
心源性胸痛,无
一过性脑缺血,无
木僵,无
缺碘,无
甲状腺肿大,无
甲状腺功能低下,无
眼距宽阔,无
小头,无
高腭弓,无
脂肪浸润,无
脂肪组织增生肥大,无
指鼻不准,无
皮肤黏膜苍白,无
齿龈增生,无
一咳嗽胸口就疼,无
咽喉干燥及灼热感,无
不能屈膝,无
青少年膝痛,无
膝及小腿部有广泛的瘀血斑,无
性发育停顿,无
睾丸增大和变硬,无
强迫性头位,无
构音不清,无
持物不稳,无
极重度精神发育迟滞,无
重度精神发育迟滞,无
髋、膝、肘部呈屈曲畸形,无
骨转移,无
PAS染色阳性,无
皮下脂肪粒,无
软骨内骨化,无
肺过度充气,无
奇脉,无
关节松弛,无
腕征,无
暴牙,无
口齿不清,无
颌骨错位,无
腹壁静脉怒张,无
吻合口并发症,无
复合性溃疡,无
季节性浅红斑片,无
神昏气促,无
水气胸,无
眼角膜反射消失,无
眼眶异物,无
眼干涩酸胀，易疲劳,无
晶状体青光眼斑,无
烂眼边,无
光感性皮肤损害,无
支气管平滑肌痉挛,无
说话时字词不能连续,无
腹股沟疼痛,无
脐部有一半球形肿块,无
满月脸,无
前臂细小,无
眼睑异物,无
眼球不能随意动,无
眼眶疼痛,无
口淡不渴,无
四肢不温,无
肝内胆管结石,无
高眼压,无
便血鲜红,无
巩膜黄染,无
小三阳,无
上唇附近，鼻旁沟和眼睑的丘疹或结节,无
黄色结节,无
剧痒的疣状结节,无
脂膜炎,无
肌肉出血,无
腹腔出血,无
晚霞样或夕照样眼底,无
恶臭便,无
颈椎痛,无
口中有金属甜味,无
阴茎短,无
睾丸发育不全,无
痛性阴茎勃起,无
腹痛伴恶心、呕吐,无
认知功能障碍,无
失读,无
学习困难,无
注意力缺乏多动症,无
足踝部光滑圆形的包块,无
腿外侧质软半球形包块,无
圆形或卵圆形丘疹或结节,无
肋骨痛,无
纵隔纤维化,无
髋内翻,无
下肢外展,无
臀肌萎缩,无
皮肤出血斑,无
拔牙后伤口经久不愈,无
肌无力危象,无
面肌无力,无
口角下垂,无
流口水,无
呼吸不规则,无
骨髓的发育异常,无
腹式反常呼吸,无
性施虐癖,无
窥淫癖,无
恋兽癖,无
性受虐癖,无
胃热疼痛,无
胃酸过多,无
眼屎多,无
眼睛痒,无
新生儿眼屎多,无
目垢增多,无
心室纤颤,无
老年人小腿浮肿,无
躯干畸形弯曲,无
暴饮暴食,无
贪食,无
贪食行为,无
交替性暴食厌食,无
限局性巩膜膨隆肿物,无
虹膜发炎,无
先天性虹膜缺乏,无
身痛,无
间歇性尿蛋白,无
黏液尿,无
绞痛,无
软腭浅表溃疡,无
川字纹,无
脾胃湿热,无
易疲乏,无
结肠梗阻,无
重度烧伤,无
睾丸萎缩,无
肝昏迷,无
甲状腺结节,无
甲状腺机能亢进,无
乳痛症,无
韧带断裂,无
撕脱骨折,无
韧带拉伤,无
心源性呼吸窘迫,无
阴蒂肥大,无
打喷嚏,无
新生儿鼻塞,无
流清涕,无
乳头肌断裂,无
眼胀,无
耀光感,无
眨眼不止,无
异嗜酸癖,无
小儿明显瘦小,无
仰卧呼吸,无
呼吸功能衰竭,无
生理性黄疸,无
盘状红斑,无
女性性器官反应缺乏,无
幻听,无
下肢浅静脉曲张,无
下肢无力,无
免疫缺陷,无
伸臂握手疼痛,无
肩关节活动受限,无
刺痛,无
窜痛,无
脑衰弱综合征,无
情绪不宁,无
口有溴味及咸味,无
巨输尿管症,无
口舌生疮,无
剧烈运动后哮喘,无
血虚眩运,无
唇甲色淡,无
虚烦失眠,无
言语紊乱,无
肺含水量增加,无
肠鸣欲便,无
冷汗,无
肋间肩胛带疼痛,无
强迫观念,无
尿道内虫咬感或阴道内虫爬感,无
肛门疼痛,无
粪便量少,无
肺纤维化,无
白色念珠菌感染,无
口腔黏膜纤维化,无
单侧面部萎缩,无
嘴角降肌发育不良,无
面部畸形,无
骨缝分开,无
下肢呈剪刀步态,无
胸部隐痛,无
压榨样绞痛,无
晨僵,无
气滞,无
里急后重,无
贫血貌,无
溶血性黄疸,无
口、眼、生殖器损害,无
反复生殖器溃疡,无
双相型体温,无
脉濡弱,无
皮肤湿冷,无
脉搏细弱甚至不能清楚触及,无
神经性厌食,无
绞窄性肠梗阻,无
夜尿增多,无
桡骨头发育不良,无
腕关节桡侧部位的疼痛,无
曲棍球棒手,无
桡骨茎突剧痛,无
血虚,无
阴血亏损,无
芤脉,无
血管性头痛,无
一侧乳头萎缩，另侧水肿,无
胸膜摩擦音,无
睡眠时睑闭合不全,无
指(趾)甲点状凹陷,无
关节强硬,无
头部及眼后部疼痛并能听到连续不断的隆隆声,无
眨眼率减少,无
夕阳综合征,无
毒蕈碱样症状,无
肌肉跳动,无
全身紧束感,无
消化道狭窄,无
纵隔阴影,无
胸腺高度萎缩,无
纵隔淋巴结增生,无
心脏“偷停”感,无
劳累后心悸,无
阴道口局部红肿热痛,无
毛发增多,无
面部多毛,无
青光眼斑,无
瞳孔部分阻滞,无
眼睑闭合障碍,无
绿风内障,无
牵涉痛,无
神经根激惹症状,无
XV-现象,无
XA-现象,无
指甲异常,无
指（趾）甲颜色改变,无
动脉血氧饱和度降低,无
胃肠动力差,无
食物在胃的通过障碍,无
十二指肠有切迹或狭窄,无
产后下腹坠痛或阴道坠胀感,无
阴道裂伤,无
阴道粘连,无
嗜酸性粒细胞增多,无
肠麻痹,无
白带增多,无
阴道持续少量流血,无
毒血症,无
惊恐发作,无
喉头水肿,无
强迫行为,无
病理性骨折,无
眼球穿孔,无
眼张不开,无
巩膜穿孔,无
角质层过度增厚,无
皮面上针头大小瘙痒点,无
肚脐痒,无
心理伤害,无
咽部灼热疼痛,无
咽部苹果酱样结节,无
咽部充血,无
咽部溃疡,无
无瘙痒，无肝胆疾病的皮肤黄染,无
急性阴道感染,无
肝脏病变弥漫,无
肝淤血,无
耳闷,无
踝部及足背水肿,无
牙龈痛,无
齿龈炎,无
牙周袋形成,无
牙龈溢脓,无
能力减退感,无
躁狂与昏睡交替,无
思考困难感,无
假笑,无
颜面的火焰状母斑,无
脐湿,无
婴幼儿脐部有肿物突出,无
婴幼儿外阴疼痛,无
皮肤肉芽肿,无
婴儿睡觉前哭闹,无
进行性肉芽性溃疡坏死,无
肛周皮肤潮红,无
排便困难,无
盆腔坠痛,无
括约肌功能障碍,无
额头皱纹突然增加,无
眼嘴的细小皱纹,无
磨牙后垫红肿,无
乳腺肥大,无
乳头发炎,无
肝叶萎缩,无
肝星状细胞增生,无
牙龈肿胀,无
牙的咀嚼磨损,无
牙齿缝隙大,无
牙齿小且无光泽,无
手足烦热,无
苔少,无
午后潮热,无
情感暴发,无
癔症步态,无
狂笑,无
头皮下血肿,无
舌口及咽部烧灼感,无
咽部粘膜弥漫充血,无
睡觉时突然抽搐一下,无
新生儿抽搐,无
胸骨下端压痛,无
淋巴管破裂,无
绝经,无
绝经后出血,无
肾阴阳两虚,无
伏脉,无
阴茎损伤,无
阴茎疼痛,无
眼球移位,无
干性皮肤,无
结膜干燥斑,无
横结肠移位,无
上腹及腰背部有“束带感”,无
尿道口疼,无
阑尾感染,无
牙齿结构异常,无
牙齿数目过剩,无
鼻子黄色或棕色,无
QRS波宽大畸形,无
癌性疼痛,无
视网膜水肿,无
黄绿稀溏,无
膀胱膨出,无
结膜乳头增生,无
角膜表面三角形胬肉,无
腰部酸胀及无力,无
腰部缓慢增大的软肿块,无
深感觉障碍,无
四肢远端麻木、疼痛或异样感觉,无
咀嚼肌肥大,无
口腔痛,无
腭部穿孔,无
带状疱疹样外观,无
面部蝶形红斑,无
骨膜反应,无
肢端硬化,无
弥漫性系膜硬化,无
乳房硬化,无
关节面不规则硬化,无
面色觥白,无
舌胖有齿痕,无
光过敏,无
肥厚瘢痕,无
子宫收缩不良,无
阵发性子宫收缩,无
左上腹痛,无
前阴寒冷,无
疣状增殖,无
胎儿窘迫,无
短头畸形,无
唇皱褶增多畸形,无
阴囊红肿,无
阴茎硬结,无
眼前黑影,无
牙齿松动和脱落,无
牙脱位,无
口粘,无
椎间盘退行性变,无
腰脊椎疼痛,无
惧站立，喜依托,无
根性坐骨神经痛,无
胰腺纤维化,无
皮肤痣,无
雀斑,无
面部斑点,无
指甲呈筒形,无
后腹膜纤维化,无
腹腔种植,无
血道播散,无
皮肤色素沉着呈青铜色,无
胆红素升高,无
神志恍惚,无
食指半月甲呈粉红色,无
脐周阵发性绞痛,无
颌骨关节痛,无
颌骨呈“扇形”骨质破坏,无
假声现象,无
喉头发紧,无
颅内头痛,无
颅内钙化,无
持续颅内杂音,无
低血容量休克,无
小儿痒疹,无
痘疮,无
肠鸣音消失,无
纤维膜包裹,无
肠痉挛,无
小儿双下肢蜷曲,无
吟诗样语言,无
言语功能的部分丧失,无
假牙疼痛,无
睡觉后全身大汗淋漓,无
直肠疼痛,无
肛门坠胀,无
鼻咽异物,无
皮肤色素加深,无
肌束震颤,无
运动性兴奋或抑制,无
耳前淋巴结肿大,无
黄斑盘状变性,无
食管壁纤维化,无
右上腹持续性剧痛并向右肩部放射,无
胰石阻塞,无
眦部缺损或眦缺损,无
眼睑瘙痒,无
眼外转移,无
门齿间距增宽,无
牙缝增宽,无
牙齿小而稀疏,无
口燥咽干,无
眉弓凹陷,无
肠道功能紊乱,无
眶周瘀斑,无
眼睑肿胀且呈淡绿色,无
同向偏盲,无
同向性偏盲,无
大便干结呈算盘珠状,无
肝气郁结,无
咽部慢性充血,无
脓痰,无
夜间盗汗,无
阴户生疮,无
阴部灼热,无
小儿湿疹,无
干燥型湿疹,无
眼睑外翻,无
下睑外翻,无
血性耳漏,无
尿道口有白膜形成,无
尿道刺痒,无
尿道烧灼感,无
雄激素过少,无
血清睾酮浓度低下,无
牙齿萌出疼痛,无
突眼症,无
视近困难,无
青红肤色,无
去首高血压,无
心肌冬眠现象,无
钙离子内流,无
腕管综合征,无
骨无菌性坏死,无
口鼻生疮,无
子宫出血,无
有排卵性功血,无
经期提前,无
晕动症,无
晕轮效应,无
皮肤弹性差,无
汗出如油,无
假性前房积脓,无
豹纹状眼底,无
左下腹痛,无
脐窝湿润有臭味,无
脐周肿胀,无
脐周明显红肿变硬,无
脐周脓性分泌物较多,无
烫伤,无
恶病性痤疮,无
眼内有异物感,无
癫痫的全身强直-阵挛发作,无
癫痫的复杂部分性发作,无
癫痫的单纯部分性发作,无
腋毛毛干上有微小结节,无
腋毛变稀少,无
尿涩,无
阴道排液呈黑水样,无
小儿右上腹阵发性绞痛,无
咽喉部干燥刺痒,无
剧烈运动后腰痛,无
腰软不能直起,无
肌肉硬结,无
臀部酸痛,无
颅面骨畸形,无
腰酸背痛,无
双侧肾内痛,无
眼部胀痛,无
眉下垂或位置低,无
眶周水肿,无
远视屈光度数增加,无
口角和鼻周出现黄白色水疱,无
羊膜腔感染,无
口唇疱疹,无
眼球浮动现象,无
大动脉错位,无
精囊缩小,无
前列腺缩小变硬,无
寒凝收引,无
增殖体肥大,无
眼睑闭合不全,无
盆腔肿块,无
泪腺发炎,无
皮下脂肪坏死,无
瞳孔变形,无
年轻人的眼袋,无
弓形体感染,无
一侧阴囊内逐渐增大的无痛性肿块,无
无痛性阴囊内肿块,无
牙龈肿痛,无
血压波动大,无
特禀体质,无
局部静脉压痛,无
阴茎表浅性溃疡,无
指甲易碎,无
指（趾）甲缺失,无
喉头增大,无
骶骨处持续性疼痛,无
尿中有较多尿卟啉,无
全身衰竭,无
隐球菌囊膜多糖堆积,无
眼结膜红,无
咽喉痉挛,无
咀嚼肌痉挛,无
角膜烧伤,无
眼部烧伤感,无
酸烧伤,无
睑结膜出现灰白色膜,无
咽部肌肉运动障碍,无
屈光参差性弱视,无
斗鸡眼,无
背部长痘,无
皮肤弥漫性红肿,无
尿流中断,无
牙齿拥挤错位排列不齐,无
口腔唇系带粗大,无
锁合畸形,无
口腔难愈的白色片状物,无
口腔粘膜上白色较硬的隆起斑块,无
口腔念珠菌感染,无
硬脊膜膨出,无
眼球内斜,无
交叉注视,无
婴儿斜视,无
脑膜刺激症状,无
皮肤花斑样,无
毛发稀少,无
皮肤受累,无
循环衰竭,无
睫状充血,无
月经期间腰疼,无
经期头痛,无
轴性遗忘症,无
后发性遗忘,无
完全性遗忘症,无
皮质性遗忘症,无
眼袋,无
目痛,无
角膜异物,无
结膜异物,无
眼睑脓肿,无
牙冠呈半透明乳光色,无
牙齿萌出异常,无
牙齿颜色异常,无
牙齿呈黄色\浅灰色或深灰色,无
腰骶部酸痛,无
分离性遗忘,无
分离性恍惚状态和附体状态,无
声门以上的损伤,无
脑功能不全,无
脑干出血,无
下肢中枢性瘫痪,无
小腿和踝关节周围的紫红色瘀斑,无
小腿水肿,无
幻想失去时间和空间感觉,无
阴道脓性分泌物,无
乳房红肿热痛,无
中度或轻度头痛,无
眉弓囊肿,无
灰白大便,无
精索增粗肿胀,无
尿淀粉酶升高,无
黑头粉刺,无
角栓,无
关节僵直,无
关节强直,无
餐后血糖高,无
皮肤紫纹,无
呼吸速率减慢且规则,无
阴道黏膜膨胀,无
异型网织细胞,无
胰源性腹痛,无
腹腔积血,无
失血过多,无
怀孕时子宫异常增大,无
子宫增大明显（子宫增大超过胎龄）,无
飞蚊症,无
失明,无
睁眼困难,无
排便障碍,无
交替使用双眼,无
对红绿颜色分辨不清,无
读小字和辨色困难,无
鼻粘膜苍白水肿,无
鼻分泌物增多,无
鼻毛脱落,无
鼻甲肿胀,无
精神过敏,无
身体变形障碍,无
容易发生强迫性症状或疑病观念,无
睑结膜泪阜区灰黑色肿物,无
难治性溃疡,无
增殖腺肥大,无
咽鼓管堵塞,无
肩背痛,无
反射性腰痛,无
癌症晚期胃肠道症状,无
胃阴虚,无
胃糜烂,无
胆道梗阻,无
粘膜萎缩,无
小便不易排空,无
气虚体质,无
瞳孔不对称,无
儿童精神运动发育异常,无
前额头痛,无
潮红潮热,无
宫颈黏液脓性分泌物,无
讷吃,无
说话带鼻音,无
食物返流至鼻腔,无
喜怒无常,无
易哭,无
阴囊上有白色小疙瘩,无
牙齿数目不足,无
眼球挫伤,无
剧烈头痛,无
牙齿发黄,无
新生儿绿牙或棕褐色牙,无
气过水声,无
肢端角化,无
指（趾）环状缩窄带,无
坐立不安,无
迁移性脓肿,无
急性呼吸困难,无
室上性心律失常,无
鼻和喉部灼热感,无
缺氧缺血性神经损伤,无
血性腹水,无
晕厥反复发作,无
失音,无
蜕膜反应,无
角质化,无
趾远端呈球形,无
大写症,无
鳞状上皮,无
白晕,无
大角膜,无
混合型酸碱平衡紊乱,无
妊娠期的生理变化,无
椎间盘脱出,无
骶椎腰化,无
骶尾椎融合,无
胸椎腰化,无
皮肤瘀点,无
干燥斑,无
看东西变远,无
视近不能持久,无
腰骶疼痛,无
腰椎椎管狭窄,无
脊髓性间歇破行,无
脊柱生理弯曲消失,无
妊娠反应,无
定位神经体征,无
没有肛门,无
单角或双角子宫,无
听骨畸形,无
紧张性手抖,无
肛乳头肥大,无
息肉样损害,无
阳盛体质,无
肌衄,无
格阴于外,无
阳明热盛,无
完全流产,无
伴有生动鲜明的恐怖性幻视,无
进行性痴呆,无
注意障碍,无
社交敏感性障碍,无
过敏性皮炎,无
乳房肥大,无
肘关节畸形,无
肘关节不能屈曲,无
肘关节伸直位内翻角增大,无
不能转颈,无
颅外头痛,无
面下部头痛,无
枕部和颈后疼痛,无
头颈部剧痛,无
善悲,无
象限性偏盲,无
肌肉紧张性疼痛,无
劳累时腰部酸痛或胀痛,无
血脂异常,无
间歇性头痛,无
原发灶不明的转移灶,无
足趾屈曲挛缩,无
屈曲指,无
手指香肠型,无
指纹皱瘪,无
拇指三节,无
蹲下起来后眼前发黑,无
起搏频率增高,无
肝细胞索支架塌陷,无
子宫下垂,无
角质增厚,无
汗闭现象,无
发作性咳嗽,无
手背部皮肤发红肿胀,无
双足红肿热痛,无
神经伤,无
肘外侧夜间痛,无
四肢对称性软瘫,无
掌趾皮肤黄色角化物,无
体位性震颤,无
足部震颤,无
头部震颤,无
双手震颤,无
产褥期恶露,无
产褥期躁狂状态,无
产褥期谵妄状态,无
产褥期幻觉妄想状态,无
肝积水,无
肝细胞坏死,无
桶状胸,无
支气管肺泡音,无
小支气管痉挛,无
支气管以下的损伤,无
足趾伸屈时足部疼痛,无
扭伤,无
拇趾与二趾趾间距大,无
脉细数无力,无
足痛,无
人工流产术后出血,无
恶露,无
直肠肛门内胀痛不适,无
手内肌萎缩,无
醉酒,无
子宫呈葫芦状,无
子宫附件肿块,无
蛛网膜腔内囊肿,无
蛛网膜粘连,无
蛛网膜增厚,无
毛细血管搏动,无
特殊面痣,无
出血性丘疹,无
手足发抖,无
髋关节痛,无
长骨肿胀疼痛,无
侵蚀性骨破坏,无
内分泌功能亢进,无
中心性钙化,无
髋外侧酸胀,无
髓核脱水,无
腹壁广泛性钙质沉着,无
无痛性硬实结节,无
皮下沉积所出现的粟粒样结节,无
皮下指头至鸽蛋大的肿块结节,无
纤维性钙化结节,无
慢性肾衰竭,无
高度膨胀的毛细血管襻,无
肾小球体积增大,无
肾小球有病理形态改变,无
局部软组织浸润,无
无名指不明原因疼痛,无
胸骨后异物阻塞感及隐痛,无
胸骨后烧灼样痛,无
听觉疲劳,无
声带老化,无
心包膜发炎,无
大脑发育障碍,无
婴儿说话晚,无
坐骨大小孔区出现压痛,无
不完全性肠梗阻,无
闭袢性肠梗阻,无
髓质增生,无
不典型增生,无
黏液脓性痰,无
脊髓受压,无
上肢无力,无
上肢麻木,无
孕妇胸闷气短,无
孕妇腹部硬块,无
孕期便秘,无
溶骨性损害,无
隐球菌感染,无
巩膜小泡,无
巩膜水肿,无
巩膜充血,无
水痘样皮疹,无
骨气臌,无
死骨,无
社交恐惧,无
极速型心率,无
面部水肿,无
喂食困难,无
皮肤触痛,无
呕出物为紫蓝色,无
角膜灼伤刮伤,无
睑结膜充血露出黄色脓块,无
身体摇晃征,无
运动不足综合征,无
弹钢琴指(趾)征,无
阴囊坠胀痛,无
异位妊娠,无
尿妊娠试验阳性,无
尿分叉,无
尿潴留,无
长时间或剧烈运动后前足疼痛,无
足部肿胀压痛,无
足跟步行,无
内斜V征,无
强握反射,无
纵隔病变,无
纵膈气肿,无
皮肤轻度糜烂,无
情感高涨,无
孕妇小腹痛,无
孕妇非妊娠原因的腹痛,无
孕早期腹痛,无
痉挛性的肌张力增高,无
下肢神经性疼痛,无
神经干断裂,无
锥虫性“下疳”,无
口唇麻木,无
四肢血压脉搏不对称,无
大动脉供血障碍,无
气管间隙形成肿块,无
硬斑,无
室性早搏,无
频发房性早搏,无
肌肉肥大,无
腰椎骶化,无
颈静脉充盈,无
肘部外翻角增大,无
尿酸结晶,无
排便频率异常,无
先兆子宫破裂,无
子宫压痛,无
子宫破裂征象,无
烧灼性疼痛,无
异常矮小,无
先天性骨发育不良,无
尿道黏膜外翻,无
菌尿,无
骨皮质变薄,无
摸空症,无
药物依赖,无
排便不尽感,无
舌轻度外吐,无
眼球上翻并固定,无
足底烧灼感,无
对称性肌无力,无
尿液氨水味,无
膀胱刺激症,无
先兆早产,无
眼前冒金花,无
恶性胸水,无
鼓膜充血,无
气压伤,无
热痉挛,无
热衰竭,无
老练外貌,无
足跟蓝黑色或黑色斑点,无
手足多汗,无
瞳孔变白,无
拇指和食指不能对掌成完好的“O”形,无
写字或拿小物品困难,无
不能伸展拇指,无
绝经后子宫内膜增厚,无
抗内膜抗体阳性,无
下腹坠胀,无
盆腔沉重感,无
久不消退的红色皮肤疤,无
增生性瘢痕,无
锑性皮炎,无
皮质胶质增生,无
指甲夹伤,无
胸水,无
额横纹增深,无
宫颈软,无
电生理异常,无
氮质血症,无
单纯性上半身消瘦型,无
两侧颊部及颞部凹入,无
肘外侧肿痛及功能障碍,无
被迫体位,无
代偿作用,无
四肢电击感,无
泡样水肿,无
痉挛性便秘,无
突发性绞痛,无
食管恶性病变,无
流行性肌痛,无
过劳死,无
肢体或躯干麻木,无
脑脊液白细胞增加,无
乳腺刺痛,无
乳腺组织肥厚,无
剧烈神经根性痛,无
假性宫缩,无
持续性下腹疼痛,无
单发性坚实性结节,无
慢性腰痛伴下肢麻痛,无
大腿肌肉萎缩,无
小腿肌肉萎缩,无
便稀时经阴道排出,无
面部皮肤皱纹增多,无
突肤挺胸,无
肝区痛,无
右上腹压痛,无
龟头瘙痒,无
舌下垂,无
舌干苔厚,无
舌根部脓肿,无
舌嫩苔厚,无
胃肠道胀气,无
先天性无子宫,无
子宫痉挛性狭窄环,无
始基子宫,无
出现毒性颗粒,无
轻度中毒,无
慢性中毒,无
多尿,无
乏力,无
视力障碍,无
体重减轻,无
糖尿,无
多饮,无
血糖值升高,无
低烧,无
发烧,无
肝转移,无
弛张热,无
低热消疲,无
阴道分泌物增多,无
会阴痒,无
溃疡,无
阴道脓性分泌物,无
阴道血性分泌物,无
喉部痉挛,无
声音嘶哑,无
化学性皮肤灼伤,无
发绀,无
呼吸困难,无
呼吸抑制,无
食欲不振,无
角弓反张,无
惊厥,无
昏迷,无
肚子疼,无
稀便,无
脓液为巧克力色或查到阿米巴原虫,无
恶臭便,无
排水样血性大便,无
血浆胆固醇水平高,无
智力发育迟缓,无
肺动脉狭窄,无
疱疹,无
肝脾肿大,无
尿频,无
尿急,无
尿痛,无
记忆力障碍,无
认知功能障碍,无
头晕,无
人格改变,无
命名性失语,无
寒战,无
头痛,无
肌肉酸痛,无
斑丘疹,无
面色苍白,无
四肢麻木,无
嗜睡,无
意识丧失,无
呼吸急促,无
心源性呼吸窘迫,无
呼吸窘迫综合症,无
活动后气促,无
垂体功能减退,无
恶心与呕吐,无
嗅觉丧失,无
恶心,无
腹泻为水样带黏液恶臭无脓血,无
异常矮小,无
生长缓慢,无
黏液性水肿,无
智力减低,无
思维缓慢,无
酪氨酸血症,无
复视,无
肝功能衰竭,无
共济失调,无
血小板减少,无
刷牙出血,无
骨髓巨核细胞成熟障碍,无
牙龈出血,无
毛细血管出血,无
孤独症,无
情感淡漠,无
依赖公式化,无
反应迟钝,无
抑郁,无
咽痛,无
脓疱,无
伤口感染,无
外阴烧灼刺激感,无
脓肿,无
脓血性白带,无
溃疡外观呈火山口样,无
呼吸速率减慢且规则,无
循环衰竭,无
角膜有菌苔或溃疡,无
肉芽肿,无
畏光,无
胸部大片斑块,无
不明原因发热,无
免疫力降低,无
HIV感染,无
反复感染,无
关节疼痛,无
发炎,无
指（趾）环状缩窄带,无
趾远端呈球形,无
关节痛,无
眶周水肿,无
消瘦,无
颅内压增高,无
视野缺损,无
触诊无肺动脉关闭感,无
收缩期杂音,无
心内分流为右向左,无
心血管造影见双球征,无
毒血症,无
肠出血,无
高热,无
肌痛,无
皮疹,无
眼痛,无
眼球运动障碍,无
外斜A征,无
内斜V征,无
外斜V征,无
里急后重,无
腹胀,无
腹部不适,无
腹泻与便秘交替,无
柏油便,无
骨压痛,无
继发感染,无
瞳孔变白,无
眼球调节功能减退或消失,无
玻璃体经瞳孔向前房凸出,无
眼压升高,无
膀胱阴道瘘,无
排尿障碍,无
排尿不畅,无
腹肌紧张,无
咳嗽,无
咳痰,无
胸痛,无
谵妄,无
鼻溢液,无
鼻塞排出脓性或血性分泌物,无
下鼻甲或中鼻甲肥大,无
带血粘脓鼻涕,无
脸颊潮红,无
面色潮红,无
鼻前庭皮肤红肿疼痛,无
鼻端弥漫性潮红,无
尿血,无
水肿,无
消耗性体重下降,无
尿潴留,无
下腹疼痛,无
胸椎畸形,无
胸椎腰化,无
青少年脊柱侧凸,无
鼻甲肿胀,无
血肿形成,无
鼻粘膜肿胀,无
大量皮肤脱屑,无
久不消退的红色皮肤疤,无
皮肤软组织感染,无
新生儿皮肤出现红斑,无
骨溶解,无
咽喉干燥及灼热感,无
结节,无
粘膜充血,无
异常鱼鳞癣,无
丘疹,无
充血,无
口腔糜烂,无
角膜异物,无
结膜异物,无
视网膜水肿,无
视网膜出血,无
视网膜脱离,无
反复生殖器溃疡,无
小便短赤,无
苔黄腻,无
脉数,无
咳声嘶哑,无
失音,无
喉咙痛,无
喉头水肿,无
发热伴淋巴结肿大、并伴触痛,无
细网状到斑片状的色素沉着,无
毛孔角化过度,无
皮肤肥厚,无
色素异常,无
表皮角化,无
骶骨发育不良,无
黏液尿,无
移行病变,无
反复上呼吸道感染,无
纤毛清除功能障碍,无
烦躁不安,无
四肢无力,无
下腹胀痛,无
疲劳,无
足部肿胀压痛,无
足掌痛,无
八字脚步态,无
眼睑脓肿,无
气喘,无
鼻塞,无
咽部有异物感,无
流鼻涕,无
鼻塞及反射性头痛,无
鼻中隔向一侧或两则弯曲,无
鼻衄,无
尿道结节,无
脓尿,无
面颊及上胸部充血,无
蛋白尿,无
出血倾向,无
反复发烧,无
乳房胀痛,无
神疲乏力,无
便血,无
胸骨后疼痛,无
吞咽困难,无
烧心,无
反酸,无
心悸,无
强迫停立位,无
张口困难,无
流涎,无
伤口结疤,无
巨痕症,无
胸闷,无
呼吸音减弱,无
液气胸,无
月经失调,无
阴道不规则出血,无
月经量多,无
月经稀少,无
牙龈肿胀,无
牙龈痛,无
齿龈肿胀,无
齿龈炎,无
脓性分泌物,无
皮肤瘙痒,无
尿道痒感,无
包皮粘连,无
紫绀,无
呼吸衰竭,无
眼内有异物感,无
炎性细胞浸润,无
结膜充血,无
疼痛,无
屈性截瘫,无
感觉障碍,无
肌肉萎缩,无
脊髓半切综合征,无
肝脏病变弥漫,无
肝被膜紧张,无
肝大而硬,无
硬化,无
尿黄似浓茶,无
并指（趾）畸形,无
角膜混浊,无
瞳孔异常,无
脑膜刺激征,无
颈项强直,无
额部白斑,无
全身毛发呈灰白色,无
眉毛变白,无
网状色素沉着斑,无
上肢呈迟缓性麻痹,无
神经根损伤,无
食指感觉消失,无
斑疹,无
角结膜干燥症,无
瘙痒,无
厌食,无
口咽部水疱状损害,无
流感样症状,无
湿疣,无
烧灼性疼痛,无
环状肉芽肿,无
龟头瘙痒,无
关节响痛,无
打软腿,无
伸膝障碍,无
关节肿胀,无
幻听,无
皮下结节,无
红斑结节,无
红斑样皮疹,无
流清涕,无
鼻痒,无
打喷嚏,无
剧烈疼痛,无
怕冷,无
下腹部包块,无
心尖搏动弥散,无
窦房结病变,无
玻璃体有血迹,无
眼底无红光反射,无
屈光介质混浊,无
眼底出血和渗出,无
皮肤油脂过多,无
皮肤油腻,无
苔少,无
皮肤发红,无
普秃,无
病理性脱发,无
精血不足,无
肥厚瘢痕,无
毛发异常,无
咳出黄色痰液,无
脓痰,无
刺痛,无
食管出血,无
小梁网色素沉着,无
气急,无
肠麻痹,无
进行性肝缩小,无
持续发烧,无
鼻翼扇动,无
肠鸣音消失,无
眼屎多,无
上眼睑增厚松弛,无
睡眠时睑闭合不全,无
眼睑痉挛,无
烂眼边,无
关节肿大,无
高热不退,无
关节局部刺痛,无
关节积液,无
第２肋软骨痛,无
拒食,无
肝肿大,无
逼尿肌无反射,无
耻区肿块,无
无痛性尿血,无
口唇发绀,无
右下腹痛,无
脐周疼痛,无
下腹部反跳痛,无
血压下降,无
高热寒战,无
淋巴结肿大,无
Moro反应迟钝,无
肩胛带和上肢疼痛,无
凝肩,无
无力,无
神经痛,无
不规则热,无
鼻腔前部出血,无
蛙状鼻,无
深侧鼻塞,无
过劳死,无
端坐呼吸,无
手足发抖,无
失眠,无
梳头或洗头时头发脱落增加,无
鳞屑,无
皮肤无光泽,无
珍珠丘疹,无
阴茎表浅性溃疡,无
阴部皮肤潮红,无
阴部灼热,无
断毛癖,无
焦虑,无
手足多汗,无
紫癜,无
性交困难,无
器质性早泄,无
痛性阴茎勃起,无
角膜溃疡,无
眼部感染,无
鼻前庭部发痒,无
鼻毛变白,无
鼻毛脱落,无
鼻腔干燥及结痂,无
黄斑盘状变性,无
反复出血,无
视网膜裂孔,无
尿后滴沥,无
血压高,无
诊断室中所测血压始终增高,无
门诊高血压,无
男性小便刺痛,无
混浊尿,无
尿流中断,无
周身不适,无
少尿,无
腹水,无
静脉曲张,无
髌骨疼痛,无
膝关节疼痛,无
软骨内骨化,无
髌骨劳损,无
髌下疼痛,无
全秃,无
毛发脱落,无
毛发稀少,无
永久性秃发,无
肌张力过高,无
慢性腹痛,无
晶状体皱缩,无
虹膜异色,无
青光眼斑,无
膀胱功能障碍,无
巨大膀胱,无
排尿前后膀胱区痛,无
骨质破坏,无
囊肿,无
肝区痛,无
青春期后无精液,无
精虚血弱,无
精子凝集,无
遗精滑泄,无
排精不畅,无
咽部灼热疼痛,无
咽部粘膜弥漫充血,无
喉咙痒,无
咽喉干燥充血,无
运动时膝前疼痛加剧,无
膝前疼痛,无
压痛,无
息肉,无
吸气时鼻腔阻塞,无
结痂,无
风团,无
皮肤边缘翘起,无
掌跖角化过度,无
层状鱼鳞癣,无
感染性发热,无
类似荨麻疹的皮肤潮红斑块,无
视物模糊,无
溢乳,无
闭经-乳溢-不育三联征,无
女性不孕,无
尿流缓慢,无
尿流变细或中断,无
两肺毛玻璃样粟粒样或结节样改变,无
干咳,无
肺纹理增粗,无
肺门增宽,无
疝区的疼痛或坠胀感,无
口唇周围麻木感刺痛,无
肠痉挛,无
毛发色淡而呈棕色,无
尿中有特殊鼠臭味,无
皮肤苍白,无
眼睛刺痛,无
畏光及流泪,无
眼干涩酸胀，易疲劳,无
舌质红绛,无
闭孔神经损害,无
感觉过敏,无
胃肠气胀,无
儿茶酚胺分泌过量,无
畏热,无
尿素廓清障碍,无
癫痫和癫痫样发作,无
斗鸡眼,无
肢体或躯干麻木,无
局部肢体抽动,无
玻璃体内可见球形囊体,无
眼前黑影,无
创伤,无
盆腔肿块,无
急性尿潴留,无
阴道出血,无
子宫出血,无
阴道持续中量流血,无
阴道持续少量流血,无
单侧鼻腔阻塞,无
头昏,无
尿路结石,无
慢性肾功能不全,无
尿闭,无
急性肾衰竭,无
耻骨联合分离,无
尿液臭味,无
鳞状上皮,无
摇摆步态,无
反复鼻出血,无
挖耳出血,无
颅脑损伤后头痛,无
延髓出血,无
睾丸触痛,无
白细胞增多,无
出汗异常,无
神志恍惚,无
耳鸣,无
膀胱容量的减少,无
无尿,无
呼吸道阻塞,无
精冷不育,无
月经周期改变,无
传导阻滞,无
痤疮样皮疹,无
抽搐,无
不自主运动,无
骨痒,无
不宁腿综合征,无
尿道口疼,无
尿道局部肿胀,无
尿道流出分泌物,无
腹内压升高,无
胀痛,无
口腔痛,无
步态不稳,无
白细胞减少,无
鼻内痛,无
腮颊肿胀,无
虹膜蓝色,无
腭部穿孔,无
间歇性鼻阻塞,无
带血性分泌物,无
咳血痰,无
瘤体坚硬,无
腹部压痛,无
尿外渗,无
痰呈粘液脓性,无
持续性发热,无
包皮嵌顿,无
包皮垢,无
脱肛,无
生理性闭经,无
反复感冒,无
鼻窦压痛,无
鼻根部水肿,无
脑脊液鼻漏,无
呼吸异常,无
皮下血肿,无
膝关节肿胀积血,无
腹部中线处肿块,无
上腹部疼痛,无
腹部肿块,无
捻发音,无
眉下垂或位置低,无
眼球挫伤,无
线状骨折,无
软组织肿胀,无
红斑鳞屑,无
皮下囊肿,无
低血钾,无
颤抖,无
耳痛,无
鼓膜充血,无
咽鼓管堵塞,无
鼻咽癌的远处转移,无
鼻孔外露,无
鼻翼上方缺损,无
鼻端形态不佳,无
塌鼻梁,无
鼻中隔或鼻腔内软骨暴露,无
口腔黏膜纤维化,无
皮肤痣,无
色素沉着,无
舌苔厚腻,无
扁桃体肥大,无
耳孔处长出的肿物,无
水疱或大疱损害,无
受伤后易产生瘢痕,无
睑内翻,无
顽固性失眠,无
继发性失眠,无
情绪性失眠,无
紧张性失眠,无
眼白出现红点,无
小血管纤维性坏死,无
多发性结节,无
乳头样增生变化,无
溃疡分泌物恶臭,无
溃疡外观呈菜花样,无
紧张,无
先天性少白头,无
脾湿,无
鼻内似有擤不出的鼻涕,无
听力减退,无
颅神经麻痹,无
肢体发凉,无
脉压差大,无
四肢酸痛无力,无
腹痛腹泻,无
尿液混浊,无
夜尿增多,无
乳白色尿,无
对铋盐过敏,无
齿龈有蓝线,无
大便黑色,无
肺部感染,无
手腕肿痛及掌屈活动受限,无
腕部疼痛,无
腕部肿胀压痛,无
丘疹性痤疮,无
疲乏,无
进食困难,无
剧痛,无
隐痛,无
白喉假膜形成,无
扁桃体上有灰色膜,无
扁桃体充血,无
颌下淋巴结肿大压痛,无
痢疾样大便,无
小便清长,无
手脚冰凉,无
痢下赤白粘冻,无
泪溢,无
眼充血,无
眼胀,无
红眼,无
腋窝多汗,无
腋窝有异味,无
臭汗,无
多汗且臭味较浓,无
头胀,无
中度或轻度头痛,无
眼部胀痛,无
流泪,无
阴虚体质,无
肾阴虚,无
胸膺胀满,无
喘息,无
浅昏迷,无
尾部中线有细小凹坑但无任何感觉,无
细菌感染,无
肥胖,无
代偿性腰椎前凸,无
风寒湿痹,无
骨刺形成,无
耳后红斑,无
急性病容,无
面部蝶形红斑,无
腹腔积血,无
盗汗,无
耻骨上痛,无
腹部伤口流出粪便样物,无
腹腔感染,无
喃喃重复自语,无
肌阵挛,无
扭转动作,无
面部肌肉痉挛,无
恶露不下,无
脏腑功能失调,无
腹满,无
前臂旋后功能受限,无
前臂旋转痛,无
桡骨茎突部局限性疼痛,无
前臂外伤后疼痛,无
肠壁纤维化,无
颈软不能抬头,无
身体摇晃征,无
构音不清,无
胃酸过多,无
胃灼热,无
嗳气,无
产育过多后腰痛,无
孕产妇腰痛,无
张口抬肩,无
肠外结核,无
粪便黑色并带有血液,无
肠鸣,无
回盲部结核,无
脚趾甲内长,无
指甲干瘪,无
指甲异常,无
指甲营养障碍,无
热痉挛,无
热衰竭,无
产后发热,无
产后自汗盗汗,无
产后口渴,无
突发性右上腹绞痛,无
气过水声,无
移动性浊音,无
内出血,无
冷汗,无
心脏僵硬,无
心肌缺血,无
凝血障碍,无
直肠疼痛,无
侧卧时位于下侧鼻腔出现鼻塞,无
鼻分泌物增多,无
回吸性涕血,无
神志模糊,无
急腹症,无
鼻粘膜苍白水肿,无
小支气管粘膜水肿,无
小支气管平滑肌挛缩,无
咳嗽伴哮鸣音,无
哮鸣音,无
化学性支气管炎,无
纤毛上皮细胞损伤脱落,无
肘外侧夜间痛,无
骨硬化,无
衰弱,无
口腔粘膜弥漫充血,无
口腔黏膜溃疡,无
手足厥冷,无
拇指和食指不能对掌成完好的“O”形,无
不能向尺侧屈腕及屈环小指远侧指关节,无
病理性神经损伤,无
小指感觉消失,无
大脑发育障碍,无
胃肠道症状,无
下腰部疼痛,无
胸部有过度回响,无
脉搏细速,无
多根肋骨骨折,无
临产后俯屈不良,无
临产后阵痛剧烈,无
阵发性子宫收缩,无
产力异常,无
病理性骨折,无
轻度痛,无
面赤如涂朱,无
骨骼表面向外突出,无
骨痛,无
长骨肿胀疼痛,无
咽反射,无
认知神经功能丧失,无
关节酸痛,无
糙皮病样皮疹,无
剧痒,无
血痂,无
夏季痒疹,无
午后潮热,无
心跳加快,无
颧红盗汗,无
钩骨附近的压痛,无
手内肌萎缩,无
皮肤干而发红,无
新生儿皮肤褶皱,无
新生儿皮肤硬肿,无
皮肤黏膜出血,无
上腹不适,无
睑结膜出现灰白色膜,无
睑结膜的巨大乳头,无
迎风流泪,无
微循环障碍,无
腹痛伴腹泻,无
红晕,无
自觉汗臭,无
空间感知障碍,无
近事遗忘现象,无
后发性遗忘,无
圆形或卵圆形丘疹或结节,无
红色或紫色，稍高起的丘疹或结节,无
唇红干燥,无
盘状红斑,无
胃纳差,无
消化不良,无
产后消化系统症状,无
气短,无
毛细血管扩张,无
鼻翼边缘缺损,无
斜形骨折,无
粉碎性骨折,无
粉红色泡沫样痰,无
第三心音奔马律,无
心排血量增多,无
心肌营养障碍,无
产后恶露不净有臭味,无
产褥期恶露,无
便血鲜红,无
口吐白沫,无
颈部淋巴结肿大,无
骨脆,无
蓝巩膜,无
关节松弛,无
神经性耳聋,无
骨髓的发育异常,无
排便障碍,无
停止排气,无
脐部有一半球形肿块,无
脐周明显红肿变硬,无
肠囊性积气,无
产后便血,无
软产道裂伤,无
表情淡漠,无
目光呆滞,无
易激惹,无
脾气变坏,无
颈椎痛,无
埋藏齿,无
牙槽突型,无
脊髓受压,无
腹痛伴恶心、呕吐,无
粪样呕吐物,无
粪便嵌塞,无
痢下多血,无
儿童不敢平卧睡觉,无
食欲减退,无
排便不尽感,无
排便频率异常,无
心脏猝死,无
心前区隐痛,无
两眼干涩,无
眼睑瘙痒,无
白睛混赤,无
虚火,无
心火,无
肺间质纤维化,无
胸膜肥厚,无
上腹部肿块及腹胀,无
口唇疱疹,无
口唇泛红,无
唇水疱,无
口角和鼻周出现黄白色水疱,无
肝气郁结,无
腰酸,无
交感神经代偿性亢进,无
眼底改变,无
持续性疼痛,无
伤口愈合发痒,无
子宫内膜梗阻,无
下腹痛,无
子宫痉挛性狭窄环,无
肠管出血,无
血管畸形,无
皮下组织水肿,无
青枝骨折,无
桡骨茎突剧痛,无
骶尾部急性脓肿,无
骶尾部窦道形成,无
不排卵,无
弥漫性头痛,无
生长激素分泌过多,无
腹股沟处或闭孔处肿胀,无
无痛性阴囊内肿块,无
腹股沟疼痛,无
软产道异常,无
骨产道异常,无
狭窄骨盆,无
中骨盆狭窄,无
宫缩乏力,无
钙化,无
膝盖长骨刺,无
肩部运动受限,无
膝后肿胀疼痛，活动受限,无
骨裂,无
血性耳漏,无
胎痣,无
腹膜刺激征,无
处女膜无孔,无
无月经来潮,无
鼻子黄色或棕色,无
单纯骨折,无
残株型骨折,无
心慌,无
腹鸣,无
分娩后甲状腺肿大,无
妊娠期间甲亢,无
心动过速,无
血管杂音,无
甲状腺肿,无
菌尿,无
新生儿少吃,无
阵发性腹痛,无
骨密度增加,无
点状出血,无
胆道蛔虫症,无
蛔虫感染,无
反胃,无
沉脉,无
革脉,无
眼白发红,无
黏液便,无
病理性纵火,无
产褥期躁狂状态,无
产褥期谵妄状态,无
产褥期幻觉妄想状态,无
双眼难以忍受的奇痒,无
睑结膜充血露出黄色脓块,无
胃纳减退,无
食欲较差,无
黏膜损害,无
原发性便秘,无
水泡,无
逆行性细菌感染,无
眼疲劳,无
迟脉,无
乳腺随月经出现胀痛,无
乳汁郁结,无
注意力不集中,无
舌炎,无
肩关节痛,无
肺部转移,无
肩关节活动受限,无
出冷汗,无
餐后血糖过低,无
舌质暗红,无
舌体肥大,无
口干,无
舌痛,无
学习困难,无
强迫行为,无
模仿言语,无
蚊虫刺咬炎症,无
全腹痛,无
记忆力消失,无
肛门坠胀,无
肝脏肿大,无
皮肤呈实质性非凹陷性发硬,无
皮肤硬化,无
疖肿,无
蹒跚步态,无
骨增粗,无
颈部瘰疬,无
肠穿孔,无
肠壁坏死,无
粪便中见到褐红色果实皮或毛发,无
急性肠扭转,无
颅内出血,无
眼色素膜炎,无
眼干,无
免疫缺陷,无
荨麻疹样皮疹,无
淋巴结充血,无
产后极度虚弱,无
脾胃虚寒,无
脾气虚,无
气血不足,无
气虚体质,无
不典型胸痛,无
心电图异常,无
意识模糊,无
心率增快,无
产后极端行为,无
思虑伤脾,无
产后无乳汁分泌,无
沮丧,无
弱脉,无
目垢增多,无
目痛,无
腰部酸胀及无力,无
唇外翻,无
兔唇,无
巨口,无
血瘀体质,无
盆腔瘀血,无
阴道流血过多,无
周身出汗,无
虚脱,无
眼前发黑,无
偏盲,无
干性脂溢,无
季节性手脱皮,无
颜面潮红,无
潮红潮热,无
噩梦,无
心理麻木,无
闪回,无
情感麻痹,无
大便习惯改变,无
纸样胎儿,无
角质化,无
双耳廓缺损,无
下睑外翻,无
粘液性水肿面容,无
突发、无痛的局部水肿,无
部位不定的疼痛,无
高温性水肿,无
药物性水肿,无
血性渗液,无
痘疮,无
进食呕吐,无
小儿哭闹不安,无
肝细胞坏死,无
肝功能不全,无
皮肤有瘙痒抓痕,无
胡萝卜素血症,无
大便变细形似铅笔,无
腹壁不自主轴动,无
睡觉时小腿抽筋,无
下肢外展,无
脑血管痉挛,无
胆绞痛,无
右上腹痛,无
腕管综合征,无
颈椎增生,无
碘甲亢,无
甲状腺结节,无
缺碘,无
瘀斑,无
大便干结呈算盘珠状,无
腭部有黑色焦痂,无
念珠菌感染,无
胃疼,无
毛细血管渗漏综合征,无
腹腔出血,无
急性呼吸困难,无
室上性心律失常,无
舌头上有长时间不愈溃疡,无
口干舌燥,无
舌体深裂,无
掌跖多汗,无
交感神经高度紧张,无
反复呕血,无
全身感染中毒症状,无
强迫性头位,无
听力下降,无
外耳道疼痛,无
耳道流血,无
排钾过多,无
代谢性低钾,无
肠蠕动减慢,无
白带增多,无
白带,无
脓浊带下,无
带下赤白,无
呛咳,无
痉挛性咳嗽,无
唇圆或椭圆形红斑,无
肢体短缩畸形,无
发育性畸形,无
四肢瘫痪,无
直立性低血压晕厥,无
小脑性共济失调,无
肠狭窄,无
低蛋白血症,无
毛细血管搏动,无
杵状指（趾）,无
心脏杂音,无
肝内HDAg仅一过性阳性,无
食欲缺乏,无
食欲下降,无
肝被膜血肿破裂,无
皮肤粘膜色素斑,无
尿比重增高,无
液体平衡失调,无
颅面骨畸形,无
身体下部短于上部,无
呆滞,无
甲状腺功能低下,无
咽部溃疡,无
口、眼、生殖器损害,无
下唇微痒增大如蚕茧硬结,无
局部灼热,无
粪柱变形变细,无
躁狂,无
情感高涨,无
情绪低落,无
自杀行为,无
肾性尿崩,无
肌性肌无力,无
烦渴多饮,无
咳铁锈色痰,无
急性面容,无
畏光流泪,无
括约肌功能障碍,无
肛门括约肌松弛,无
肛门反射减弱或消失,无
利尿,无
胆囊增大,无
间歇性跛行,无
臀部疼痛,无
髂窝部疼痛,无
小腿腓部肌肉疼痛和压痛,无
肠壁水肿增厚,无
大肠黑变,无
颅内高压,无
间歇性头痛,无
囊性肿块,无
挤压伤,无
瘀血,无
指(趾)肿胀,无
肺气压伤,无
肺容量减小,无
门脉高压,无
灰白大便,无
便血且血与粪便混合,无
肛门区红肿及痛性硬块,无
食欲异常,无
胆道梗阻,无
胆囊运动障碍,无
高代谢征群,无
眼球内斜,无
尿崩,无
蝶鞍变形,无
麻痹,无
打哈欠,无
皮肤出血斑,无
皮肤瘀斑,无
绿色弱,无
虹膜节段性萎缩,无
皮肤异色症,无
足癣,无
耳流脓,无
传导性耳聋,无
耳鼓膜穿孔,无
皮肤冻伤,无
脚冻伤,无
耳冻伤,无
皮肤潮红肿胀,无
肢端发绀,无
手指冻肿,无
心动过缓,无
心率过缓,无
肝质地硬,无
心慌气短,无
肾损害,无
角膜灼伤刮伤,无
颈动脉痛,无
易激动,无
右上腹压痛,无
胆囊扣痛,无
面部叩击征,无
陶瑟征阳性,无
手酸,无
骨软化,无
蹲下起来后眼前发黑,无
甲状腺扪及光滑坚实的椭圆形结节,无
甲状腺肿大,无
右胁疼痛,无
善太息,无
肝细胞索支架塌陷,无
肝窦扩张,无
毒物致肝损害,无
多指（趾）畸形,无
先天性骨发育不良,无
恶病质,无
胆囊积脓,无
胆囊壁变薄,无
体重增加,无
男性型肥胖,无
皮肤张力增加,无
青春期肥胖,无
眼睑下垂,无
卵巢性多毛,无
卵巢性闭经,无
脾肿大,无
椎体结核,无
脊柱破坏,无
腰骶疼痛,无
窦道相,无
单瘫,无
肠道功能紊乱,无
四肢抽搐,无
反复高热,无
昏睡,无
一过性昏厥,无
心力贮备减少,无
腹部血管杂音,无
脉象细数,无
四肢关节如折,无
下肢淋巴水肿,无
眼球斑点,无
眶周青紫,无
脓血便,无
红视,无
发作性咳嗽,无
变应性咳嗽,无
持续性咳嗽,无
腱反射消失,无
皮质滤泡萎缩,无
肌束震颤,无
感觉过度,无
右下腹压痛,无
单纯性晕厥,无
易饿,无
空腹低血糖,无
排尿时外阴灼热、瘙痒或疼痛,无
外阴肿胀,无
小腿瘙痒干燥,无
皮肤皴裂,无
皮肤干燥,无
表皮发生钙化,无
穿透性皮肤变性,无
肢端缺血,无
附睾囊肿,无
胆囊积水,无
肝外胆管结石,无
胆管梗阻,无
色素性胆结石,无
脑白质变性,无
病理性发笑和哭喊,无
寒冷刺激下皮损表面出现皱缩,无
肠闭锁,无
大疱（含脓性液体）,无
出生后即有持续青紫,无
口唇和甲床略带青紫,无
面色青紫,无
短颈,无
头颈部活动受限,无
后发际低,无
板状腹,无
结肠梗阻,无
骶骨处持续性疼痛,无
骶骨裂,无
尾部疼痛而拒坐,无
下肢放射痛,无
骶髂关节疼痛,无
骶髂部剧烈疼痛,无
关节扭伤,无
桥脑梗塞,无
急性阴道感染,无
胆汁潴留,无
肝叶萎缩,无
肝掌,无
雀斑,无
浅棕色斑点,无
肌肉痉挛性疼痛,无
血液呈现浓缩,无
三角肌疼痛,无
抗Jo-1抗体阳性,无
肌肉假肥大,无
肌肉压痛,无
皮肤呈浅黄或深金黄色,无
重度贫血,无
性交疼痛,无
胆囊的超敏反应,无
深部性头痛,无
汗毛过多,无
高雄激素血症,无
妊娠时出现的多毛,无
小阴唇及前庭也有散在的白色圆形及环形丘疹,无
脑缺血,无
心脏肥大,无
绞痛,无
颅骨连续性中断,无
神经质性格,无
眩晕欲扑,无
排便困难,无
局部压痛,无
血沉增快,无
缺氧缺血性神经损伤,无
骶椎腰化,无
腰骶部或下腰部疼痛,无
重度烧伤,无
烧伤创面苍白或焦黄炭化,无
皮肤坏死,无
骶尾椎融合,无
视觉识别障碍性眩晕,无
感觉倒错,无
幻想失去时间和空间感觉,无
四肢电击感,无
蚁走感,无
餐后综合征,无
低血糖性低温症,无
低血糖性昏迷,无
死骨,无
骨骼肿块,无
脑室受压移位,无
心搏漏跳,无
不完全性房内阻滞,无
骨外团块,无
视物变形,无
失读,无
肢体障碍,无
双侧肾内痛,无
肾区压痛,无
肾区钝痛,无
脉搏脱漏,无
低射血分数,无
髋内翻,无
膝内翻,无
弓状指,无
骨端增大,无
囊样斑块,无
指甲类似云母,无
酮症酸中毒,无
正弦胎心率,无
剧烈头痛,无
味觉障碍,无
听觉障碍,无
自动症,无
腱反射亢进,无
舞蹈样手足徐动,无
新陈代谢低下,无
拇指三节,无
孤立肾,无
蓝色橡皮大疱痣,无
血管壁及周围有Ig及补体沉着,无
动静脉短路现象,无
鼻流浊液,无
口苦,无
丹毒样外观,无
皮肤弥漫性红肿,无
泛发性红色斑块,无
空肠憩室,无
结节状息肉样肿块,无
肩胛放射性疼痛,无
肩部或肩胛区持续钝痛和深部钻刺样不适感,无
肩胛骨酸痛,无
上腹部包块,无
手冻伤,无
脸裂,无
湿性坏疽,无
马蹄内翻足,无
睾丸发育不全,无
幽门狭窄,无
肾盏变钝,无
肾盏结石,无
脊髓压迫,无
截瘫,无
关节液渗出,无
动作样壁,无
痰有恶臭味,无
心脏扩大,无
顽固性心功能不全,无
心肌肥厚,无
上半身热刺激性多汗,无
压力和体位性多汗,无
夜间盗汗,无
面、颈部味觉性多汗,无
上半身代偿性多汗症,无
气滞,无
头部重压感,无
高耸而对称的T波,无
晶状体膨胀增大,无
晶状体混浊,无
晕厥反复发作,无
情景性晕厥,无
黑蒙,无
颈动脉窦性晕厥,无
胃痉挛,无
皮肤皲裂,无
耳垂长痘,无
慢性湿疹样变,无
皮肤过度伸展,无
听觉过敏,无
耳道流脓,无
耳廓红肿,无
菜花耳,无
心脏震颤,无
肺积水,无
颈静脉怒张,无
色素性皮损,无
皮肤多痣,无
前房色素沉积,无
氨基酸尿症,无
儿童髋部疼痛,无
大腿刺痛,无
下蹲困难,无
儿童联想和情感障碍,无
幻觉,无
色情行为,无
紧张性木僵,无
支气管痉挛,无
咳血,无
注意障碍,无
坐立不安,无
腮腺肿胀,无
裂腭,无
营养障碍,无
儿童骨缺损,无
定向力障碍,无
缄默症,无
健忘,无
间歇性耳痛,无
耳廓癣,无
杯状耳,无
感觉迟钝,无
语言发育迟缓,无
梅毒肝,无
玫瑰疹,无
口腔难愈的白色片状物,无
口腔粘膜上白色较硬的隆起斑块,无
口腔念珠菌感染,无
口角生疮,无
前房下方有红色血平面,无
儿童行为孤僻,无
婴儿说话晚,无
儿童精神运动发育异常,无
社交敏感性障碍,无
子宫穿孔,无
嗅觉倒错,无
浅感觉减退或缺失,无
排气障碍,无
胃部隐痛,无
恶寒,无
秋季狂躁症,无
强迫观念,无
攻击行为,无
颅内感染,无
婴儿睡觉不踏实,无
婴儿睡眠少,无
保持睡眠障碍性失眠,无
梦游,无
紧张性疲劳,无
神经性耳鸣,无
耳内疼痛,无
耳源性眩晕,无
面神经瘫痪,无
心瓣膜病变,无
肺淤血,无
中枢性耳聋,无
耳蜗性耳聋,无
额叶癫痫岛盖发作,无
思维紊乱,无
耳垂缺损,无
耳鼓膜破裂,无
耳垂粘连,无
招风耳,无
颅压增高,无
儿童大便失禁,无
真皮侵袭性生长,无
全身皮肤散在黑痣,无
黑痣,无
痣细胞,无
鼓膜发红，耳后红肿,无
耳核肿痛,无
脱皮,无
鱼鳞癣样红皮,无
眼睑外翻,无
卵圆孔闭合不全,无
心尖部第1心音亢进,无
心脏排血受阻,无
复杂性尿路感染,无
放射性疼痛,无
回盲瓣功能不全,无
色素脱失,无
下肢浮肿,无
心脏结构异常,无
劳力性呼吸困难,无
偏瘫,无
遗尿,无
儿童尿床,无
多食,无
耳后疼痛,无
耳闷,无
软腭有疤痕,无
发音障碍,无
吞咽障碍,无
胸膜转移,无
血性胸水,无
管型尿,无
氮质血症,无
颈性高血压,无
衰老加快,无
双眉间长痘,无
黑头粉刺,无
栓塞性肾炎,无
肾缺血,无
呕血,无
胀感,无
便稀时经阴道排出,无
尿道瘘,无
直肠肛门内胀痛不适,无
癌性疼痛,无
腰部包块,无
手腕部米粒大小硬如软骨的包块,无
盆腔包块,无
耳内发胀,无
小儿发热,无
耳根部疼痛,无
吐白沫痰,无
看东西有重影,无
肺泡炎症,无
胸闷憋气,无
多汗恶风,无
自汗肢冷,无
声音变低,无
阴茎疼痛,无
急性腹痛,无
高碳酸血症,无
眼睛痒,无
咳嗽伴胸痛,无
空腹时腹部有振水声者,无
夜盲,无
肛门瘙痒,无
流黄鼻涕,无
鼻孔流脓,无
幻味,无
脐周腹壁缺损,无
肠蠕动减少,无
强硬舌,无
持续低烧,无
无名指半月甲呈粉红色,无
角膜树枝状改变,无
干性咳嗽,无
肺纤维化,无
分离性漫游症,无
下腹部钝痛和酸胀感,无
囊肿性痤疮,无
胰腺功能不足,无
背痛,无
附睾肿大发硬,无
附睾结石,无
腋下淋巴肿大,无
足和足趾不能背屈,无
跨阈步态,无
步态异常,无
下肢血压偏低,无
皮下脂肪增多,无
内脏性肥胖,无
持续性弛张热,无
停经,无
微血栓形成,无
肝细胞内脂肪堆积过多,无
多形红斑样皮疹,无
尿赤,无
喉鸣声,无
髌后疼痛,无
前额头痛,无
苔白而润,无
舌苔薄白,无
脉浮紧,无
睡眠呼吸暂停,无
睡眠唤醒反应,无
发作性睡眠,无
猝倒,无
入睡幻觉,无
肾小管酸化功能障碍,无
双足红肿热痛,无
热痱,无
严重急性呼吸道症,无
右心衰竭,无
心肺栓塞,无
下肢无力,无
胃肠道出血,无
牵涉痛,无
腹壁切口处有肿物突出,无
咳嗽伴杵状指,无
横膈低平,无
肺内空洞,无
四肢畸形,无
局部淋巴结肿大,无
腹部“柔韧感”体征,无
肌肉的失用性萎缩,无
腓骨肌对称萎缩逐渐向上发展,无
脸颊发灰,无
胸片示肺内孤立结节,无
男性化,无
阴蒂肥大,无
死产,无
心房内形成混合血,无
劳累后心悸,无
室间隔缺损,无
震颤,无
心脏增大,无
颈强直,无
晨僵,无
下巴关节疼,无
肺部化脓性感染,无
粉红色泡沫痰,无
肺下叶周围呈节段性或大叶性模糊阴影,无
肺源性心脏衰竭,无
脱屑,无
流行性肌痛,无
Howship-Romberg征,无
咽喉部干燥刺痒,无
咽部异物感,无
咽喉部充血,无
痰中带血丝,无
异位性心动过速,无
逆向型房室折返性心动过速,无
脊椎僵直,无
腰椎肥大,无
腰背酸痛,无
肺动静脉瘘,无
动脉粥样硬化,无
心脏穿透性损伤,无
肢体肿胀,无
鼻黏膜溃疡,无
无痛性口腔溃疡,无
阔韧带内形成血肿,无
乳腺隐痛,无
胸大肌外侧缘处如花生米大小的肿块,无
皮肤转移,无
肠粘膜有坏死溃疡,无
分裂型人格障碍,无
脓痱,无
白痱,无
深痱,无
牙齿上白垩色到褐色的斑块,无
牙釉质腐蚀,无
肺性肥大,无
肺部肿块,无
手足麻木,无
腓肠肌撕裂,无
食管气管瘘,无
胃脘饱胀,无
烦热,无
频发房性早搏,无
钙化影,无
支气管狭窄,无
胸水,无
腹部凹陷呈舟状,无
动脉出血,无
肝浊音界缩小或消失,无
腹股沟区可复性肿块,无
心源性晕厥,无
突发性绞痛,无
上呼吸道卡他症状,无
持续性下腹疼痛,无
角栓,无
咳出棕色痰栓,无
嗜酸性粒细胞增多,无
弥漫性腹部骨化,无
收缩期震颤,无
心源性呼吸困难,无
紫绀和血缺氧,无
脑神经麻痹,无
脑干病变,无
下垂肩,无
口渴喜饮,无
肠子胀气,无
气促,无
动脉血氧饱和度降低,无
面赤唇紫,无
弥漫性脂肪变性,无
肥胖前期,无
口腔血泡,无
唾液分泌增多,无
无汗腺导管角质护膜分化,无
易疲乏,无
类偏狂,无
毫无情感反应,无
病理性偷窃,无
精神创伤,无
便秘伴剧烈腹痛,无
手背部皮肤发红肿胀,无
黑睛溃破,无
浆液脓性分泌物,无
牙齿缝隙大,无
牙龈深红或暗红色,无
劳动后气急,无
腹肌严重发育不良,无
先天性腹壁发育不全,无
下呼吸道感染,无
上呼吸道感染,无
水样便,无
弥漫性系膜硬化,无
弥漫性脐周疼痛,无
左腹屈曲,无
内斜A征,无
菱形-现象,无
近视弧,无
关节僵直,无
外感风热燥火,无
风盛血燥,无
胸骨后烧灼样痛,无
吐酸,无
吞咽时胸痛,无
下腹剧痛并渐向腹中线扩散,无
口及咽部烧灼感,无
两肺弥漫或散在可逆性哮鸣音,无
皮肤出血点,无
钩蚴性皮炎,无
股三角区压痛,无
膀胱刺激症,无
鼻端肥大,无
行为无计划性,无
无羞惭感,无
痰中或可找到蛔蚴或虫卵,无
隐球菌囊膜多糖堆积,无
反复肺炎,无
肺动脉杂音,无
肌张力减低,无
舞蹈样不自主运动,无
结核杆菌血行播散,无
肺源性呼吸困难,无
肺火,无
皮肤搔痒,无
运动性失语,无
骨皮质变薄,无
眼眶疼痛,无
颌骨膨隆,无
面部畸形,无
剥脱性皮炎,无
口中有金属甜味,无
绝经后出血,无
活动受限,无
纵行骨折,无
撕脱骨折,无
舌型骨折,无
心脏刺痛,无
肝淤血,无
排尿疼痛,无
排尿异物感,无
反射性呕吐,无
周期性发作的巩膜充血,无
巩膜水肿,无
早晨上下眼睑粘连,无
憩室出血,无
膈膨升,无
食管痉挛,无
弥漫性血管角化,无
痰检或可找到丝状蚴,无
鼻孔干疼,无
鼻咽腔狭窄,无
挖鼻孔,无
脉氧合不足,无
下肢短缩,无
老人髋部疼痛,无
哭泣样尖叫,无
阴囊坠胀痛,无
睾丸疼痛,无
钝痛,无
肝气犯肺,无
仰卧呼吸,无
前臂和腕部的疼痛,无
前臂有旋前畸形,无
皮肤出现硬块,无
肢体疼痛,无
梅毒感染,无
胸膜摩擦音,无
尿道口有红斑和水肿,无
阴茎和阴囊水肿,无
阴茎龟头橡皮肿,无
脉络暴露,无
宫颈肥大,无
气逆,无
咯血如注,无
木僵,无
目赤,无
面红升火,无
绝经,无
胸骨隆凸,无
肘关节畸形,无
缺血性挛缩,无
肘部外翻角增大,无
肘部的肿胀压痛,无
肛门短时间阵发性钝痛,无
肛门剧痛,无
肛门疼痛,无
肛门外括约肌断裂,无
尿常规异常,无
左心室肥厚,无
尿酸盐在关节内沉积增多,无
尿酸结晶,无
关节液中白细胞内有尿酸结晶,无
关节肿痛,无
痛风结节,无
睾丸胀痛,无
睾丸增大和变硬,无
阴囊下坠,无
阴囊肿大,无
遇冷后排汗增多,无
指甲呈筒形,无
焦虑性适应障碍,无
无能力感,无
心境不良,无
神志不清,无
窒息,无
髋关节痛,无
大腿肌肉萎缩,无
深感觉障碍,无
脑叶出血,无
中枢性发热,无
肘痛,无
肘关节不能屈曲,无
屈腕屈指无力,无
排粪时肛门灼痛,无
肛裂溃疡,无
肛裂三联征,无
肛周皮肤有湿疹,无
肛周皮肤潮红,无
肛门湿疹瘙痒,无
吐泡沫痰,无
肝功能异常,无
干胁痛,无
神经根刺激,无
状颅皮,无
三叉神经一二支分布区域疼痛,无
神经纤维过度生长,无
增生性骨膜炎,无
胫骨疼痛,无
巩膜黄染,无
肝臭,无
眼睛胀痛,无
关节畸形,无
股骨近侧端变宽,无
继发性闭经,无
膈下感染,无
肝昏迷,无
扭伤,无
脚外侧疼,无
足跟淤血,无
纳差,无
肝热及胆,无
颌骨关节痛,无
骨盆痛,无
肘部剧烈疼痛，压痛肿胀,无
胆管断裂,无
角膜干燥斑,无
上肢半屈状,无
臂痛,无
酩酊感,无
汞毒性震颤,无
咯血伴呛咳,无
咯血伴发热,无
气管阻塞,无
口眼歪斜,无
臀部可触及上移的股骨头,无
压缩型骨折,无
失水,无
唇干舌燥,无
脑细胞脱水,无
脑膜刺激症状,无
口渴引饮,无
弥漫性骨质疏松,无
颅骨增生,无
晕眩,无
足跟的后上方疼痛的红色肿块,无
足跟痛,无
指鼻不准,无
神经干断裂,无
神经束损伤断裂,无
神经束内神经纤维损伤,无
手掌及足趾皮肤过度角化,无
髓质海绵肾,无
屈光不正性弱视,无
远视屈光度数增加,无
视物变小,无
视野缩小,无
肝病容,无
肝病面容,无
肝区血管杂音,无
皮肤湿冷,无
肢端湿冷,无
颈部搏动,无
基底节出血,无
下腹局部疼痛,无
髋外侧可见皮下瘀血斑,无
儿童反复骨折,无
颈背疼痛,无
肌腱囊肿,无
踝关节疼痛,无
血运障碍,无
胁肋灼痛,无
不断眨眼,无
粪便排出过程异常,无
胸骨压痛,无
皮肤温度升高,无
无瘙痒，无肝胆疾病的皮肤黄染,无
血压低,无
跟腱疼痛,无
血液粘度增高,无
血脂异常,无
高粘滞综合征,无
大腿内侧红斑,无
股部内侧靠近阴囊处的皮疹,无
腹股沟痒,无
羊水中有胎粪,无
胎盘钙化,无
胎盘植入,无
甲皱毛细血管袢数减少,无
尿偏碱,无
低温性昏迷,无
咽喉疼痛,无
颈部肌肉肿胀变硬,无
种植性结节,无
髋外侧肿胀压痛,无
上肢突然出现肿胀酸痛,无
干性皮肤,无
面部脱皮,无
骨蒸潮热,无
遗精,无
阴道排出碎块组织,无
踝关节肿胀,无
踝部及足背水肿,无
肛管息肉,无
腹股沟淋巴结肿大,无
腹痛伴黄疸,无
门体侧支循环,无
早孕反应重,无
进食异常,无
指甲床发绀,无
眼底异常,无
眼肌麻痹,无
眼睑震颤,无
肛门病变,无
肛周囊肿,无
青春期功血,无
经期出血,无
晚发月经,无
指甲中央部分隆起,无
中指半月甲呈粉红色,无
弦脉,无
左边脸颊长痘,无
骨盆损伤,无
漏斗骨盆,无
宫颈囊肿,无
肛管括约肌横断,无
肛管反射消失,无
盲袋阴道,无
性腺发育不良,无
女性性器官反应缺乏,无
无胡须腋毛和阴毛,无
先天性无子宫,无
肢体局部的皮肤颜色和温度改变,无
体型异常,无
骨膜反应,无
血管硬化,无
黄色结节,无
不稳定性心绞痛,无
口唇苍白,无
阴道持续流血不停,无
阴道转移,无
屈髋屈膝及外旋畸形,无
脱髓,无
胸痛伴冷汗,无
上腹壁的中央线缺损,无
膈肌缺损,无
结缔组织性外痔,无
血栓外痔,无
前臂及手部肌群的缺血性挛缩,无
手麻,无
尺动脉或桡动脉搏动减弱和消失,无
外展型骨折,无
持续性剧烈的肩痛,无
牙有伸长感及触痛,无
牙疼,无
斜视性弱视,无
交叉注视,无
斜眼抑制,无
肛乳头肥大,无
静脉曲张性外痔,无
肌纤维大小不等,无
自发性骨折,无
足背及胫后动脉搏动减弱,无
食管下段静脉曲张,无
肝腹水,无
孕早期腹痛,无
妊娠时伴有腹痛的阴道流血,无
异位妊娠,无
脊柱侧弯,无
出汗减少,无
大腿外侧痛,无
股前外侧麻木、蚁行感,无
肛门或肛管窄小,无
肛门畸形,无
肛内分泌物多,无
肛门会阴区潮湿不洁,无
夹层血肿,无
手足脱皮,无
颈背部肌肉痉挛,无
新生儿斜颈,无
先天性弓形体,无
腱反射异常,无
脸色发黄,无
头发枯黄稀疏,无
精神萎靡,无
咳嗽伴呼吸困难,无
咳嗽伴体重减轻,无
光过敏,无
面容呈灰色,无
多梦,无
耳硬化症,无
鼓膜瘢痕化,无
多疑,无
迫害妄想,无
宫颈粘连,无
宫颈粘液少,无
宫颈闭锁,无
宫颈水肿,无
宫颈前唇水肿,无
鼻子红血丝,无
鼻腔中后部出血,无
立毛反射减弱,无
子宫颈变大,无
宫颈软,无
子宫呈葫芦状,无
羊水血性,无
羊水中回声增强增多,无
羊水粪染,无
胎动减少,无
关节强硬,无
滑膜增厚,无
下肢感应痛或放射痛的腰背痛,无
泌尿道阻塞,无
肾前性肾功能不全,无
骨赘大量增生,无
排痰无力,无
腹壁静脉怒张,无
水钠的蓄积,无
皮肤紫癜,无
黑尿,无
小腿以下缺血,无
暴力作用后腹痛,无
马蹄外翻足,无
足不能跖屈和内翻,无
足底溃疡,无
足内翻,无
两肺满布粟粒状阴影,无
慢性中毒,无
肛区为皮肤覆盖,无
易哭,无
情绪性高血压,无
伴高血压,无
小脑出血,无
丘脑出血,无
宫颈黏液脓性分泌物,无
皮损可呈角样突起,无
面色灰暗,无
经闭不行,无
身体蠃瘦,无
阴囊肿胀,无
睾丸萎缩,无
脚后跟长骨刺,无
足跟后凸,无
胀坠感,无
内收型骨折,无
门齿间距增宽,无
婴儿头大,无
肘部扭伤,无
白渣样鼻涕,无
眼球移位,无
鼻黏膜和鼻甲萎缩,无
外阴白斑,无
高眼压,无
颌突畸形,无
关节强直,无
指甲、耳软骨出现褐色色素沉着,无
驼背,无
耳、鼻、软骨变成蓝色,无
舞蹈病样动作,无
严重情绪障碍,无
认识能力缺失,无
童样痴呆,无
口粘,无
头重如裹,无
肢体重困,无
吞咽痛,无
颈部疼痛,无
呻吟,无
热痛,无
喜凉怕热,无
乌珠生翳如葱白,无
花翳白陷,无
淋巴结疼痛,无
韧带断裂,无
寰枢脱位,无
寰枢关节不稳定,无
皮肤粘连,无
注射针眼和手术切口出血,无
喉部刺痛,无
自发性球内出血,无
虹膜发炎,无
虹膜表面形成灰白色肿瘤结节,无
颌下腺疼痛、压痛,无
眉弓疼痛,无
运动功能障碍,无
韧带扭伤,无
食物下咽时颈部有气过水声感,无
面肌无力,无
耳下区的韧实肿块,无
皮肤轻度糜烂,无
广泛红斑浸润损害伴有脱屑,无
颈性眩晕,无
易跌倒,无
女阴会阴出现红色结痂斑块,无
大阴唇或肛门大小不等、质软无压痛包块,无
指甲翘起,无
齿龈出血,无
椎间盘脱出,无
鲜红斑痣,无
脑室出血,无
踝关节屈曲挛缩畸形,无
足外翻,无
喉部堵塞感,无
咽喉及口内刺痒,无
皮肤肉芽肿,无
进行性肉芽性溃疡坏死,无
舌骨区有肿胀压痛,无
下唇肿胀外翻,无
浅表淋巴结肿大,无
淋巴管淤积,无
口唇干燥,无
烂嘴角,无
口唇皲裂,无
气管间隙形成肿块,无
药物依赖,无
肾脏缩小,无
呕吐苦水,无
静脉血栓,无
喘鸣,无
粘膜萎缩,无
脸上长斑,无
妊娠性黄褐斑,无
脸上黑斑,无
面部斑点,无
脂肪代谢障碍,无
颌骨错位,无
咬合关系错乱,无
蜂窝组织炎,无
过度换气综合征,无
掌趾皮肤黄色角化物,无
皮肤受累,无
疣状增殖,无
羞明,无
指甲夹伤,无
肌肉撕裂,无
关节挛缩,无
毛孔堵塞,无
颈部不稳感,无
病理性黄疸,无
胆红素升高,无
粪便中排出的粪胆原增加,无
皮肤萎缩和色素沉着,无
盲点,无
瞳孔缘色素外翻,无
食管闭锁,无
牙齿数目不足,无
面肌及颈肌紧张,无
巨唇,无
下唇麻木,无
脸部疼痛,无
牙齿松动和脱落,无
颌下腺导管口有咸味或脓性分泌物排出,无
颌下腺肿大,无
口舌生疮,无
胎膜早破,无
胎位不正,无
宫底及耻骨联合上方空虚,无
黄体破裂,无
滤泡增大,无
梅毒性脱发,无
内踝下区域疼痛肿胀,无
眼睛发红,无
睫状充血,无
同位素32磷吸收试验阳性,无
发音改变,无
皮肤黏蛋白沉积,无
会阴部牵引痛,无
会阴部撕裂感,无
阴道裂伤,无
阴道入口粘膜撕裂,无
产后大便失禁,无
重压感、紧箍感或钳夹样头痛,无
眼花,无
气息异常,无
溃疡疼痛,无
脾胃湿热,无
汗出如油,无
绝汗,无
皮下气肿,无
肌张力降低,无
外踝前下方肿胀和疼痛,无
宫颈举痛,无
吸气困难,无
拥抱反射消失,无
青红肤色,无
皮肤青紫色改变,无
皮肤触痛,无
甲身凹沟,无
喉肌无力,无
环甲肌失去收缩或牵引感,无
讲话频率小，不能发高音,无
声音异常,无
偏侧不注意,无
运动性忽略症,无
韧带拉伤,无
年轻人的眼袋,无
瞳孔出现黄白色反光,无
腮腺肿大,无
腮腺无痛性肿块,无
腮腺区肿大,无
温毒厥脱,无
干性坏疽,无
坏疽脓皮,无
足部坏疽,无
下肢湿性坏疽,无
舌口及咽部烧灼感,无
舌运动受限,无
鼻泪管阻塞,无
皮损似干燥的灰泥样,无
不能伸展拇指,无
皮肤弹性差,无
分泌性腹泻,无
指(趾)甲增厚,无
汗腺分泌体味,无
单眼眼前黑影,无
运动损伤,无
小腹冷痛,无
小腹刺痛,无
脉沉弦,无
下腹坠胀,无
舌咬伤,无
滑膜黑染,无
膝关节肿大,无
踝膝关节积液,无
膝关节积液,无
色觉异常,无
耀光感,无
脐周阵发性绞痛,无
眼白蓝灰色或黑色斑点,无
肠鸣音亢进,无
淋巴液流出,无
牙齿萌出异常,无
下颌前突,无
牙齿咬合无力,无
食管壁纤维化,无
心源性胸痛,无
心脏骤停,无
惊跳,无
阴部溃疡,无
顽固性口腔溃疡,无
颈部强硬,无
眼皮下垂,无
抱轮红赤,无
臀部酸痛,无
腰骶部酸痛,无
肌肉痉挛,无
腰脊椎疼痛,无
反应性细胞改变,无
抗内膜抗体阳性,无
腰背部有皮毛窦,无
鼻端出火,无
鼻和喉部灼热感,无
感染性鼻炎,无
椎前旁软组织肿胀或脓肿,无
阴茎硬结,无
阴茎异常,无
浅筋膜炎,无
阴茎损伤,无
凸甲,无
阵挛,无
构音障碍,无
叶状脱色斑,无
智能减退,无
特殊面痣,无
眼睑浮肿,无
清晨或上午头痛,无
肾小管坏死,无
脊髓梗死,无
膈麻痹,无
脐腹部或胁肋部患有癖块,无
胸口闪电疼痛,无
流口水,无
双侧手足徐动,无
生长过快,无
进行性颈部肿块,无
下肢肌肉瘫痪,无
颈髓硬膜外病变,无
高位截瘫,无
心脏停搏,无
高血钾,无
重听,无
结肠内形成坚硬的粪石,无
腹胀呃逆,无
胃粘膜充血,无
晶状体蛋白逸出,无
晶状体突出,无
晶状体铁质沉着,无
晶状体移位,无
胃肠道功能不好,无
巨乳,无
乳房肥大,无
乳房巨大,无
癌性输尿管狭窄,无
鼻脓涕有臭味,无
瘀血性痛经,无
发作性眩晕,无
生理性腹泻,无
口唇渗液,无
唇干裂,无
上唇疖肿,无
颈髓完全性损伤,无
脊柱弯曲,无
椎节分裂,无
腰椎骶化,无
瘀血积聚,无
少儿脊柱侧凸,无
一时性便秘,无
继发性便秘,无
心肌坏死广泛,无
血疱,无
无脉症,无
舌红少津无苔,无
肥大结节纤维组织增生,无
头或颈部发胀及跳动感,无
脑脊液白细胞增加,无
言语紊乱,无
去大脑强直,无
去质状态,无
肩痛,无
颈椎间盘突出,无
颈部酸痛,无
肩周酸痛不适,无
脚臭,无
趾垂症,无
干性脚气,无
头沉,无
考试综合症,无
紧箍咒一样头紧,无
落枕,无
胸廓狭窄而扁,无
习惯性腹泻,无
脊髓出血,无
肠子粘连,无
强迫仰卧位,无
颈椎变形,无
行走踩棉花感,无
锥体束病损,无
颈椎间盘退变,无
颈椎关节的根性疼痛,无
肩背颈项痛,无
髌前空虚感,无
髌骨软化,无
髌骨骨裂,无
冻结肩,无
结肠黑变,无
眼角膜反射消失,无
角膜反射迟钝,无
角膜知觉减少,无
乳腺退化不全,无
蠕动感,无
肌腱断裂,无
撞击征,无
疼痛弧征,无
腱或腱止点处增粗或钙化,无
粟粒样丘疹,无
大块肝细胞坏死,无
肝郁气滞,无
胃移位,无
闪电样痛,无
光反射消失,无
膝、踝反射减退,无
闭目难立征,无
疥疮结节,无
日轻夜重的瘙痒,无
持续性肠绞痛,无
内脏出血,无
死精子过多,无
精子质量下降,无
脊突叩痛,无
味觉减退,无
输卵管肿大,无
经期头痛,无
月经血块过多,无
手术创伤,无
单眼突然出现一过性黑蒙,无
一过性脑缺血,无
强迫性神经官能症,无
恐惧,无
脊髓横贯损害,无
咽部充血,无
巅顶疼痛,无
被迫体位,无
卧床不起,无
胸腰段及腰椎前凸消失,无
手指发僵疼痛,无
外伤性出血,无
脾大,无
肢端易发生不易控制的足癣感染,无
传导性耳鸣,无
气血凝滞,无
脾虚,无
鼻尖上翘呈马鞍状,无
鼻唇沟发红皲裂,无
鼻裂,无
肌病步态,无
围产期心肌病变,无
轻度精神发育迟滞,无
中度精神发育迟滞,无
重度精神发育迟滞,无
免疫性肾炎,无
小管间质性肾炎,无
感觉分离,无
蛛网膜增厚,无
胸部沉重感,无
心脏重量增加,无
二尖瓣脱垂,无
甲亢面容,无
持续高烧,无
指甲上起小细粒,无
容易发生青肿,无
屈伸不利,无
硬斑,无
神志淡漠,无
腋窝痛,无
乳房肿块,无
骨转移,无
囊性坏死,无
颈部囊性病变,无
腹肌肌肉抽搐,无
反复抽搐,无
读小字和辨色困难,无
视盘倾斜,无
嗜酒性幻觉性精神错乱,无
对红绿颜色分辨不清,无
皮肤粗糙,无
无痛性硬实结节,无
手唇震颤,无
暴怒,无
复杂性醉酒,无
手指和足趾无痛性软组织肿块,无
精神过敏,无
术后急性精神障碍,无
肠粘膜脱落,无
易昏厥,无
手足厥寒,无
指（趾）麻木,无
手握物无力,无
手无力不自觉的丢落持物,无
精道疼痛,无
肾络滞阻,无
顽固性高血压,无
去首高血压,无
冷结节,无
指甲呈扇形,无
酒精性肝硬化,无
温觉丧失,无
节段性分离性感觉障碍,无
拇指不明原因疼痛,无
腱鞘变干,无
肌腱粘连,无
肌腱端炎,无
产后手指痛,无
头部偏向一侧做扭转运动,无
椎动脉迂曲痉挛,无
脉涩或结,无
纤维膜包裹,无
侵蚀性骨破坏,无
心理性性功能障碍,无
男子性功能障碍,无
脊柱后突,无
脊柱的成角畸形,无
脊髓马尾受累,无
椎管大小变化,无
脊髓内胶质增生,无
椎间隙变化,无
局限性肌张力障碍,无
锥体外系损害,无
小书写症,无
儿童型肌张力障碍,无
新生儿气促,无
食管反流症状,无
肌肉坏死,无
抽筋,无
雾视,无
颅外头痛,无
胸腰段背部或臀部的疼痛,无
血精,无
皮肤水疱，后形成黑色干痂,无
人工荨麻疹,无
瘤块压迫,无
孕妇非妊娠原因的腹痛,无
隐性产后出血,无
怀孕时子宫异常增大,无
单发性坚实性结节,无
角膜烧伤,无
炎性损害,无
弯腰时腰痛,无
骶骨囊肿,无
耳内流脓,无
口角下垂,无
口有溴味及咸味,无
绷急疼痛,无
异源性ACTH,无
构音不良-手笨拙综合征,无
发作后精神障碍,无
继发性视神经萎缩,无
脊髓的浸润,无
混合型酸碱平衡紊乱,无
中毒性巨结肠,无
浑身忽冷忽热,无
腹壁红斑,无
真性菌尿,无
直立性尿蛋白,无
血管性水肿,无
脊髓休克,无
胸腰椎损伤,无
脊柱和四肢畸形,无
脊髓病变,无
上颈髓区病变,无
眼裂细小,无
单侧面部萎缩,无
钙沉积,无
喉咙冒黏液,无
上肢外展上举困难,无
肩臂外侧的感觉障碍和功能受限,无
心理年龄小于生理年龄,无
皮质性遗忘症,无
一侧性下腹剧烈疼痛,无
皮下深部筋膜进行性坏死性感染,无
肩背部肌肉痛,无
筋膜疼痛,无
病理性近视,无
下腹坠痛,无
类戒断反应,无
糖激素依赖,无
大便溏泄,无
红鼻头,无
颈后及肩部皮肤发硬,无
角巩膜葡萄肿,无
眼球内积脓而失明,无
竹节脊柱,无
静脉曲张性溃疡,无
下肢浅静脉曲张,无
咽反射消失,无
面部麻木,无
手术后破伤风,无
苦笑面容,无
迁徙性浅静脉血栓形成,无
局部静脉压痛,无
精神恍惚,无
偏执性妄想,无
内容难以听清的自言自语,无
单纯醉酒,无
胁部肿胀,无
肝功能受损,无
球蛋白异常,无
睑缘呈横“S”形下垂,无
头颈分离感,无
纵隔淋巴结增生,无
腰大肌肿胀,无
双胫对称发生梅核大小疼痛性结节,无
出生时小头,无
轻瘫,无
眼眶内持续性、针刺或撕扯样痛,无
胫骨结节处的酸痛，肿胀,无
胫骨粗隆肿胀,无
胫骨干骨不连,无
面肌强直,无
儿童胸廓变形,无
胸廓畸形,无
胸廓异常,无
视神经乳头苍白,无
脚底干裂,无
忧郁,无
眼睑异物,无
眼袋,无
僵颈,无
皮肤擦伤,无
情绪性哮喘,无
蝶形骨折,无
螺旋形骨折,无
急性非化脓性一过性颈淋巴结肿胀,无
皮窦道,无
幽门瘢痕性狭窄,无
胆汁返流,无
消化道穿孔,无
泌乳障碍,无
乳汁淤积,无
输乳管阻塞,无
乳汁分泌减少,无
前列腺肥大,无
前列腺分泌物含有许多脓缩细胞,无
淋巴结穿刺有草黄色清亮液体,无
腋部肿块,无
下消化道少量出血,无
皮损皮黄到橙色,无
麻风恐怖,无
梅毒恐怖,无
疥疮恐惧,无
嗜酒,无
酒精性震颤,无
广泛性骨质疏松,无
指甲易碎,无
指(趾)甲横断,无
肾气虚,无
湿热,无
经期浮肿,无
无名指指甲凹陷,无
心脏功能突然失代偿,无
上肺纤维化明显,无
儿童期过度生长,无
肢体过度肥大,无
异常高大,无
硬腭呈半圆形隆起,无
角膜晶状体粘连,无
角膜瘘,无
角膜上皮糜烂,无
角膜上点状暗灰色混浊,无
脊柱退变,无
外阴下坠感,无
间歇性血尿,无
尿液中有稠厚胶样物,无
足背部肿胀,无
腱鞘厚化,无
距骨坏死,无
突眼症,无
热结节,无
舌肌萎缩,无
反射弧中断,无
搭肩试验阳性,无
肩背痛,无
方肩畸形,无
心脏压塞征象,无
被动体位,无
手上有小水泡,无
粒细胞减少,无
大动脉供血障碍,无
肢体栓塞,无
周围神经损害,无
角膜糜烂,无
滴状角膜,无
指甲呈扁平形,无
慢性溃疡,无
淋巴结结核,无
脊髓性间歇破行,无
泪腺发炎,无
泪腺肿大,无
耳前淋巴结肿大,无
甲下出血,无
经期小腹坠痛,无
子宫内膜异位,无
射精疼,无
颧面部塌陷,无
关节囊松弛,无
肩节后脱位,无
凝视征,无
面部皮肤皱纹增多,无
眼睑松弛,无
红细胞增多,无
节段性肌张力障碍,无
膀胱纤维化,无
阵发性鼻塞,无
脓鼻涕增多且不易擤尽,无
增殖腺肥大,无
脓苔,无
大腿局部肿胀变形,无
胫骨压痛,无
酒精性心肌,无
增生性瘢痕,无
胫前和足部坚硬的非凹陷性水肿斑块,无
黏液分泌亢进,无
毛孔粗大,无
行走后小腿肌肉痉挛,无
酒后四肢酸痛,无
对称性肌无力,无
超量饮酒后两下肢突然出现痉挛和疼痛,无
尿道烧灼感,无
精囊增大,无
颈肩痛,无
颈椎椎节已有明显退行性变,无
角质增厚,无
手指甲有白色斑点,无
指甲变软或发生变形,无
骨髓浆细胞增多,无
弥漫性下腰痛,无
开放性损伤,无
右背部痛,无
胆囊触痛征,无
溃疡穿孔出血,无
心排血量减少,无
闭袢性肠梗阻,无
烂桃样血痰,无
骶部可有皮赘，形成尾巴,无
口咽异物,无
心包膜发炎,无
心包纤维增厚,无
肩部牵涉痛,无
结膜干燥斑,无
双侧睑外翻,无
口燥咽干,无
上肢及肩向下牵引或手拿重物时疼痛,无
侧肋骨痛,无
皮下组织硬结,无
手与手指胀满感,无
髋、膝、肘部呈屈曲畸形,无
逆行性遗忘,无
脑器质性精神障碍,无
顺行性遗忘,无
间歇性失忆,无
记忆受损,无
乳头发炎,无
乳腺内无痛单发的硬肿块,无
不能露齿及突唇,无
肌肉肥大,无
氮负平衡,无
“鸭步”步态,无
平衡功能障碍,无
性欲减退,无
胰源性腹痛,无
上腹部压痛,无
气道高反应性,无
吐血衄血,无
剧烈运动后哮喘,无
环咽部运动障碍,无
全身肌张力障碍,无
进行性痴呆,无
口唇周围有炎性鳞状皮肤,无
恶性贫血,无
乳糖耐受不良,无
三怕(水声、光、风)现象,无
恐水症,无
躁狂与昏睡交替,无
喉头痉挛,无
额区感觉减退,无
额部疼痛,无
言语中断,无
技术狂躁症,无
社交恐惧,无
髋部酸胀不适,无
大转子叩痛,无
大腿以下或膝以下肌肉瘫痪,无
右心功能不全,无
白色念珠菌感染,无
舌两侧边缘毛状白斑,无
暴饮暴食,无
考试焦虑,无
骨髓损害,无
视力视野改变,无
口痛,无
呼吸气为腐臭味,无
手腕长骨刺,无
拇食指捏物功能障碍,无
手臂肌肉萎缩,无
脑功能不全,无
小脑功能损害,无
生命体征改变,无
腕枪刺状畸形,无
腕银叉状畸形,无
眼张不开,无
皮肤色素加深,无
变应性鼻炎,无
惊恐发作,无
强迫性重复,无
性上瘾,无
强迫性联想,无
强迫恐怖症,无
口唇刺痛,无
白晕,无
肺泡出血,无
全身衰竭,无
咬嘴唇或舌,无
孕妇口苦,无
场所恐惧,无
支气管以下的损伤,无
肢体震颤,无
窥淫癖,无
紧张性手抖,无
以偷窥为快感源泉的性变态,无
代偿作用,无
睑裂狭小,无
鼻唇沟变浅,无
口腔黏膜脱落,无
牙齿异常,无
满月脸,无
重度肥胖,无
腹腔积液,无
交叉腿,无
踝阵挛,无
眶底爆折,无
眼球不能随意动,无
口腔粘膜有形似奶块的斑膜,无
唇厚舌大,无
沟裂增宽,无
短缩舌,无
肢体不自主震颤,无
两手颤抖,无
能力减退感,无
胸廓塌陷畸形,无
胸腹部畸形,无
出血性丘疹,无
头颅增大,无
阴道干涩,无
肋骨痛,无
维生素C缺乏,无
性发育停顿,无
扁桃体充血肥大,无
面部浮肿,无
手皮肤发紫,无
皮肤痛,无
结膜乳头增生,无
眼结膜上出现瘀点,无
咳嗽反射,无
血管痣,无
血清睾酮浓度明显升高,无
前囟张力增高,无
脂膜炎,无
干性坐骨神经痛,无
入睡困难,无
睡眠时间倒错,无
夜寐不实,无
结肠憩室,无
过度通气,无
咯血伴胸痛,无
心音异常,无
肋间隙可有压痛,无
动眼神经麻痹,无
抽风,无
易变性痉挛,无
挛缩性瘢痕,无
痉挛性偏瘫步态,无
进行性消瘦,无
颈根部斜方肌及风池穴处有压痛点,无
晨起时颈背部弥漫性剧痛,无
脖子扭痛,无
黏液脓性痰,无
颅内头痛,无
重度痛,无
小腿肌肉萎缩,无
频繁吐黏液,无
胃食管反流症状,无
下腹压痛,无
外阴萎缩,无
气道变窄,无
蓝色、蓝灰色或蓝黑色丘疹,无
心瓣膜穿孔,无
斜头畸形,无
长头畸形,无
鼻旁窦发育不良,无
三角头畸形,无
尿妊娠试验阳性,无
子宫颈有举痛,无
口淡黏腻,无
心音微弱,无
肾衰竭,无
扑翼样震颤,无
四肢苔藓样变,无
病理性钙化,无
脑水肿,无
细菌性心内膜炎,无
颈短,无
新月状溶骨性缺损,无
雄激素过多,无
膀胱痉挛,无
奔马律心音,无
局部游走性红斑,无
上肢麻木,无
心窝部隐痛,无
血栓脱落,无
肌肉无力,无
先兆流产,无
自发性流产,无
难免流产或不可避免流产,无
习惯性流产,无
乳房硬化,无
钙离子内流,无
模仿性自动症,无
老年性震颤,无
精神运动性活动变坏,无
深昏迷,无
觉醒状态丧失,无
对光反应消失,无
音调韵律的异常,无
啤酒肚,无
全身骨骼肌痉挛,无
耳漏,无
瘀血斑,无
掌骨和跖骨短,无
维生素D缺乏,无
指甲出现条纹或斑点,无
呼吸不规则,无
前囟饱满,无
脑干出血,无
呼气音延长,无
泪道阻塞,无
老年人流泪多,无
黏膜干燥,无
被害妄想,无
痴笑,无
颅神经损害,无
等渗尿,无
三联征,无
老人剧烈咳嗽,无
女性第二性征消失,无
抗卵巢抗体阳性,无
绝经期面红,无
灌肠癖,无
精神变态,无
眼睑肿胀且呈淡绿色,无
骨髓象改变,无
子宫内膜增生性病变,无
老年妇女乳房增大,无
上肢水肿,无
皮肤疖痈,无
眼嘴的细小皱纹,无
淋巴结退化,无
大汗昏晕,无
细小黄色瘤状皮疹,无
瘤细胞浸润,无
瘤体牵拉,无
恋足癖,无
对女性物品的非正常爱好,无
恋毛巾被癖,无
颅缝裂开,无
头颅骨病变,无
巨大颅骨缺损,无
尿渗透压下降,无
舌头震颤,无
舌下垂,无
舌乳头消失,无
颅内钙化,无
阑尾壁缺血坏死,无
无嗅脑,无
黄斑回避现象,无
四肢肌张力增强,无
淋巴道转移,无
皮疹呈瘀点,无
膀胱排空不全,无
视近困难,无
视近不能持久,无
伸舌样痴呆,无
摸索反射,无
皮质下痴呆,无
粪便硬结如羊粪状,无
粪便量少,无
老人便秘,无
绿色尿,无
懒胆囊,无
脑血管动静脉畸形,无
眼面痛,无
泪腺脱垂,无
进食流泪,无
酒精性胃黏膜损伤,无
大小便失禁,无
肛门松弛,无
胆囊壁纤维化,无
耳前庭功能受损,无
紧张性头晕,无
老年性眩晕,无
旋转性眩晕,无
病毒性腹泻,无
腓肠肌压痛,无
血栓后综合征,无
腰膝酸软,无
指端及指(趾)甲周红斑,无
脚趾皮肤黄泡后紫黑,无
手指或手臂部刺痛及麻木感,无
血压偏低,无
体位张力消失,无
持续性尿蛋白,无
输尿管疼痛,无
小便不利,无
室颤,无
血小板增多,无
四肢乏力,无
旅行者水肿,无
淋巴发育不全,无
季节性情绪抑郁,无
老人性格孤僻,无
退离休综合症,无
脓肿破入胸腔,无
痰黏稠或脓性可有腥臭味,无
痰呈白色黏稠胶冻状,无
浑身酸痛,无
痛阈降低,无
肌肉挛缩,无
感觉性共济失调,无
生殖泌尿道危象,无
异常粗大的舞蹈样动作,无
手的歪扭畸形,无
舞蹈样步态,无
静脉回流障碍,无
手部急性化脓性感染,无
胆囊体积缩小,无
痱疹样皮疹,无
昏睡露睛,无
胰腺纤维化,无
眼前冒火花或眼前闪光,无
前臂短缩,无
视力常呈雾状模糊感,无
静脉栓塞,无
头皮触痛,无
晶状体脱位或半脱位,无
尿中磷酸盐排出增多,无
尿隐血,无
尿酸代谢亢进,无
尿钙增多,无
鼻干,无
鼻粘膜干燥发痒,无
鼻屎多,无
鼻内发痒,无
眼压突然迅速升高,无
结膜变浅或变苍白,无
腹部“气串样”肿块,无
急性贫血,无
咽部慢性充血,无
眼睑闭合不全,无
输卵管粘连,无
输卵管肿块,无
麻疹面容,无
外眼源性眩晕,无
阴囊红肿,无
阴囊瘙痒,无
脉络膜凹陷,无
胆汁排泄受阻,无
胆心综合征,无
复听,无
粪便量多,无
口唇泛黑,无
小儿干咳,无
头皮撕裂伤,无
皮肤撕脱伤,无
肌肉出血,无
咬伤愈合的伤口出现痛痒或麻木,无
灰白色结节,无
眼外转移,无
油腻性鳞屑,无
毛发干枯,无
胸锁乳突肌附着处压痛,无
耳后乳突水肿,无
粘膜乳突状生长,无
支气管脓性分泌物增多,无
柠檬色痰,无
神经衰弱综合征,无
呈红色条索，游走的浅静脉,无
浅静脉有一发红低热的索状物,无
局部静脉硬索状,无
皮下静脉呈网状怒张,无
晨起前额疼，午后减轻,无
肋间隙变窄,无
肝积水,无
皮肤为金属颜色或石板灰色,无
皮肤瘀点,无
面痛,无
口角歪斜，无法说话,无
怪笑,无
骨骼停止发育,无
运动失调,无
足底脱皮,无
真菌感染,无
容貌逐渐变得粗笨,无
一侧颜面肥大,无
喉部有痰,无
双肾皮质变薄,无
血浆白蛋白降低,无
慢性盆腔痛,无
低位腰痛,无
半侧面部发育不良,无
颧骨额骨下陷,无
豆腐渣样白带,无
右下腹可触及柔软腊肠样肿块,无
眉毛外侧脱落稀疏而细,无
毛囊角栓,无
酒悖,无
不可克制的饮酒冲动,无
躯体或颜面某一局部的连续性抽动,无
口角肌肉的抽搐,无
邪恋正虚,无
梅毒性角膜炎,无
抗精子抗体阳性,无
震荡性神经受累,无
长骨粗大,无
腋区疼痛,无
透明血管型,无
疤痕萎缩凹陷,无
鳞屑样痂皮,无
重度黄疸,无
免疫性溶血,无
生理性黄疸,无
趾蹼间隙麻木,无
足趾伸屈时足部疼痛,无
耳鸣如潮,无
耳内闭塞感,无
头发分叉,无
毛发干燥易断,无
毛发增生,无
眼缺陷,无
全身过敏和发热皮疹关节痛,无
巩膜充血,无
异型网织细胞,无
外阴皮肤肿胀,无
会阴溃疡,无
假性延髓性麻痹,无
饮水呛咳,无
肠绒毛萎缩,无
涕唾稠粘,无
叶间裂常呈弧形下坠,无
黄白色黏痰有水果味,无
化妆品的毛发损害,无
长脉,无
紧脉,无
牙龈肿痛,无
顽固性便秘,无
呼吸功能衰竭,无
尿滤过分数明显下降,无
全身持续性水肿,无
高度膨胀的毛细血管襻,无
霉菌感染,无
毛囊性呈鳞片状角化,无
新生儿母乳喂养后出现黄疸,无
阻塞性黄疸,无
溶血性黄疸,无
神经官能症状,无
面纹消失,无
夜间磨牙,无
白天不自觉地将牙咬紧,无
小儿爱咬指甲,无
水潴留,无
男性乳房大,无
拇趾与二趾趾间距大,无
舌苔发黑,无
舌背中后部黑色丛毛,无
倒睫,无
静脉出血,无
情绪起伏大,无
黏膜稍苍白,无
卵巢功能障碍,无
咳出带臭味的干痂,无
头重足轻,无
面色觥白,无
不能持续睁眼,无
腰部钝痛,无
腹痛伴血尿,无
腰背刺痛,无
早上起床突然发现面颊动作不灵或歪斜,无
阴道口局部红肿热痛,无
婴儿臀部红,无
剧痒的疣状结节,无
腕关节扭挫伤,无
腕关节向尺侧偏斜时桡侧出现剧痛,无
呈开口状态而不能闭合,无
张嘴颌骨响,无
耳后淋巴结肿大,无
假结核结节,无
精神依赖性,无
中风偏瘫,无
尿道变粗变硬,无
泌尿道破裂,无
乳头湿疹,无
尿道内口呈漏斗样改变,无
尿道黏膜外翻,无
尿道弥漫性浸润,无
尿道流血,无
核上性垂直性眼肌瘫痪,无
SM累积量升高,无
细胞酶活性异常,无
面部血管纤维瘤,无
阴茎短,无
巨阴症,无
尿道的条索状肿块,无
尿道口肿块,无
阴阳气血失衡,无
钙化灶,无
腰酸背痛,无
盆腔充血,无
手热,无
水痘结痂,无
小儿湿疹,无
桥脑出血,无
头盆不称,无
男型骨盆,无
尿意窘迫,无
尿分叉,无
低氧血症,无
肝衰竭,无
精液少,无
过敏性皮炎,无
尿道口粘连,无
局灶症状,无
双肾弥漫性病变,无
双下肢可凹陷性水肿,无
尿比重下降,无
溺多而频,无
颞部疼痛,无
血缺氧,无
血尿伴排尿不畅,无
无症状性菌尿,无
跖反射伸性,无
上行性皮肤麻木,无
心脏畸形,无
听力障碍,无
鼻梁平塌,无
短头畸形,无
眼距宽阔,无
牙关紧闭,无
视乳头水肿,无
脑转移,无
拇指内收畸形,无
神经伤,无
泌尿生殖窦,无
角膜表面三角形胬肉,无
导水管周围受损,无
梦幻觉,无
钩回发作,无
习惯性尿裤,无
垂腕,无
手表皮深处的水疱,无
脓包,无
血管萎缩性白斑,无
大便粘腻,无
足心发热,无
慢性头痛,无
脑干损害体征,无
腕关节桡侧部位的疼痛,无
无睾丸,无
睾丸微小,无
舒张期奔马律,无
四肢发冷,无
颈部僵硬,无
言语功能的部分丧失,无
中度昏迷,无
眶周瘀斑,无
髋关节发育不良,无
爪状趾,无
完全性遗忘症,无
手指尖痛或触痛,无
肾上腺皮质激素,无
稽留热,无
肾部积水现象,无
败血症征象,无
水痘样皮疹,无
尿流呈波动状,无
胱氨酸储积症,无
听力缺陷,无
波动性听力减退,无
外阴鳞状上皮疣状增生,无
腿脚抽筋,无
口齿不清,无
精子稀少,无
精子大头畸形,无
输精管变粗,无
白甲,无
躯体性疾病所致的精神障碍,无
齿龈增生,无
鼻梁低,无
肢体僵硬感,无
失语,无
黏液囊肿,无
急性溶血性尿毒综合征,无
定位体征,无
神经性头痛,无
水母头征,无
皮肤松弛起皱,无
无动性缄默,无
侧脑室增宽,无
黄色发亮结痂,无
心理年龄大于生理年龄,无
甲状旁腺功能亢进,无
新生儿中性粒细胞增多,无
泌尿道狭窄,无
脑细胞出现营养不良性蜕变,无
高血脂性血管损害,无
脑疝危象,无
上肢无力,无
脑干梗塞,无
呼吸气为蒜臭味,无
皮肤浸润,无
暴力冲动行为,无
猩红热样皮疹,无
紫斑,无
偏执型人格障碍,无
诉讼狂,无
病理性赌博,无
黄素化囊肿,无
鼻唇沟加深,无
渗出型湿疹,无
肛腺分泌减少,无
肛内轻微隐痛坠胀或不适感,无
良性反应性改变,无
脾胃虚弱,无
皖腹痞闷,无
季节性浅红斑片,无
脘痞腹胀,无
腹满便溏,无
泛恶欲吐,无
情绪不宁,无
凹陷瘢痕,无
夸大狂,无
被窃或疑病妄想,无
震颤性肌强直，运动徐缓,无
舌震颤,无
手部震颤,无
手震颤,无
髓性纤维化,无
脾肾阳虚,无
全血细胞减少,无
囊肿样改变,无
剧烈神经根性痛,无
角弓反张位,无
痉笑面容,无
血离脉络,无
非怀孕的下腹增大,无
反复舔吮口唇,无
甲周炎,无
口唇潮红,无
肢体远侧常有麻痛,无
额部肿块,无
长时间或剧烈运动后前足疼痛,无
足底和足背浮肿,无
强握反射,无
胎盘前置,无
胎膜破裂,无
干热无汗,无
苔藓样变,无
腹痛伴休克,无
情绪性多汗症,无
静止性震颤,无
手足不规则舞动,无
支气管平滑肌痉挛,无
平滑肌痉挛,无
血虚,无
产后小腹坠痛,无
左上腹痛,无
皮下脂肪粒,无
左侧卧时右腰呈空音，右侧卧时左腰呈浊音,无
肛周软瘊,无
足底烧灼感,无
婴儿头皮结血痂,无
足趾皮肤发黑,无
累及整个腹腔的腹膜炎,无
额头长痘,无
鼻子长痘,无
脓疱性痤疮,无
白头粉刺,无
消化道狭窄,无
进食过硬的食物口腔损伤,无
屈光参差性弱视,无
交替使用双眼,无
心肌顿抑,无
肌肉砸伤,无
肌肉完全断裂,无
肌肉拉伤,无
肌肉挫伤,无
婴幼儿脐部有肿物突出,无
脐疮,无
一侧阴囊内逐渐增大的无痛性肿块,无
鞘膜积水,无
前庭神经受损,无
牙齿颜色异常,无
牙齿遇冷热痛,无
牙根外露,无
醉汉步态,无
星迹步态,无
胎儿心动过缓,无
胎心不规则,无
胎心率改变,无
背部酸痛,无
滑膜发炎,无
前列腺硬结,无
硬下疳,无
关节囊损伤,无
指趾端干性坏死,无
烧伤创面焦痂提前潮解、脱落或出现虫咬样变化,无
气管隆突以上的损伤,无
上唇附近，鼻旁沟和眼睑的丘疹或结节,无
脐带绕颈,无
假性前房积脓,无
虹膜根部离断,无
足趾发凉怕冷，呈苍白色或紫红色,无
粘膜疹,无
胎心率异常,无
脐带血循环障碍,无
胎儿窘迫,无
胎心音消失（无胎心音）,无
男性小腹痛,无
全身代谢低下,无
褪黑色素增多,无
耳廓耳道撕裂伤,无
耳道异物,无
食管瘘,无
气道和食管之间的瘘管,无
声门以上的损伤,无
前列腺钙化,无
颈部粗,无
睁眼昏迷,无
一过性的流感样症状,无
强迫性穷思竭虑,无
结肠膨胀,无
三凹征,无
小儿青盲,无
肺癌胸水,无
脐窝内有肉芽组织增生,无
脐尿管残余,无
非凹陷黏液水肿,无
肥胖性水肿,无
克汀病面容,无
血管增生,无
孕妇肚子痒,无
肩胛带的肌肉不发达,无
镇静、麻醉剂所致昏迷,无
中性粒细胞增高,无
外阴损伤,无
胎儿宫内窒息,无
胎儿生长发育迟缓,无
脐带过短,无
白细胞尿,无
脐窝内有樱红色息肉样物,无
脐轮红肿,无
脐带脱落后伤口不愈并溢液,无
辗转体位,无
肠麻痹软瘫,无
口唇发黄,无
脐突,无
贫血貌,无
小便不易排空,无
纤维结构不良,无
婴儿含吮时乳头刀割样疼痛并渗血,无
肝炎导致的化脓结痂,无
乳房红肿热痛,无
乳房内光滑质韧的球形肿块,无
局部软组织浸润,无
乳腺肥大,无
乳晕深部可扪及肿块,无
孕妇贫血,无
乳房有数目不等似黄豆的结节,无
粪便中查见虫卵或妊娠节片,无
溶血现象,无
微血管溶血性贫血,无
新生儿抽搐,无
痛性脸抽搐,无
心脏毒性作用,无
经期前乳房痛,无
人格解体,无
极重度精神发育迟滞,无
孕妇小腿痒,无
轻度烧伤,无
乳痛症,无
非感染性发热,无
酒糟鼻,无
小指单一褶纹,无
耳朵位置低,无
学习障碍,无
日晒斑,无
浅褐色色素斑,无
癫痫的全身强直-阵挛发作,无
弥漫性骨膜增厚,无
口渴,无
乳腺外上象限腺体增厚,无
结核中毒,无
乳腺癌的远处转移,无
乳头肥大,无
女性乳房表浅质硬状如象皮者的皮下结节,无
胸部紧迫或束带感,无
胸膜增厚粘连,无
皮肤黑变,无
妊娠期胸痛,无
孕妇胸闷气短,无
红细胞畸形,无
猜疑,无
易于产生病理嫉妒信念,无
冲动型人格障碍,无
婴儿睡觉出汗,无
肋骨及胸骨下吸入性凹陷,无
胸壁塌陷,无
青春期胸部发育缓慢,无
乳房或乳头未发育,无
妊娠中毒,无
小儿的异嗜症状,无
小儿夜惊咬指,无
排出结石,无
肾盂积水,无
妊娠高血压征,无
阵发性肠绞痛,无
骨内损害,无
妊娠纹,无
妊娠期血糖高,无
踝部凹陷性水肿,无
小腿水肿,无
先兆子痫,无
色觉丧失,无
免疫功能障碍,无
手部功能完全丧失,无
骨的偏心性肿胀,无
颈部怕前屈，怕仰伸,无
颈部可前屈，怕仰伸,无
新陈代谢旺盛,无
巩膜外层炎,无
脂肪泻,无
乳腺囊性增生,无
肾脏破裂,无
痰鸣气急,无
虚汗,无
女性小腹疼痛,无
面色青灰,无
涩脉,无
乳腺刺痛,无
乳头溢出血性或棕色浆液性液体,无
乳头侵蚀,无
阳虚胃痛,无
肝阴虚,无
胃火口臭,无
数目较多的咖啡牛奶斑,无
精子活力低,无
红色盲,无
青年白内障,无
阴囊水肿,无
头昏想睡觉,无
虹视,无
沥青烧伤,无
咽颊部烧伤,无
食管梗阻,无
弓形足,无
良性假肥大型肌营养不良症,无
收缩早期喀喇音,无
皮肤含铁血黄素沉着,无
偏身萎缩,无
绿视,无
失盐,无
皮肤色素沉着呈青铜色,无
镜面舌,无
下痢赤白粘冻,无
烧伤后恶心与呕吐,无
烧伤后脉搏增速,无
烧伤后尿量减少,无
舌苔黄,无
视觉失认,无
髓质增生,无
三尖瓣脱垂,无
主动脉和肺动脉影偏小,无
视野向心性缩小,无
皮质功能减退,无
食管恶性病变,无
精子异常,无
精囊缩小,无
牙齿发黄,无
对光反射迟钝,无
蹲踞现象,无
肺血流量很多,无
连续机器样杂音,无
新生儿发绀,无
输尿管扩张,无
泌尿系统感染,无
焦虑致胸口痛,无
嗓音粗,无
喉头增大,无
尿蛋白,无
食物误入气道,无
食管腔梗阻,无
神经症性抑郁,无
水中毒,无
重力休克,无
脉压缩小,无
脉压小,无
扳机指的弹响,无
电脑失写症,无
双手轮替动作笨拙,无
抬举性搏动,无
体循环淤血,无
职业神经症,无
内向性思维,无
过早丧失咀嚼功能,无
锁合畸形,无
近曲小管受累,无
红细胞压积偏高,无
痰湿体质,无
植物神经功能障碍,无
上腔静脉回流受阻,无
慢性静脉功能不全,无
高凝状态,无
睡觉流口水,无
枕部和颈后疼痛,无
结节性梅毒疹,无
树胶肿,无
输尿管狭窄,无
肾区叩击痛,无
输尿管梗阻,无
中心暗点扩大,无
视网膜Roth斑,无
三角韧带损伤,无
关节韧带松弛或肌张力低,无
隔膜孔道狭小,无
髓样癌变,无
贪食,无
咖啡斑,无
耳廓腹侧面局限性囊肿,无
耳溢液,无
输精管疼痛,无
舌淡体胖,无
舌根部脓肿,无
伸指无力,无
手指不能屈伸,无
肾源性水肿,无
慢性贫血,无
指（趾）甲颜色改变,无
胃嵌顿,无
食管蠕动功能减弱,无
不能转颈,无
舒张期震颤,无
继发性不孕,无
肺动脉楔压（PCWP）降低,无
外周静脉充勇,无
血清钠增高,无
手掌疤痕畸形,无
肾小球内“三高”,无
清晨早醒且不能再度入睡,无
难入睡或易惊醒,无
浅眠,无
指甲有红色或黑色斑点,无
手、足部厚壁水疱,无
手的搓丸样动作,无
视空间功能受损,无
眼球压痛,无
视神经的原发性萎缩,无
皮肤黑斑,无
指甲呈现黑色,无
气管受压,无
β-氨基酸尿,无
二碱基氨基酸尿症,无
手掌和足底角化伴多汗,无
二羧基氨基酸尿,无
全身过敏反应,无