Ⅰ型免疫母细胞性淋巴腺病,氰化物烧伤及合并中毒
Ⅰ型免疫母细胞性淋巴腺病,露阴癖
Ⅰ型免疫母细胞性淋巴腺病,氰化物烧伤及合并中毒
Ⅰ型免疫母细胞性淋巴腺病,露阴癖
Ⅳ型肾小管性酸中毒,高血压
Ⅳ型肾小管性酸中毒,龟头发黑
Ⅳ型肾小管性酸中毒,阵发性狂笑
Ⅳ型肾小管性酸中毒,血精
Ⅳ型肾小管性酸中毒,舞蹈病样动作
Ⅳ型肾小管性酸中毒,情感麻痹
Ⅳ型肾小管性酸中毒,高血压
Ⅳ型肾小管性酸中毒,龟头发黑
Ⅳ型肾小管性酸中毒,阵发性狂笑
Ⅳ型肾小管性酸中毒,血精
Ⅳ型肾小管性酸中毒,舞蹈病样动作
Ⅳ型肾小管性酸中毒,情感麻痹
c胰岛功能性β细胞瘤,注意障碍
c胰岛功能性β细胞瘤,阴茎短
c胰岛功能性β细胞瘤,严重情绪障碍
c胰岛功能性β细胞瘤,睡眠障碍
c胰岛功能性β细胞瘤,迫害妄想
c胰岛功能性β细胞瘤,注意障碍
c胰岛功能性β细胞瘤,阴茎短
c胰岛功能性β细胞瘤,严重情绪障碍
c胰岛功能性β细胞瘤,睡眠障碍
c胰岛功能性β细胞瘤,迫害妄想
Friedreich共济失调症,盲袋阴道
Friedreich共济失调症,盲袋阴道
Goodpasture综合征,高血压
Goodpasture综合征,龟头发黑
Goodpasture综合征,阵发性狂笑
Goodpasture综合征,血精
Goodpasture综合征,舞蹈病样动作
Goodpasture综合征,情感麻痹
Goodpasture综合征,高血压
Goodpasture综合征,龟头发黑
Goodpasture综合征,阵发性狂笑
Goodpasture综合征,血精
Goodpasture综合征,舞蹈病样动作
Goodpasture综合征,情感麻痹
Reiter综合征,躯体依赖性
Reiter综合征,劳累后遗精
Reiter综合征,躯体依赖性
Reiter综合征,劳累后遗精
X联锁鱼鳞病,恋尸型性变态
X联锁鱼鳞病,恋尸型性变态
安卡性肾炎,高血压
安卡性肾炎,龟头发黑
安卡性肾炎,阵发性狂笑
安卡性肾炎,血精
安卡性肾炎,舞蹈病样动作
安卡性肾炎,情感麻痹
安卡性肾炎,高血压
安卡性肾炎,龟头发黑
安卡性肾炎,阵发性狂笑
安卡性肾炎,血精
安卡性肾炎,舞蹈病样动作
安卡性肾炎,情感麻痹
包茎,无睾丸
包茎,“三怕”(水声、光、风)现象
包茎,粘膜疹
包茎,无睾丸
包茎,“三怕”(水声、光、风)现象
包茎,粘膜疹
包皮龟头炎,龟头出血
包皮龟头炎,龟头异味
包皮龟头炎,龟头红斑
包皮龟头炎,龟头潮红
包皮龟头炎,龟头疼
包皮龟头炎,龟头珍珠疹
包皮龟头炎,肥胖
包皮龟头炎,包皮红肿
包皮龟头炎,走动性自动症
包皮龟头炎,包皮疼痛
包皮龟头炎,龟头红点
包皮龟头炎,滑精
包皮龟头炎,手疼
包皮龟头炎,坏疽
包皮龟头炎,自恋
包皮龟头炎,阴囊起疙瘩
包皮龟头炎,椎体结核
包皮龟头炎,轴性遗忘症
包皮龟头炎,躁郁样
包皮龟头炎,阴茎异常
包皮龟头炎,灾难反应
包皮龟头炎,躁狂
包皮龟头炎,阴囊肿大
包皮龟头炎,阴茎损伤
包皮龟头炎,阴囊下坠
包皮龟头炎,晕血
包皮龟头炎,阴茎和阴囊水肿
包皮龟头炎,愉快感缺乏
包皮龟头炎,阴茎龟头橡皮肿
包皮龟头炎,阴囊水肿
包皮龟头炎,阴囊坠胀痛
包皮龟头炎,意识丧失
包皮龟头炎,学习障碍
包皮龟头炎,眼神异常
包皮龟头炎,液体平衡失调
包皮龟头炎,眼睑松弛和上唇增厚
包皮龟头炎,言语中断
包皮龟头炎,休克
包皮龟头炎,药物依赖
包皮龟头炎,言语增多
包皮龟头炎,胸口紧绷
包皮龟头炎,性欲减退
包皮龟头炎,言语紊乱
包皮龟头炎,咬指甲
包皮龟头炎,性感不快
包皮龟头炎,性倒错
包皮龟头炎,维生素B12吸收不良
包皮龟头炎,违拗症
包皮龟头炎,忘性大
包皮龟头炎,顽固性失眠
包皮龟头炎,完全性遗忘症
包皮龟头炎,痛性阴茎勃起
包皮龟头炎,体象障碍
包皮龟头炎,思维奔逸
包皮龟头炎,听不懂别人及自己说的话
包皮龟头炎,贪食
包皮龟头炎,挑剔嘴
包皮龟头炎,思维缓慢
包皮龟头炎,手机依赖症
包皮龟头炎,睡行症
包皮龟头炎,情绪起伏大
包皮龟头炎,情绪性高血压
包皮龟头炎,清晨早醒且不能再度入睡
包皮龟头炎,轻度痛
包皮龟头炎,强制性思维
包皮龟头炎,青春期后无精液
包皮龟头炎,强制性哭笑
包皮龟头炎,强迫性联想
包皮龟头炎,强迫性神经官能症
包皮龟头炎,前列腺硬结
包皮龟头炎,强迫性人格
包皮龟头炎,强迫型人格障碍
包皮龟头炎,强迫行为
包皮龟头炎,前列腺结石
包皮龟头炎,龟头出血
包皮龟头炎,龟头异味
包皮龟头炎,龟头红斑
包皮龟头炎,龟头潮红
包皮龟头炎,龟头疼
包皮龟头炎,龟头珍珠疹
包皮龟头炎,肥胖
包皮龟头炎,包皮红肿
包皮龟头炎,走动性自动症
包皮龟头炎,包皮疼痛
包皮龟头炎,龟头红点
包皮龟头炎,滑精
包皮龟头炎,手疼
包皮龟头炎,坏疽
包皮龟头炎,自恋
包皮龟头炎,阴囊起疙瘩
包皮龟头炎,椎体结核
包皮龟头炎,轴性遗忘症
包皮龟头炎,躁郁样
包皮龟头炎,阴茎异常
包皮龟头炎,灾难反应
包皮龟头炎,躁狂
包皮龟头炎,阴囊肿大
包皮龟头炎,阴茎损伤
包皮龟头炎,阴囊下坠
包皮龟头炎,晕血
包皮龟头炎,阴茎和阴囊水肿
包皮龟头炎,愉快感缺乏
包皮龟头炎,阴茎龟头橡皮肿
包皮龟头炎,阴囊水肿
包皮龟头炎,阴囊坠胀痛
包皮龟头炎,意识丧失
包皮龟头炎,学习障碍
包皮龟头炎,眼神异常
包皮龟头炎,液体平衡失调
包皮龟头炎,眼睑松弛和上唇增厚
包皮龟头炎,言语中断
包皮龟头炎,休克
包皮龟头炎,药物依赖
包皮龟头炎,言语增多
包皮龟头炎,胸口紧绷
包皮龟头炎,性欲减退
包皮龟头炎,言语紊乱
包皮龟头炎,咬指甲
包皮龟头炎,性感不快
包皮龟头炎,性倒错
包皮龟头炎,维生素B12吸收不良
包皮龟头炎,违拗症
包皮龟头炎,忘性大
包皮龟头炎,顽固性失眠
包皮龟头炎,完全性遗忘症
包皮龟头炎,痛性阴茎勃起
包皮龟头炎,体象障碍
包皮龟头炎,思维奔逸
包皮龟头炎,听不懂别人及自己说的话
包皮龟头炎,贪食
包皮龟头炎,挑剔嘴
包皮龟头炎,思维缓慢
包皮龟头炎,手机依赖症
包皮龟头炎,睡行症
包皮龟头炎,情绪起伏大
包皮龟头炎,情绪性高血压
包皮龟头炎,清晨早醒且不能再度入睡
包皮龟头炎,轻度痛
包皮龟头炎,强制性思维
包皮龟头炎,青春期后无精液
包皮龟头炎,强制性哭笑
包皮龟头炎,强迫性联想
包皮龟头炎,强迫性神经官能症
包皮龟头炎,前列腺硬结
包皮龟头炎,强迫性人格
包皮龟头炎,强迫型人格障碍
包皮龟头炎,强迫行为
包皮龟头炎,前列腺结石
包皮过长,龟头异味
包皮过长,龟头红斑
包皮过长,肥胖
包皮过长,包皮红肿
包皮过长,龟头红点
包皮过长,阴囊起疙瘩
包皮过长,勃起时间短
包皮过长,阴茎瘙痒
包皮过长,注意力缺乏多动症
包皮过长,轴性遗忘症
包皮过长,阴茎异常
包皮过长,灾难反应
包皮过长,阴茎损伤
包皮过长,阴茎龟头橡皮肿
包皮过长,有机磷中毒
包皮过长,音调韵律的异常
包皮过长,阴囊上有白色小疙瘩
包皮过长,阴囊坠胀痛
包皮过长,意识丧失
包皮过长,眼神异常
包皮过长,液体平衡失调
包皮过长,休克
包皮过长,言语紊乱
包皮过长,性兴趣减退感
包皮过长,言语凌乱
包皮过长,性受虐癖
包皮过长,性感不快
包皮过长,性倒错
包皮过长,违拗症
包皮过长,忘性大
包皮过长,痛性阴茎勃起
包皮过长,挑剔嘴
包皮过长,输精管疼痛
包皮过长,贪食行为
包皮过长,阴囊瘙痒
包皮过长,手机依赖症
包皮过长,睡行症
包皮过长,情绪性高血压
包皮过长,清晨早醒且不能再度入睡
包皮过长,青春期后无精液
包皮过长,强迫性人格
包皮过长,中度吸入性损伤
包皮过长,强迫性重复
包皮过长,强迫性性行为
包皮过长,强迫行为
包皮过长,前列腺结石
包皮过长,龟头异味
包皮过长,龟头红斑
包皮过长,肥胖
包皮过长,包皮红肿
包皮过长,龟头红点
包皮过长,阴囊起疙瘩
包皮过长,勃起时间短
包皮过长,阴茎瘙痒
包皮过长,注意力缺乏多动症
包皮过长,轴性遗忘症
包皮过长,阴茎异常
包皮过长,灾难反应
包皮过长,阴茎损伤
包皮过长,阴茎龟头橡皮肿
包皮过长,有机磷中毒
包皮过长,音调韵律的异常
包皮过长,阴囊上有白色小疙瘩
包皮过长,阴囊坠胀痛
包皮过长,意识丧失
包皮过长,眼神异常
包皮过长,液体平衡失调
包皮过长,休克
包皮过长,言语紊乱
包皮过长,性兴趣减退感
包皮过长,言语凌乱
包皮过长,性受虐癖
包皮过长,性感不快
包皮过长,性倒错
包皮过长,违拗症
包皮过长,忘性大
包皮过长,痛性阴茎勃起
包皮过长,挑剔嘴
包皮过长,输精管疼痛
包皮过长,贪食行为
包皮过长,阴囊瘙痒
包皮过长,手机依赖症
包皮过长,睡行症
包皮过长,情绪性高血压
包皮过长,清晨早醒且不能再度入睡
包皮过长,青春期后无精液
包皮过长,强迫性人格
包皮过长,中度吸入性损伤
包皮过长,强迫性重复
包皮过长,强迫性性行为
包皮过长,强迫行为
包皮过长,前列腺结石
包皮炎,自我残伤行为
包皮炎,滑精
包皮炎,手疼
包皮炎,阴囊起疙瘩
包皮炎,椎体结核
包皮炎,勃起时间短
包皮炎,注意力缺乏多动症
包皮炎,轴性遗忘症
包皮炎,晕针
包皮炎,阴囊下坠
包皮炎,晕血
包皮炎,阴茎龟头橡皮肿
包皮炎,阴囊水肿
包皮炎,有机磷中毒
包皮炎,阴囊上有白色小疙瘩
包皮炎,阴囊坠胀痛
包皮炎,意识丧失
包皮炎,易激动
包皮炎,药物中毒
包皮炎,药物依赖
包皮炎,言语增多
包皮炎,言语紊乱
包皮炎,咬指甲
包皮炎,性兴趣减退感
包皮炎,性受虐癖
包皮炎,性感不快
包皮炎,性倒错
包皮炎,心理年龄大于生理年龄
包皮炎,挖鼻孔
包皮炎,体象障碍
包皮炎,思维奔逸
包皮炎,挑剔嘴
包皮炎,思维缓慢
包皮炎,输精管疼痛
包皮炎,阴囊瘙痒
包皮炎,手机依赖症
包皮炎,睡行症
包皮炎,湿脚气
包皮炎,容易发生强迫性症状或疑病观念
包皮炎,强迫性穷思竭虑
包皮炎,强制性哭笑
包皮炎,强迫性联想
包皮炎,强迫性人格
包皮炎,强迫型人格障碍
包皮炎,中度吸入性损伤
包皮炎,强迫性性行为
包皮炎,强迫行为
包皮炎,前列腺结石
包皮炎,前列腺肥大
包皮炎,淋巴结结核
包皮炎,自我残伤行为
包皮炎,滑精
包皮炎,手疼
包皮炎,阴囊起疙瘩
包皮炎,椎体结核
包皮炎,勃起时间短
包皮炎,注意力缺乏多动症
包皮炎,轴性遗忘症
包皮炎,晕针
包皮炎,阴囊下坠
包皮炎,晕血
包皮炎,阴茎龟头橡皮肿
包皮炎,阴囊水肿
包皮炎,有机磷中毒
包皮炎,阴囊上有白色小疙瘩
包皮炎,阴囊坠胀痛
包皮炎,意识丧失
包皮炎,易激动
包皮炎,药物中毒
包皮炎,药物依赖
包皮炎,言语增多
包皮炎,言语紊乱
包皮炎,咬指甲
包皮炎,性兴趣减退感
包皮炎,性受虐癖
包皮炎,性感不快
包皮炎,性倒错
包皮炎,心理年龄大于生理年龄
包皮炎,挖鼻孔
包皮炎,体象障碍
包皮炎,思维奔逸
包皮炎,挑剔嘴
包皮炎,思维缓慢
包皮炎,输精管疼痛
包皮炎,阴囊瘙痒
包皮炎,手机依赖症
包皮炎,睡行症
包皮炎,湿脚气
包皮炎,容易发生强迫性症状或疑病观念
包皮炎,强迫性穷思竭虑
包皮炎,强制性哭笑
包皮炎,强迫性联想
包皮炎,强迫性人格
包皮炎,强迫型人格障碍
包皮炎,中度吸入性损伤
包皮炎,强迫性性行为
包皮炎,强迫行为
包皮炎,前列腺结石
包皮炎,前列腺肥大
包皮炎,淋巴结结核
包皮阴茎头炎,阴茎勃起不硬
包皮阴茎头炎,阴囊脱皮
包皮阴茎头炎,滑精
包皮阴茎头炎,椎体结核
包皮阴茎头炎,脂溶性维生素缺乏
包皮阴茎头炎,阴茎样尿道
包皮阴茎头炎,阴囊下坠
包皮阴茎头炎,阴囊水肿
包皮阴茎头炎,营养障碍
包皮阴茎头炎,异性装扮癖
包皮阴茎头炎,眼球斑点
包皮阴茎头炎,药物依赖
包皮阴茎头炎,咬指甲
包皮阴茎头炎,心理老化
包皮阴茎头炎,行为紊乱而奇特
包皮阴茎头炎,头发分叉
包皮阴茎头炎,体象障碍
包皮阴茎头炎,思维缓慢
包皮阴茎头炎,说话时字词不能连续
包皮阴茎头炎,水盐代谢障碍
包皮阴茎头炎,情绪性腹痛
包皮阴茎头炎,强制性哭笑
包皮阴茎头炎,强迫型人格障碍
包皮阴茎头炎,前列腺素合成减少
包皮阴茎头炎,前列腺增生
包皮阴茎头炎,阴茎勃起不硬
包皮阴茎头炎,阴囊脱皮
包皮阴茎头炎,滑精
包皮阴茎头炎,椎体结核
包皮阴茎头炎,脂溶性维生素缺乏
包皮阴茎头炎,阴茎样尿道
包皮阴茎头炎,阴囊下坠
包皮阴茎头炎,阴囊水肿
包皮阴茎头炎,营养障碍
包皮阴茎头炎,异性装扮癖
包皮阴茎头炎,眼球斑点
包皮阴茎头炎,药物依赖
包皮阴茎头炎,咬指甲
包皮阴茎头炎,心理老化
包皮阴茎头炎,行为紊乱而奇特
包皮阴茎头炎,头发分叉
包皮阴茎头炎,体象障碍
包皮阴茎头炎,思维缓慢
包皮阴茎头炎,说话时字词不能连续
包皮阴茎头炎,水盐代谢障碍
包皮阴茎头炎,情绪性腹痛
包皮阴茎头炎,强制性哭笑
包皮阴茎头炎,强迫型人格障碍
包皮阴茎头炎,前列腺素合成减少
包皮阴茎头炎,前列腺增生
薄肾小球基底膜病,高血压
薄肾小球基底膜病,龟头发黑
薄肾小球基底膜病,阵发性狂笑
薄肾小球基底膜病,血精
薄肾小球基底膜病,舞蹈病样动作
薄肾小球基底膜病,情感麻痹
薄肾小球基底膜病,高血压
薄肾小球基底膜病,龟头发黑
薄肾小球基底膜病,阵发性狂笑
薄肾小球基底膜病,血精
薄肾小球基底膜病,舞蹈病样动作
薄肾小球基底膜病,情感麻痹
吡唑酮类中毒,高血压
吡唑酮类中毒,龟头发黑
吡唑酮类中毒,阵发性狂笑
吡唑酮类中毒,血精
吡唑酮类中毒,舞蹈病样动作
吡唑酮类中毒,情感麻痹
吡唑酮类中毒,高血压
吡唑酮类中毒,龟头发黑
吡唑酮类中毒,阵发性狂笑
吡唑酮类中毒,血精
吡唑酮类中毒,舞蹈病样动作
吡唑酮类中毒,情感麻痹
闭经性头痛,高血压
闭经性头痛,龟头发黑
闭经性头痛,阵发性狂笑
闭经性头痛,血精
闭经性头痛,舞蹈病样动作
闭经性头痛,情感麻痹
闭经性头痛,高血压
闭经性头痛,龟头发黑
闭经性头痛,阵发性狂笑
闭经性头痛,血精
闭经性头痛,舞蹈病样动作
闭经性头痛,情感麻痹
宾斯旺格病,高血压
宾斯旺格病,龟头发黑
宾斯旺格病,阵发性狂笑
宾斯旺格病,血精
宾斯旺格病,舞蹈病样动作
宾斯旺格病,情感麻痹
宾斯旺格病,高血压
宾斯旺格病,龟头发黑
宾斯旺格病,阵发性狂笑
宾斯旺格病,血精
宾斯旺格病,舞蹈病样动作
宾斯旺格病,情感麻痹
勃起功能障碍,未分化躯体形式障碍
勃起功能障碍,维生素D缺乏
勃起功能障碍,神经官能症状
勃起功能障碍,腮腺区肿大
勃起功能障碍,全身消瘦型
勃起功能障碍,情志内伤
勃起功能障碍,模仿言语
勃起功能障碍,能力减退感
勃起功能障碍,泌尿生殖窦
勃起功能障碍,老人性格孤僻
勃起功能障碍,未分化躯体形式障碍
勃起功能障碍,维生素D缺乏
勃起功能障碍,神经官能症状
勃起功能障碍,腮腺区肿大
勃起功能障碍,全身消瘦型
勃起功能障碍,情志内伤
勃起功能障碍,模仿言语
勃起功能障碍,能力减退感
勃起功能障碍,泌尿生殖窦
勃起功能障碍,老人性格孤僻
步态异常,中毒严重
步态异常,忧郁
步态异常,性心理不成熟
步态异常,输精管堵塞
步态异常,前列腺缩小变硬
步态异常,麻醉药中毒
步态异常,中毒严重
步态异常,忧郁
步态异常,性心理不成熟
步态异常,输精管堵塞
步态异常,前列腺缩小变硬
步态异常,麻醉药中毒
产后抑郁症,喜怒无常
产后抑郁症,闪回
产后抑郁症,情绪性头痛
产后抑郁症,女性性器官反应缺乏
产后抑郁症,梦行症
产后抑郁症,喜怒无常
产后抑郁症,闪回
产后抑郁症,情绪性头痛
产后抑郁症,女性性器官反应缺乏
产后抑郁症,梦行症
产褥中暑,硒缺乏
产褥中暑,色情行为
产褥中暑,能量不足
产褥中暑,硒缺乏
产褥中暑,色情行为
产褥中暑,能量不足
肠道菌群失调症,盲袋阴道
肠道菌群失调症,盲袋阴道
肠瘘,盲袋阴道
肠瘘,盲袋阴道
肠侵袭性大肠埃希杆菌感染,盲袋阴道
肠侵袭性大肠埃希杆菌感染,盲袋阴道
肠胃炎,脱肛
肠胃炎,包皮内有白色分泌物
肠胃炎,蔗糖-异麦芽糖吸收不良
肠胃炎,血骨髓或痰涂片找到疟原虫
肠胃炎,退离休综合症
肠胃炎,情绪性进食
肠胃炎,脱肛
肠胃炎,包皮内有白色分泌物
肠胃炎,蔗糖-异麦芽糖吸收不良
肠胃炎,血骨髓或痰涂片找到疟原虫
肠胃炎,退离休综合症
肠胃炎,情绪性进食
肠系膜上动脉压迫综合征,盲袋阴道
肠系膜上动脉压迫综合征,盲袋阴道
成骨不全,儿童反复骨折
成骨不全,包皮过长
成骨不全,重力休克
成骨不全,依赖症
成骨不全,维生素B族缺乏
成骨不全,热衰竭
成骨不全,儿童反复骨折
成骨不全,包皮过长
成骨不全,重力休克
成骨不全,依赖症
成骨不全,维生素B族缺乏
成骨不全,热衰竭
痴呆综合征,盲袋阴道
痴呆综合征,盲袋阴道
迟发性皮肤卟啉病,盲袋阴道
迟发性皮肤卟啉病,盲袋阴道
迟发性外伤性脑内血肿,盲袋阴道
迟发性外伤性脑内血肿,盲袋阴道
垂体危象与垂体卒中,无助感
垂体危象与垂体卒中,神经症性抑郁
垂体危象与垂体卒中,内向性思维
垂体危象与垂体卒中,无助感
垂体危象与垂体卒中,神经症性抑郁
垂体危象与垂体卒中,内向性思维
大疱性表皮松解,盲袋阴道
大疱性表皮松解,盲袋阴道
单纯肾异位,恋尸型性变态
单纯肾异位,恋尸型性变态
单纯性肾囊肿,高血压
单纯性肾囊肿,龟头发黑
单纯性肾囊肿,阵发性狂笑
单纯性肾囊肿,血精
单纯性肾囊肿,舞蹈病样动作
单纯性肾囊肿,情感麻痹
单纯性肾囊肿,高血压
单纯性肾囊肿,龟头发黑
单纯性肾囊肿,阵发性狂笑
单纯性肾囊肿,血精
单纯性肾囊肿,舞蹈病样动作
单纯性肾囊肿,情感麻痹
弹性假黄瘤,高血压
弹性假黄瘤,龟头发黑
弹性假黄瘤,阵发性狂笑
弹性假黄瘤,血精
弹性假黄瘤,舞蹈病样动作
弹性假黄瘤,情感麻痹
弹性假黄瘤,高血压
弹性假黄瘤,龟头发黑
弹性假黄瘤,阵发性狂笑
弹性假黄瘤,血精
弹性假黄瘤,舞蹈病样动作
弹性假黄瘤,情感麻痹
低血容量性休克,习惯性尿裤
低血容量性休克,神经质性格
低血容量性休克,腓肠肌痉挛性疼痛
低血容量性休克,习惯性尿裤
低血容量性休克,神经质性格
低血容量性休克,腓肠肌痉挛性疼痛
低血压,妊娠中毒
低血压,迷恋足部或鞋袜
低血压,妊娠中毒
低血压,迷恋足部或鞋袜
滴虫性包皮龟头炎,自恋
滴虫性包皮龟头炎,愉快感缺乏
滴虫性包皮龟头炎,性欲减退
滴虫性包皮龟头炎,贪食
滴虫性包皮龟头炎,前列腺硬结
滴虫性包皮龟头炎,自恋
滴虫性包皮龟头炎,愉快感缺乏
滴虫性包皮龟头炎,性欲减退
滴虫性包皮龟头炎,贪食
滴虫性包皮龟头炎,前列腺硬结
癫狂病,脂肪过多
癫狂病,营养不良性水肿
癫狂病,心境高涨
癫狂病,手臂肌肉萎缩
癫狂病,频繁性惊醒
癫狂病,脂肪过多
癫狂病,营养不良性水肿
癫狂病,心境高涨
癫狂病,手臂肌肉萎缩
癫狂病,频繁性惊醒
癫痫,维生素E缺乏
癫痫,伤寒面容
癫痫,内毒素血症
癫痫,维生素E缺乏
癫痫,伤寒面容
癫痫,内毒素血症
癫痫伴发的精神障碍,维生素E缺乏
癫痫伴发的精神障碍,伤寒面容
癫痫伴发的精神障碍,内毒素血症
癫痫伴发的精神障碍,维生素E缺乏
癫痫伴发的精神障碍,伤寒面容
癫痫伴发的精神障碍,内毒素血症
癫痫持续状态,喜怒无常
癫痫持续状态,闪回
癫痫持续状态,女性性器官反应缺乏
癫痫持续状态,喜怒无常
癫痫持续状态,闪回
癫痫持续状态,女性性器官反应缺乏
癫痫性精神障碍,注意力不集中
癫痫性精神障碍,阴囊潮湿有异味
癫痫性精神障碍,性施虐癖
癫痫性精神障碍,维生素E缺乏
癫痫性精神障碍,舞蹈样不自主运动
癫痫性精神障碍,输精管变粗
癫痫性精神障碍,伤寒面容
癫痫性精神障碍,缺乏性的兴趣和性活动的要求
癫痫性精神障碍,频繁遗精
癫痫性精神障碍,内毒素血症
癫痫性精神障碍,气管受压
癫痫性精神障碍,注意力不集中
癫痫性精神障碍,阴囊潮湿有异味
癫痫性精神障碍,性施虐癖
癫痫性精神障碍,维生素E缺乏
癫痫性精神障碍,舞蹈样不自主运动
癫痫性精神障碍,输精管变粗
癫痫性精神障碍,伤寒面容
癫痫性精神障碍,缺乏性的兴趣和性活动的要求
癫痫性精神障碍,频繁遗精
癫痫性精神障碍,内毒素血症
癫痫性精神障碍,气管受压
短肠综合征,盲袋阴道
短肠综合征,盲袋阴道
短暂性大脑缺血性发作,高血压
短暂性大脑缺血性发作,龟头发黑
短暂性大脑缺血性发作,阵发性狂笑
短暂性大脑缺血性发作,血精
短暂性大脑缺血性发作,舞蹈病样动作
短暂性大脑缺血性发作,情感麻痹
短暂性大脑缺血性发作,高血压
短暂性大脑缺血性发作,龟头发黑
短暂性大脑缺血性发作,阵发性狂笑
短暂性大脑缺血性发作,血精
短暂性大脑缺血性发作,舞蹈病样动作
短暂性大脑缺血性发作,情感麻痹
短暂性脑缺血发作,高血压
短暂性脑缺血发作,龟头发黑
短暂性脑缺血发作,阵发性狂笑
短暂性脑缺血发作,血精
短暂性脑缺血发作,舞蹈病样动作
短暂性脑缺血发作,情感麻痹
短暂性脑缺血发作,高血压
短暂性脑缺血发作,龟头发黑
短暂性脑缺血发作,阵发性狂笑
短暂性脑缺血发作,血精
短暂性脑缺血发作,舞蹈病样动作
短暂性脑缺血发作,情感麻痹
多动症,易性别癖
多动症,猥亵行为
多动症,湿性脚气
多动症,皮下脂肪萎缩
多动症,易性别癖
多动症,猥亵行为
多动症,湿性脚气
多动症,皮下脂肪萎缩
多发性内分泌腺瘤Ⅱ型,高血压
多发性内分泌腺瘤Ⅱ型,龟头发黑
多发性内分泌腺瘤Ⅱ型,阵发性狂笑
多发性内分泌腺瘤Ⅱ型,血精
多发性内分泌腺瘤Ⅱ型,舞蹈病样动作
多发性内分泌腺瘤Ⅱ型,情感麻痹
多发性内分泌腺瘤Ⅱ型,高血压
多发性内分泌腺瘤Ⅱ型,龟头发黑
多发性内分泌腺瘤Ⅱ型,阵发性狂笑
多发性内分泌腺瘤Ⅱ型,血精
多发性内分泌腺瘤Ⅱ型,舞蹈病样动作
多发性内分泌腺瘤Ⅱ型,情感麻痹
多囊卵巢综合征,高血压
多囊卵巢综合征,龟头发黑
多囊卵巢综合征,阵发性狂笑
多囊卵巢综合征,血精
多囊卵巢综合征,舞蹈病样动作
多囊卵巢综合征,情感麻痹
多囊卵巢综合征,高血压
多囊卵巢综合征,龟头发黑
多囊卵巢综合征,阵发性狂笑
多囊卵巢综合征,血精
多囊卵巢综合征,舞蹈病样动作
多囊卵巢综合征,情感麻痹
恶性高血压性小动脉性肾硬化,高血压
恶性高血压性小动脉性肾硬化,龟头发黑
恶性高血压性小动脉性肾硬化,阵发性狂笑
恶性高血压性小动脉性肾硬化,血精
恶性高血压性小动脉性肾硬化,舞蹈病样动作
恶性高血压性小动脉性肾硬化,情感麻痹
恶性高血压性小动脉性肾硬化,高血压
恶性高血压性小动脉性肾硬化,龟头发黑
恶性高血压性小动脉性肾硬化,阵发性狂笑
恶性高血压性小动脉性肾硬化,血精
恶性高血压性小动脉性肾硬化,舞蹈病样动作
恶性高血压性小动脉性肾硬化,情感麻痹
儿童分离性焦虑障碍,易性别癖
儿童分离性焦虑障碍,猥亵行为
儿童分离性焦虑障碍,湿性脚气
儿童分离性焦虑障碍,皮下脂肪萎缩
儿童分离性焦虑障碍,易性别癖
儿童分离性焦虑障碍,猥亵行为
儿童分离性焦虑障碍,湿性脚气
儿童分离性焦虑障碍,皮下脂肪萎缩
耳聋,认知功能障碍
耳聋,梅毒恐怖
耳聋,认知功能障碍
耳聋,梅毒恐怖
耳石症,高血压
耳石症,龟头发黑
耳石症,阵发性狂笑
耳石症,血精
耳石症,舞蹈病样动作
耳石症,情感麻痹
耳石症,高血压
耳石症,龟头发黑
耳石症,阵发性狂笑
耳石症,血精
耳石症,舞蹈病样动作
耳石症,情感麻痹
二糖酶缺乏症,无能力感
二糖酶缺乏症,腮腺肿大
二糖酶缺乏症,脓液为巧克力色或查到阿米巴原虫
二糖酶缺乏症,无能力感
二糖酶缺乏症,腮腺肿大
二糖酶缺乏症,脓液为巧克力色或查到阿米巴原虫
反流性肾病,高血压
反流性肾病,龟头发黑
反流性肾病,阵发性狂笑
反流性肾病,血精
反流性肾病,舞蹈病样动作
反流性肾病,情感麻痹
反流性肾病,高血压
反流性肾病,龟头发黑
反流性肾病,阵发性狂笑
反流性肾病,血精
反流性肾病,舞蹈病样动作
反流性肾病,情感麻痹
反应性精神病,脂肪过多
反应性精神病,营养不良性水肿
反应性精神病,心境高涨
反应性精神病,手臂肌肉萎缩
反应性精神病,频繁性惊醒
反应性精神病,脂肪过多
反应性精神病,营养不良性水肿
反应性精神病,心境高涨
反应性精神病,手臂肌肉萎缩
反应性精神病,频繁性惊醒
房事两感症,无睾丸
房事两感症,“三怕”(水声、光、风)现象
房事两感症,粘膜疹
房事两感症,无睾丸
房事两感症,“三怕”(水声、光、风)现象
房事两感症,粘膜疹
房事头疼症,高血压
房事头疼症,龟头发黑
房事头疼症,阵发性狂笑
房事头疼症,血精
房事头疼症,舞蹈病样动作
房事头疼症,情感麻痹
房事头疼症,高血压
房事头疼症,龟头发黑
房事头疼症,阵发性狂笑
房事头疼症,血精
房事头疼症,舞蹈病样动作
房事头疼症,情感麻痹
非梭状芽胞杆菌肌坏死,意志丧失性格
非梭状芽胞杆菌肌坏死,心理伤害
非梭状芽胞杆菌肌坏死,嗜酒
非梭状芽胞杆菌肌坏死,强迫恐怖症
非梭状芽胞杆菌肌坏死,意志丧失性格
非梭状芽胞杆菌肌坏死,心理伤害
非梭状芽胞杆菌肌坏死,嗜酒
非梭状芽胞杆菌肌坏死,强迫恐怖症
非依赖性物质伴发依赖,盲袋阴道
非依赖性物质伴发依赖,盲袋阴道
非甾体类抗炎药物性肾病,高血压
非甾体类抗炎药物性肾病,龟头发黑
非甾体类抗炎药物性肾病,阵发性狂笑
非甾体类抗炎药物性肾病,血精
非甾体类抗炎药物性肾病,舞蹈病样动作
非甾体类抗炎药物性肾病,情感麻痹
非甾体类抗炎药物性肾病,高血压
非甾体类抗炎药物性肾病,龟头发黑
非甾体类抗炎药物性肾病,阵发性狂笑
非甾体类抗炎药物性肾病,血精
非甾体类抗炎药物性肾病,舞蹈病样动作
非甾体类抗炎药物性肾病,情感麻痹
非洲锥虫病,盲袋阴道
非洲锥虫病,盲袋阴道
肥胖性生殖无能综合征,易哭
肥胖性生殖无能综合征,先天性弓形体
肥胖性生殖无能综合征,维生素D中毒
肥胖性生殖无能综合征,社交敏感性障碍
肥胖性生殖无能综合征,腮腺肿胀
肥胖性生殖无能综合征,男子性功能障碍
肥胖性生殖无能综合征,内容难以听清的自言自语
肥胖性生殖无能综合征,易哭
肥胖性生殖无能综合征,先天性弓形体
肥胖性生殖无能综合征,维生素D中毒
肥胖性生殖无能综合征,社交敏感性障碍
肥胖性生殖无能综合征,腮腺肿胀
肥胖性生殖无能综合征,男子性功能障碍
肥胖性生殖无能综合征,内容难以听清的自言自语
肥胖性心肌病,高血压
肥胖性心肌病,龟头发黑
肥胖性心肌病,阵发性狂笑
肥胖性心肌病,血精
肥胖性心肌病,舞蹈病样动作
肥胖性心肌病,情感麻痹
肥胖性心肌病,高血压
肥胖性心肌病,龟头发黑
肥胖性心肌病,阵发性狂笑
肥胖性心肌病,血精
肥胖性心肌病,舞蹈病样动作
肥胖性心肌病,情感麻痹
肺出血－肾炎综合征,高血压
肺出血－肾炎综合征,龟头发黑
肺出血－肾炎综合征,阵发性狂笑
肺出血－肾炎综合征,血精
肺出血－肾炎综合征,舞蹈病样动作
肺出血－肾炎综合征,情感麻痹
肺出血－肾炎综合征,高血压
肺出血－肾炎综合征,龟头发黑
肺出血－肾炎综合征,阵发性狂笑
肺出血－肾炎综合征,血精
肺出血－肾炎综合征,舞蹈病样动作
肺出血－肾炎综合征,情感麻痹
痱子,小儿湿疹
痱子,包皮上有小红点
痱子,阵发性痴笑
痱子,疑病症
痱子,无动性缄默
痱子,情感高涨
痱子,小儿湿疹
痱子,包皮上有小红点
痱子,阵发性痴笑
痱子,疑病症
痱子,无动性缄默
痱子,情感高涨
分水岭区脑梗死,高血压
分水岭区脑梗死,龟头发黑
分水岭区脑梗死,阵发性狂笑
分水岭区脑梗死,血精
分水岭区脑梗死,舞蹈病样动作
分水岭区脑梗死,情感麻痹
分水岭区脑梗死,高血压
分水岭区脑梗死,龟头发黑
分水岭区脑梗死,阵发性狂笑
分水岭区脑梗死,血精
分水岭区脑梗死,舞蹈病样动作
分水岭区脑梗死,情感麻痹
妇女雄激素源性秃发,高血压
妇女雄激素源性秃发,龟头发黑
妇女雄激素源性秃发,阵发性狂笑
妇女雄激素源性秃发,血精
妇女雄激素源性秃发,舞蹈病样动作
妇女雄激素源性秃发,情感麻痹
妇女雄激素源性秃发,高血压
妇女雄激素源性秃发,龟头发黑
妇女雄激素源性秃发,阵发性狂笑
妇女雄激素源性秃发,血精
妇女雄激素源性秃发,舞蹈病样动作
妇女雄激素源性秃发,情感麻痹
附睾炎,网络综合症
附睾炎,躯体性疾病所致的精神障碍
附睾炎,认识能力缺失
附睾炎,摸空症
附睾炎,毛发干枯
附睾炎,网络综合症
附睾炎,躯体性疾病所致的精神障碍
附睾炎,认识能力缺失
附睾炎,摸空症
附睾炎,毛发干枯
腹壁坏死性筋膜炎,意志丧失性格
腹壁坏死性筋膜炎,心理伤害
腹壁坏死性筋膜炎,嗜酒
腹壁坏死性筋膜炎,强迫恐怖症
腹壁坏死性筋膜炎,意志丧失性格
腹壁坏死性筋膜炎,心理伤害
腹壁坏死性筋膜炎,嗜酒
腹壁坏死性筋膜炎,强迫恐怖症
腹膜后纤维化,高血压
腹膜后纤维化,龟头发黑
腹膜后纤维化,阵发性狂笑
腹膜后纤维化,血精
腹膜后纤维化,舞蹈病样动作
腹膜后纤维化,情感麻痹
腹膜后纤维化,高血压
腹膜后纤维化,龟头发黑
腹膜后纤维化,阵发性狂笑
腹膜后纤维化,血精
腹膜后纤维化,舞蹈病样动作
腹膜后纤维化,情感麻痹
腹泻,盲袋阴道
腹泻,盲袋阴道
腹卒中综合征,高血压
腹卒中综合征,龟头发黑
腹卒中综合征,阵发性狂笑
腹卒中综合征,血精
腹卒中综合征,舞蹈病样动作
腹卒中综合征,情感麻痹
腹卒中综合征,高血压
腹卒中综合征,龟头发黑
腹卒中综合征,阵发性狂笑
腹卒中综合征,血精
腹卒中综合征,舞蹈病样动作
腹卒中综合征,情感麻痹
肝火眩晕,高血压
肝火眩晕,龟头发黑
肝火眩晕,阵发性狂笑
肝火眩晕,血精
肝火眩晕,舞蹈病样动作
肝火眩晕,情感麻痹
肝火眩晕,高血压
肝火眩晕,龟头发黑
肝火眩晕,阵发性狂笑
肝火眩晕,血精
肝火眩晕,舞蹈病样动作
肝火眩晕,情感麻痹
肝内胆管结石,盲袋阴道
肝内胆管结石,盲袋阴道
高睾酮血症,注意障碍
高睾酮血症,阴茎短
高睾酮血症,严重情绪障碍
高睾酮血症,睡眠障碍
高睾酮血症,迫害妄想
高睾酮血症,注意障碍
高睾酮血症,阴茎短
高睾酮血症,严重情绪障碍
高睾酮血症,睡眠障碍
高睾酮血症,迫害妄想
高尿酸血症肾病,高血压
高尿酸血症肾病,龟头发黑
高尿酸血症肾病,阵发性狂笑
高尿酸血症肾病,血精
高尿酸血症肾病,舞蹈病样动作
高尿酸血症肾病,情感麻痹
高尿酸血症肾病,高血压
高尿酸血症肾病,龟头发黑
高尿酸血症肾病,阵发性狂笑
高尿酸血症肾病,血精
高尿酸血症肾病,舞蹈病样动作
高尿酸血症肾病,情感麻痹
高温引起的溶血性贫血,高血压
高温引起的溶血性贫血,龟头发黑
高温引起的溶血性贫血,阵发性狂笑
高温引起的溶血性贫血,血精
高温引起的溶血性贫血,舞蹈病样动作
高温引起的溶血性贫血,情感麻痹
高温引起的溶血性贫血,高血压
高温引起的溶血性贫血,龟头发黑
高温引起的溶血性贫血,阵发性狂笑
高温引起的溶血性贫血,血精
高温引起的溶血性贫血,舞蹈病样动作
高温引起的溶血性贫血,情感麻痹
高血压脑病,高血压
高血压脑病,龟头发黑
高血压脑病,阵发性狂笑
高血压脑病,血精
高血压脑病,舞蹈病样动作
高血压脑病,情感麻痹
高血压脑病,高血压
高血压脑病,龟头发黑
高血压脑病,阵发性狂笑
高血压脑病,血精
高血压脑病,舞蹈病样动作
高血压脑病,情感麻痹
高血压性脑出血,高血压
高血压性脑出血,龟头发黑
高血压性脑出血,阵发性狂笑
高血压性脑出血,血精
高血压性脑出血,舞蹈病样动作
高血压性脑出血,情感麻痹
高血压性脑出血,高血压
高血压性脑出血,龟头发黑
高血压性脑出血,阵发性狂笑
高血压性脑出血,血精
高血压性脑出血,舞蹈病样动作
高血压性脑出血,情感麻痹
高血脂,维生素D中毒
高血脂,腮腺肿胀
高血脂,内容难以听清的自言自语
高血脂,维生素D中毒
高血脂,腮腺肿胀
高血脂,内容难以听清的自言自语
高胰岛素血症,高血压
高胰岛素血症,龟头发黑
高胰岛素血症,阵发性狂笑
高胰岛素血症,血精
高胰岛素血症,舞蹈病样动作
高胰岛素血症,情感麻痹
高胰岛素血症,高血压
高胰岛素血症,龟头发黑
高胰岛素血症,阵发性狂笑
高胰岛素血症,血精
高胰岛素血症,舞蹈病样动作
高胰岛素血症,情感麻痹
高原脑水肿,情感依赖
高原脑水肿,狂笑
高原脑水肿,情感依赖
高原脑水肿,狂笑
高原适应不全症,高血压
高原适应不全症,龟头发黑
高原适应不全症,阵发性狂笑
高原适应不全症,血精
高原适应不全症,舞蹈病样动作
高原适应不全症,情感麻痹
高原适应不全症,高血压
高原适应不全症,龟头发黑
高原适应不全症,阵发性狂笑
高原适应不全症,血精
高原适应不全症,舞蹈病样动作
高原适应不全症,情感麻痹
高原性心脏病,高血压
高原性心脏病,龟头发黑
高原性心脏病,阵发性狂笑
高原性心脏病,血精
高原性心脏病,舞蹈病样动作
高原性心脏病,情感麻痹
高原性心脏病,高血压
高原性心脏病,龟头发黑
高原性心脏病,阵发性狂笑
高原性心脏病,血精
高原性心脏病,舞蹈病样动作
高原性心脏病,情感麻痹
高脂血症,注意障碍
高脂血症,阴茎短
高脂血症,严重情绪障碍
高脂血症,睡眠障碍
高脂血症,迫害妄想
高脂血症,注意障碍
高脂血症,阴茎短
高脂血症,严重情绪障碍
高脂血症,睡眠障碍
高脂血症,迫害妄想
睾丸癌,网络综合症
睾丸癌,躯体性疾病所致的精神障碍
睾丸癌,摸空症
睾丸癌,网络综合症
睾丸癌,躯体性疾病所致的精神障碍
睾丸癌,摸空症
睾丸畸形,睾丸下垂
睾丸畸形,包皮上有小白点
睾丸畸形,阴囊肿胀
睾丸畸形,言语自动症
睾丸畸形,顽固性呃逆
睾丸畸形,情绪性多汗症
睾丸畸形,睾丸下垂
睾丸畸形,包皮上有小白点
睾丸畸形,阴囊肿胀
睾丸畸形,言语自动症
睾丸畸形,顽固性呃逆
睾丸畸形,情绪性多汗症
睾丸囊肿,睾丸下垂
睾丸囊肿,包皮上有小白点
睾丸囊肿,阴囊肿胀
睾丸囊肿,言语自动症
睾丸囊肿,维生素C缺乏
睾丸囊肿,顽固性呃逆
睾丸囊肿,日常生活能力减退和行为异常
睾丸囊肿,躯体形式疼痛障碍
睾丸囊肿,躯体主诉增多
睾丸囊肿,情绪性多汗症
睾丸囊肿,皮肤湿冷
睾丸囊肿,麻风恐怖
睾丸囊肿,梦幻觉
睾丸囊肿,睾丸下垂
睾丸囊肿,包皮上有小白点
睾丸囊肿,阴囊肿胀
睾丸囊肿,言语自动症
睾丸囊肿,维生素C缺乏
睾丸囊肿,顽固性呃逆
睾丸囊肿,日常生活能力减退和行为异常
睾丸囊肿,躯体形式疼痛障碍
睾丸囊肿,躯体主诉增多
睾丸囊肿,情绪性多汗症
睾丸囊肿,皮肤湿冷
睾丸囊肿,麻风恐怖
睾丸囊肿,梦幻觉
睾丸扭转,睾丸静脉曲张
睾丸扭转,睾丸下垂
睾丸扭转,包皮发白
睾丸扭转,包皮上有小白点
睾丸扭转,阴茎硬结
睾丸扭转,阴囊肿胀
睾丸扭转,一氧化碳中毒
睾丸扭转,言语自动症
睾丸扭转,微量元素缺少
睾丸扭转,顽固性呃逆
睾丸扭转,认识能力缺失
睾丸扭转,情感淡漠
睾丸扭转,情绪性多汗症
睾丸扭转,毛发干枯
睾丸扭转,睾丸静脉曲张
睾丸扭转,睾丸下垂
睾丸扭转,包皮发白
睾丸扭转,包皮上有小白点
睾丸扭转,阴茎硬结
睾丸扭转,阴囊肿胀
睾丸扭转,一氧化碳中毒
睾丸扭转,言语自动症
睾丸扭转,微量元素缺少
睾丸扭转,顽固性呃逆
睾丸扭转,认识能力缺失
睾丸扭转,情感淡漠
睾丸扭转,情绪性多汗症
睾丸扭转,毛发干枯
睾丸损伤,睾丸静脉曲张
睾丸损伤,包皮发白
睾丸损伤,阴茎硬结
睾丸损伤,一氧化碳中毒
睾丸损伤,维生素C缺乏
睾丸损伤,微量元素缺少
睾丸损伤,日常生活能力减退和行为异常
睾丸损伤,情感淡漠
睾丸损伤,皮肤湿冷
睾丸损伤,睾丸静脉曲张
睾丸损伤,包皮发白
睾丸损伤,阴茎硬结
睾丸损伤,一氧化碳中毒
睾丸损伤,维生素C缺乏
睾丸损伤,微量元素缺少
睾丸损伤,日常生活能力减退和行为异常
睾丸损伤,情感淡漠
睾丸损伤,皮肤湿冷
睾丸下降不全,谊妄
睾丸下降不全,醒后不解乏
睾丸下降不全,思维控制异常
睾丸下降不全,浅眠
睾丸下降不全,谊妄
睾丸下降不全,醒后不解乏
睾丸下降不全,思维控制异常
睾丸下降不全,浅眠
睾丸炎,睾丸静脉曲张
睾丸炎,睾丸下垂
睾丸炎,包皮发白
睾丸炎,包皮上有小白点
睾丸炎,阴茎硬结
睾丸炎,阴囊肿胀
睾丸炎,谊妄
睾丸炎,一氧化碳中毒
睾丸炎,言语自动症
睾丸炎,醒后不解乏
睾丸炎,微量元素缺少
睾丸炎,顽固性呃逆
睾丸炎,思维控制异常
睾丸炎,情感淡漠
睾丸炎,情绪性多汗症
睾丸炎,浅眠
睾丸炎,睾丸静脉曲张
睾丸炎,睾丸下垂
睾丸炎,包皮发白
睾丸炎,包皮上有小白点
睾丸炎,阴茎硬结
睾丸炎,阴囊肿胀
睾丸炎,谊妄
睾丸炎,一氧化碳中毒
睾丸炎,言语自动症
睾丸炎,醒后不解乏
睾丸炎,微量元素缺少
睾丸炎,顽固性呃逆
睾丸炎,思维控制异常
睾丸炎,情感淡漠
睾丸炎,情绪性多汗症
睾丸炎,浅眠
梗阻性肾病,高血压
梗阻性肾病,龟头发黑
梗阻性肾病,阵发性狂笑
梗阻性肾病,血精
梗阻性肾病,舞蹈病样动作
梗阻性肾病,情感麻痹
梗阻性肾病,高血压
梗阻性肾病,龟头发黑
梗阻性肾病,阵发性狂笑
梗阻性肾病,血精
梗阻性肾病,舞蹈病样动作
梗阻性肾病,情感麻痹
更年期角化症,高血压
更年期角化症,龟头发黑
更年期角化症,阵发性狂笑
更年期角化症,血精
更年期角化症,舞蹈病样动作
更年期角化症,情感麻痹
更年期角化症,高血压
更年期角化症,龟头发黑
更年期角化症,阵发性狂笑
更年期角化症,血精
更年期角化症,舞蹈病样动作
更年期角化症,情感麻痹
更年期综合征,高血压
更年期综合征,龟头发黑
更年期综合征,阵发性狂笑
更年期综合征,血精
更年期综合征,舞蹈病样动作
更年期综合征,情感麻痹
更年期综合征,高血压
更年期综合征,龟头发黑
更年期综合征,阵发性狂笑
更年期综合征,血精
更年期综合征,舞蹈病样动作
更年期综合征,情感麻痹
工业毒物中毒性周围神经病,躯体化障碍
工业毒物中毒性周围神经病,磷烧伤合并中毒
工业毒物中毒性周围神经病,躯体化障碍
工业毒物中毒性周围神经病,磷烧伤合并中毒
功能性下丘脑性闭经,盲袋阴道
功能性下丘脑性闭经,盲袋阴道
孤独症,营养不良
孤独症,心境不良
孤独症,弹钢琴指(趾)征
孤独症,强迫观念
孤独症,营养不良
孤独症,心境不良
孤独症,弹钢琴指(趾)征
孤独症,强迫观念
骨囊肿,儿童反复骨折
骨囊肿,包皮过长
骨囊肿,重力休克
骨囊肿,依赖症
骨囊肿,维生素B族缺乏
骨囊肿,热衰竭
骨囊肿,儿童反复骨折
骨囊肿,包皮过长
骨囊肿,重力休克
骨囊肿,依赖症
骨囊肿,维生素B族缺乏
骨囊肿,热衰竭
骨肉瘤,儿童反复骨折
骨肉瘤,包皮过长
骨肉瘤,重力休克
骨肉瘤,依赖症
骨肉瘤,维生素B族缺乏
骨肉瘤,热衰竭
骨肉瘤,儿童反复骨折
骨肉瘤,包皮过长
骨肉瘤,重力休克
骨肉瘤,依赖症
骨肉瘤,维生素B族缺乏
骨肉瘤,热衰竭
骨蒸,盲袋阴道
骨蒸,盲袋阴道
广泛性焦虑障碍,易醒
广泛性焦虑障碍,现实解体
广泛性焦虑障碍,失眠
广泛性焦虑障碍,喃喃重复自语
广泛性焦虑障碍,易醒
广泛性焦虑障碍,现实解体
广泛性焦虑障碍,失眠
广泛性焦虑障碍,喃喃重复自语
龟头癌,勃起时间短
龟头癌,有机磷中毒
龟头癌,性兴趣减退感
龟头癌,输精管疼痛
龟头癌,中度吸入性损伤
龟头癌,勃起时间短
龟头癌,有机磷中毒
龟头癌,性兴趣减退感
龟头癌,输精管疼痛
龟头癌,中度吸入性损伤
龟头珍珠疹,隐睾
龟头珍珠疹,性欲亢进
龟头珍珠疹,嗜酒性幻觉性精神错乱
龟头珍珠疹,偏执状态
龟头珍珠疹,隐睾
龟头珍珠疹,性欲亢进
龟头珍珠疹,嗜酒性幻觉性精神错乱
龟头珍珠疹,偏执状态
过劳死,易醒
过劳死,现实解体
过劳死,失眠
过劳死,喃喃重复自语
过劳死,易醒
过劳死,现实解体
过劳死,失眠
过劳死,喃喃重复自语
过敏性皮炎,小儿湿疹
过敏性皮炎,包皮上有小红点
过敏性皮炎,阵发性痴笑
过敏性皮炎,疑病症
过敏性皮炎,无动性缄默
过敏性皮炎,情感高涨
过敏性皮炎,小儿湿疹
过敏性皮炎,包皮上有小红点
过敏性皮炎,阵发性痴笑
过敏性皮炎,疑病症
过敏性皮炎,无动性缄默
过敏性皮炎,情感高涨
过敏性紫癜肾炎,高血压
过敏性紫癜肾炎,龟头发黑
过敏性紫癜肾炎,阵发性狂笑
过敏性紫癜肾炎,血精
过敏性紫癜肾炎,舞蹈病样动作
过敏性紫癜肾炎,情感麻痹
过敏性紫癜肾炎,高血压
过敏性紫癜肾炎,龟头发黑
过敏性紫癜肾炎,阵发性狂笑
过敏性紫癜肾炎,血精
过敏性紫癜肾炎,舞蹈病样动作
过敏性紫癜肾炎,情感麻痹
鼾症,高血压
鼾症,龟头发黑
鼾症,阵发性狂笑
鼾症,血精
鼾症,舞蹈病样动作
鼾症,情感麻痹
鼾症,高血压
鼾症,龟头发黑
鼾症,阵发性狂笑
鼾症,血精
鼾症,舞蹈病样动作
鼾症,情感麻痹
寒痹,高血压
寒痹,龟头发黑
寒痹,阵发性狂笑
寒痹,血精
寒痹,舞蹈病样动作
寒痹,情感麻痹
寒痹,高血压
寒痹,龟头发黑
寒痹,阵发性狂笑
寒痹,血精
寒痹,舞蹈病样动作
寒痹,情感麻痹
红斑性肢痛症,高血压
红斑性肢痛症,龟头发黑
红斑性肢痛症,阵发性狂笑
红斑性肢痛症,血精
红斑性肢痛症,舞蹈病样动作
红斑性肢痛症,情感麻痹
红斑性肢痛症,高血压
红斑性肢痛症,龟头发黑
红斑性肢痛症,阵发性狂笑
红斑性肢痛症,血精
红斑性肢痛症,舞蹈病样动作
红斑性肢痛症,情感麻痹
后尿道瓣膜,恋尸型性变态
后尿道瓣膜,恋尸型性变态
化学性眼外伤,情绪性厌食
化学性眼外伤,窥淫癖
化学性眼外伤,情绪性厌食
化学性眼外伤,窥淫癖
黄色肉芽肿性肾盂肾炎,高血压
黄色肉芽肿性肾盂肾炎,龟头发黑
黄色肉芽肿性肾盂肾炎,阵发性狂笑
黄色肉芽肿性肾盂肾炎,血精
黄色肉芽肿性肾盂肾炎,舞蹈病样动作
黄色肉芽肿性肾盂肾炎,情感麻痹
黄色肉芽肿性肾盂肾炎,高血压
黄色肉芽肿性肾盂肾炎,龟头发黑
黄色肉芽肿性肾盂肾炎,阵发性狂笑
黄色肉芽肿性肾盂肾炎,血精
黄色肉芽肿性肾盂肾炎,舞蹈病样动作
黄色肉芽肿性肾盂肾炎,情感麻痹
灰指甲,指甲里有黑线
灰指甲,阴茎萎缩
灰指甲,阴茎疼痛
灰指甲,异食癖
灰指甲,夜游症
灰指甲,小便恐惧
灰指甲,头发淡黄色
灰指甲,失血过多后贫血
灰指甲,青春危险期
灰指甲,皮肤血管收缩呈网状图案
灰指甲,指甲里有黑线
灰指甲,阴茎萎缩
灰指甲,阴茎疼痛
灰指甲,异食癖
灰指甲,夜游症
灰指甲,小便恐惧
灰指甲,头发淡黄色
灰指甲,失血过多后贫血
灰指甲,青春危险期
灰指甲,皮肤血管收缩呈网状图案
会厌炎,呛奶
会厌炎,包皮痒
会厌炎,周期性嗜睡强食症
会厌炎,乙肝e抗体（抗HBe）阳性
会厌炎,无活动性结核病灶
会厌炎,人格改变
会厌炎,呛奶
会厌炎,包皮痒
会厌炎,周期性嗜睡强食症
会厌炎,乙肝e抗体（抗HBe）阳性
会厌炎,无活动性结核病灶
会厌炎,人格改变
昏迷,无用感
昏迷,热痉挛
昏迷,模仿性自动症
昏迷,无用感
昏迷,热痉挛
昏迷,模仿性自动症
获得性视网膜大动脉瘤,高血压
获得性视网膜大动脉瘤,龟头发黑
获得性视网膜大动脉瘤,阵发性狂笑
获得性视网膜大动脉瘤,血精
获得性视网膜大动脉瘤,舞蹈病样动作
获得性视网膜大动脉瘤,情感麻痹
获得性视网膜大动脉瘤,高血压
获得性视网膜大动脉瘤,龟头发黑
获得性视网膜大动脉瘤,阵发性狂笑
获得性视网膜大动脉瘤,血精
获得性视网膜大动脉瘤,舞蹈病样动作
获得性视网膜大动脉瘤,情感麻痹
基底核钙化症,舞蹈样手足徐动
基底核钙化症,缺乏自控能力
基底核钙化症,类戒断反应
基底核钙化症,舞蹈样手足徐动
基底核钙化症,缺乏自控能力
基底核钙化症,类戒断反应
激素依赖性皮炎,高血压
激素依赖性皮炎,龟头发黑
激素依赖性皮炎,阵发性狂笑
激素依赖性皮炎,血精
激素依赖性皮炎,舞蹈病样动作
激素依赖性皮炎,情感麻痹
激素依赖性皮炎,高血压
激素依赖性皮炎,龟头发黑
激素依赖性皮炎,阵发性狂笑
激素依赖性皮炎,血精
激素依赖性皮炎,舞蹈病样动作
激素依赖性皮炎,情感麻痹
吉兰-巴雷综合征,高血压
吉兰-巴雷综合征,龟头发黑
吉兰-巴雷综合征,阵发性狂笑
吉兰-巴雷综合征,血精
吉兰-巴雷综合征,舞蹈病样动作
吉兰-巴雷综合征,情感麻痹
吉兰-巴雷综合征,高血压
吉兰-巴雷综合征,龟头发黑
吉兰-巴雷综合征,阵发性狂笑
吉兰-巴雷综合征,血精
吉兰-巴雷综合征,舞蹈病样动作
吉兰-巴雷综合征,情感麻痹
急进性肾小球肾炎,高血压
急进性肾小球肾炎,龟头发黑
急进性肾小球肾炎,阵发性狂笑
急进性肾小球肾炎,血精
急进性肾小球肾炎,舞蹈病样动作
急进性肾小球肾炎,情感麻痹
急进性肾小球肾炎,高血压
急进性肾小球肾炎,龟头发黑
急进性肾小球肾炎,阵发性狂笑
急进性肾小球肾炎,血精
急进性肾小球肾炎,舞蹈病样动作
急进性肾小球肾炎,情感麻痹
急性胆囊炎,盲袋阴道
急性胆囊炎,盲袋阴道
急性结肠假性梗阻综合征,盲袋阴道
急性结肠假性梗阻综合征,盲袋阴道
急性脑内血肿,盲袋阴道
急性脑内血肿,盲袋阴道
急性全自主神经失调症,盲袋阴道
急性全自主神经失调症,盲袋阴道
急性肾功能不全,高血压
急性肾功能不全,龟头发黑
急性肾功能不全,阵发性狂笑
急性肾功能不全,血精
急性肾功能不全,舞蹈病样动作
急性肾功能不全,情感麻痹
急性肾功能不全,高血压
急性肾功能不全,龟头发黑
急性肾功能不全,阵发性狂笑
急性肾功能不全,血精
急性肾功能不全,舞蹈病样动作
急性肾功能不全,情感麻痹
急性肾功能衰竭,高血压
急性肾功能衰竭,龟头发黑
急性肾功能衰竭,阵发性狂笑
急性肾功能衰竭,血精
急性肾功能衰竭,舞蹈病样动作
急性肾功能衰竭,情感麻痹
急性肾功能衰竭,高血压
急性肾功能衰竭,龟头发黑
急性肾功能衰竭,阵发性狂笑
急性肾功能衰竭,血精
急性肾功能衰竭,舞蹈病样动作
急性肾功能衰竭,情感麻痹
急性肾小管坏死,高血压
急性肾小管坏死,龟头发黑
急性肾小管坏死,阵发性狂笑
急性肾小管坏死,血精
急性肾小管坏死,舞蹈病样动作
急性肾小管坏死,情感麻痹
急性肾小管坏死,高血压
急性肾小管坏死,龟头发黑
急性肾小管坏死,阵发性狂笑
急性肾小管坏死,血精
急性肾小管坏死,舞蹈病样动作
急性肾小管坏死,情感麻痹
急性肾小球肾炎,高血压
急性肾小球肾炎,龟头发黑
急性肾小球肾炎,阵发性狂笑
急性肾小球肾炎,血精
急性肾小球肾炎,舞蹈病样动作
急性肾小球肾炎,情感麻痹
急性肾小球肾炎,高血压
急性肾小球肾炎,龟头发黑
急性肾小球肾炎,阵发性狂笑
急性肾小球肾炎,血精
急性肾小球肾炎,舞蹈病样动作
急性肾小球肾炎,情感麻痹
急性肾炎,高血压
急性肾炎,龟头发黑
急性肾炎,阵发性狂笑
急性肾炎,血精
急性肾炎,舞蹈病样动作
急性肾炎,情感麻痹
急性肾炎,高血压
急性肾炎,龟头发黑
急性肾炎,阵发性狂笑
急性肾炎,血精
急性肾炎,舞蹈病样动作
急性肾炎,情感麻痹
急性肾炎综合征,高血压
急性肾炎综合征,龟头发黑
急性肾炎综合征,阵发性狂笑
急性肾炎综合征,血精
急性肾炎综合征,舞蹈病样动作
急性肾炎综合征,情感麻痹
急性肾炎综合征,高血压
急性肾炎综合征,龟头发黑
急性肾炎综合征,阵发性狂笑
急性肾炎综合征,血精
急性肾炎综合征,舞蹈病样动作
急性肾炎综合征,情感麻痹
急性硬脑膜外血肿,盲袋阴道
急性硬脑膜外血肿,盲袋阴道
急性硬脑膜下血肿,盲袋阴道
急性硬脑膜下血肿,盲袋阴道
脊髓灰质炎,高血压
脊髓灰质炎,龟头发黑
脊髓灰质炎,阵发性狂笑
脊髓灰质炎,血精
脊髓灰质炎,舞蹈病样动作
脊髓灰质炎,情感麻痹
脊髓灰质炎,高血压
脊髓灰质炎,龟头发黑
脊髓灰质炎,阵发性狂笑
脊髓灰质炎,血精
脊髓灰质炎,舞蹈病样动作
脊髓灰质炎,情感麻痹
脊髓前动脉综合征,情绪性厌食
脊髓前动脉综合征,窥淫癖
脊髓前动脉综合征,情绪性厌食
脊髓前动脉综合征,窥淫癖
脊髓小脑性共济失调,盲袋阴道
脊髓小脑性共济失调,盲袋阴道
脊柱结核,易于产生病理嫉妒信念
脊柱结核,行为无计划性
脊柱结核,思维不连贯
脊柱结核,偏执型人格障碍
脊柱结核,易于产生病理嫉妒信念
脊柱结核,行为无计划性
脊柱结核,思维不连贯
脊柱结核,偏执型人格障碍
脊椎病,高血压
脊椎病,龟头发黑
脊椎病,阵发性狂笑
脊椎病,血精
脊椎病,舞蹈病样动作
脊椎病,情感麻痹
脊椎病,高血压
脊椎病,龟头发黑
脊椎病,阵发性狂笑
脊椎病,血精
脊椎病,舞蹈病样动作
脊椎病,情感麻痹
家族性载脂蛋白B100缺陷症,高血压
家族性载脂蛋白B100缺陷症,龟头发黑
家族性载脂蛋白B100缺陷症,阵发性狂笑
家族性载脂蛋白B100缺陷症,血精
家族性载脂蛋白B100缺陷症,舞蹈病样动作
家族性载脂蛋白B100缺陷症,情感麻痹
家族性载脂蛋白B100缺陷症,高血压
家族性载脂蛋白B100缺陷症,龟头发黑
家族性载脂蛋白B100缺陷症,阵发性狂笑
家族性载脂蛋白B100缺陷症,血精
家族性载脂蛋白B100缺陷症,舞蹈病样动作
家族性载脂蛋白B100缺陷症,情感麻痹
甲沟炎,指甲与肉分离
甲沟炎,醉酒
甲沟炎,中度昏迷
甲沟炎,学习困难
甲沟炎,头皮松垂
甲沟炎,情绪低落
甲沟炎,指甲与肉分离
甲沟炎,醉酒
甲沟炎,中度昏迷
甲沟炎,学习困难
甲沟炎,头皮松垂
甲沟炎,情绪低落
甲状旁腺功能亢进性心肌病,高血压
甲状旁腺功能亢进性心肌病,龟头发黑
甲状旁腺功能亢进性心肌病,阵发性狂笑
甲状旁腺功能亢进性心肌病,血精
甲状旁腺功能亢进性心肌病,舞蹈病样动作
甲状旁腺功能亢进性心肌病,情感麻痹
甲状旁腺功能亢进性心肌病,高血压
甲状旁腺功能亢进性心肌病,龟头发黑
甲状旁腺功能亢进性心肌病,阵发性狂笑
甲状旁腺功能亢进性心肌病,血精
甲状旁腺功能亢进性心肌病,舞蹈病样动作
甲状旁腺功能亢进性心肌病,情感麻痹
甲状旁腺功能异常伴发的精神障碍,易醒
甲状旁腺功能异常伴发的精神障碍,现实解体
甲状旁腺功能异常伴发的精神障碍,失眠
甲状旁腺功能异常伴发的精神障碍,喃喃重复自语
甲状旁腺功能异常伴发的精神障碍,易醒
甲状旁腺功能异常伴发的精神障碍,现实解体
甲状旁腺功能异常伴发的精神障碍,失眠
甲状旁腺功能异常伴发的精神障碍,喃喃重复自语
贾第虫病,盲袋阴道
贾第虫病,盲袋阴道
假性肠梗阻,盲袋阴道
假性肠梗阻,盲袋阴道
假性动脉瘤,高血压
假性动脉瘤,龟头发黑
假性动脉瘤,阵发性狂笑
假性动脉瘤,血精
假性动脉瘤,舞蹈病样动作
假性动脉瘤,情感麻痹
假性动脉瘤,高血压
假性动脉瘤,龟头发黑
假性动脉瘤,阵发性狂笑
假性动脉瘤,血精
假性动脉瘤,舞蹈病样动作
假性动脉瘤,情感麻痹
假性高血压,高血压
假性高血压,龟头发黑
假性高血压,阵发性狂笑
假性高血压,血精
假性高血压,舞蹈病样动作
假性高血压,情感麻痹
假性高血压,高血压
假性高血压,龟头发黑
假性高血压,阵发性狂笑
假性高血压,血精
假性高血压,舞蹈病样动作
假性高血压,情感麻痹
腱鞘炎,癔症步态
腱鞘炎,行为动作幼稚愚蠢
腱鞘炎,思维黏滞
腱鞘炎,偏执性妄想
腱鞘炎,癔症步态
腱鞘炎,行为动作幼稚愚蠢
腱鞘炎,思维黏滞
腱鞘炎,偏执性妄想
焦磷酸钙沉积病,高血压
焦磷酸钙沉积病,龟头发黑
焦磷酸钙沉积病,阵发性狂笑
焦磷酸钙沉积病,血精
焦磷酸钙沉积病,舞蹈病样动作
焦磷酸钙沉积病,情感麻痹
焦磷酸钙沉积病,高血压
焦磷酸钙沉积病,龟头发黑
焦磷酸钙沉积病,阵发性狂笑
焦磷酸钙沉积病,血精
焦磷酸钙沉积病,舞蹈病样动作
焦磷酸钙沉积病,情感麻痹
结肠类癌,盲袋阴道
结肠类癌,盲袋阴道
结肠瘘,盲袋阴道
结肠瘘,盲袋阴道
结节性多动脉炎性巩膜炎,高血压
结节性多动脉炎性巩膜炎,龟头发黑
结节性多动脉炎性巩膜炎,阵发性狂笑
结节性多动脉炎性巩膜炎,血精
结节性多动脉炎性巩膜炎,舞蹈病样动作
结节性多动脉炎性巩膜炎,情感麻痹
结节性多动脉炎性巩膜炎,高血压
结节性多动脉炎性巩膜炎,龟头发黑
结节性多动脉炎性巩膜炎,阵发性狂笑
结节性多动脉炎性巩膜炎,血精
结节性多动脉炎性巩膜炎,舞蹈病样动作
结节性多动脉炎性巩膜炎,情感麻痹
进行性肥厚性间质性神经炎,情绪性胃痛
进行性肥厚性间质性神经炎,颅内出血
进行性肥厚性间质性神经炎,情绪性胃痛
进行性肥厚性间质性神经炎,颅内出血
进行性延髓麻痹,盲袋阴道
进行性延髓麻痹,盲袋阴道
进行性脂肪营养不良,盲袋阴道
进行性脂肪营养不良,盲袋阴道
近视,盲袋阴道
近视,盲袋阴道
浸淫疮,维生素C缺乏
浸淫疮,日常生活能力减退和行为异常
浸淫疮,皮肤湿冷
浸淫疮,维生素C缺乏
浸淫疮,日常生活能力减退和行为异常
浸淫疮,皮肤湿冷
精囊炎,睾丸一大一小
精囊炎,吟诗样语言
精囊炎,咬嘴唇或舌
精囊炎,痰检或可找到丝状蚴
精囊炎,强迫症
精囊炎,睾丸一大一小
精囊炎,吟诗样语言
精囊炎,咬嘴唇或舌
精囊炎,痰检或可找到丝状蚴
精囊炎,强迫症
精神病,无痛性阴囊内肿块
精神病,社交恐惧
精神病,木僵
精神病,无痛性阴囊内肿块
精神病,社交恐惧
精神病,木僵
精神分裂症,精神紧张
精神分裂症,自杀行为
精神分裂症,燥狂相
精神分裂症,选择性缄默症
精神分裂症,无痛性阴囊内肿块
精神分裂症,头部及眼后部疼痛并能听到连续不断的隆隆声
精神分裂症,社交恐惧
精神分裂症,蔷薇疹样皮疹
精神分裂症,木僵
精神分裂症,精神紧张
精神分裂症,自杀行为
精神分裂症,燥狂相
精神分裂症,选择性缄默症
精神分裂症,无痛性阴囊内肿块
精神分裂症,头部及眼后部疼痛并能听到连续不断的隆隆声
精神分裂症,社交恐惧
精神分裂症,蔷薇疹样皮疹
精神分裂症,木僵
精神障碍,精神紧张
精神障碍,自杀行为
精神障碍,燥狂相
精神障碍,选择性缄默症
精神障碍,头部及眼后部疼痛并能听到连续不断的隆隆声
精神障碍,蔷薇疹样皮疹
精神障碍,精神紧张
精神障碍,自杀行为
精神障碍,燥狂相
精神障碍,选择性缄默症
精神障碍,头部及眼后部疼痛并能听到连续不断的隆隆声
精神障碍,蔷薇疹样皮疹
精索恶性肿瘤,网络综合症
精索恶性肿瘤,躯体性疾病所致的精神障碍
精索恶性肿瘤,摸空症
精索恶性肿瘤,网络综合症
精索恶性肿瘤,躯体性疾病所致的精神障碍
精索恶性肿瘤,摸空症
颈椎病,高血压
颈椎病,龟头发黑
颈椎病,阵发性狂笑
颈椎病,血精
颈椎病,舞蹈病样动作
颈椎病,情感麻痹
颈椎病,高血压
颈椎病,龟头发黑
颈椎病,阵发性狂笑
颈椎病,血精
颈椎病,舞蹈病样动作
颈椎病,情感麻痹
久泄,盲袋阴道
久泄,盲袋阴道
酒精性肝病,盲袋阴道
酒精性肝病,盲袋阴道
酒精性心肌病,盲袋阴道
酒精性心肌病,盲袋阴道
酒精中毒性精神障碍,盲袋阴道
酒精中毒性精神障碍,盲袋阴道
酒精中毒性神经疾病,高血压
酒精中毒性神经疾病,龟头发黑
酒精中毒性神经疾病,阵发性狂笑
酒精中毒性神经疾病,血精
酒精中毒性神经疾病,舞蹈病样动作
酒精中毒性神经疾病,情感麻痹
酒精中毒性神经疾病,高血压
酒精中毒性神经疾病,龟头发黑
酒精中毒性神经疾病,阵发性狂笑
酒精中毒性神经疾病,血精
酒精中毒性神经疾病,舞蹈病样动作
酒精中毒性神经疾病,情感麻痹
酒中毒性痴呆,高血压
酒中毒性痴呆,龟头发黑
酒中毒性痴呆,阵发性狂笑
酒中毒性痴呆,血精
酒中毒性痴呆,舞蹈病样动作
酒中毒性痴呆,情感麻痹
酒中毒性痴呆,高血压
酒中毒性痴呆,龟头发黑
酒中毒性痴呆,阵发性狂笑
酒中毒性痴呆,血精
酒中毒性痴呆,舞蹈病样动作
酒中毒性痴呆,情感麻痹
酒中毒性小脑变性,高血压
酒中毒性小脑变性,龟头发黑
酒中毒性小脑变性,阵发性狂笑
酒中毒性小脑变性,血精
酒中毒性小脑变性,舞蹈病样动作
酒中毒性小脑变性,情感麻痹
酒中毒性小脑变性,高血压
酒中毒性小脑变性,龟头发黑
酒中毒性小脑变性,阵发性狂笑
酒中毒性小脑变性,血精
酒中毒性小脑变性,舞蹈病样动作
酒中毒性小脑变性,情感麻痹
局灶性节段性肾小球硬化,盲袋阴道
局灶性节段性肾小球硬化,盲袋阴道
巨膀胱-小结肠-肠蠕动不良综合征,盲袋阴道
巨膀胱-小结肠-肠蠕动不良综合征,盲袋阴道
绝经期关节炎,高血压
绝经期关节炎,龟头发黑
绝经期关节炎,阵发性狂笑
绝经期关节炎,血精
绝经期关节炎,舞蹈病样动作
绝经期关节炎,情感麻痹
绝经期关节炎,高血压
绝经期关节炎,龟头发黑
绝经期关节炎,阵发性狂笑
绝经期关节炎,血精
绝经期关节炎,舞蹈病样动作
绝经期关节炎,情感麻痹
绝经与心血管疾病,高血压
绝经与心血管疾病,龟头发黑
绝经与心血管疾病,阵发性狂笑
绝经与心血管疾病,血精
绝经与心血管疾病,舞蹈病样动作
绝经与心血管疾病,情感麻痹
绝经与心血管疾病,高血压
绝经与心血管疾病,龟头发黑
绝经与心血管疾病,阵发性狂笑
绝经与心血管疾病,血精
绝经与心血管疾病,舞蹈病样动作
绝经与心血管疾病,情感麻痹
厥阴头痛,高血压
厥阴头痛,龟头发黑
厥阴头痛,阵发性狂笑
厥阴头痛,血精
厥阴头痛,舞蹈病样动作
厥阴头痛,情感麻痹
厥阴头痛,高血压
厥阴头痛,龟头发黑
厥阴头痛,阵发性狂笑
厥阴头痛,血精
厥阴头痛,舞蹈病样动作
厥阴头痛,情感麻痹
开放性颅脑损伤,维生素K缺乏
开放性颅脑损伤,神志不清
开放性颅脑损伤,赔偿神经症
开放性颅脑损伤,维生素K缺乏
开放性颅脑损伤,神志不清
开放性颅脑损伤,赔偿神经症
科干综合征,高血压
科干综合征,龟头发黑
科干综合征,阵发性狂笑
科干综合征,血精
科干综合征,舞蹈病样动作
科干综合征,情感麻痹
科干综合征,高血压
科干综合征,龟头发黑
科干综合征,阵发性狂笑
科干综合征,血精
科干综合征,舞蹈病样动作
科干综合征,情感麻痹
咳嗽,高血压
咳嗽,龟头发黑
咳嗽,阵发性狂笑
咳嗽,血精
咳嗽,舞蹈病样动作
咳嗽,情感麻痹
咳嗽,高血压
咳嗽,龟头发黑
咳嗽,阵发性狂笑
咳嗽,血精
咳嗽,舞蹈病样动作
咳嗽,情感麻痹
咳嗽晕厥综合征,情感依赖
咳嗽晕厥综合征,狂笑
咳嗽晕厥综合征,情感依赖
咳嗽晕厥综合征,狂笑
克罗伊茨费尔特-雅各布病,易醒
克罗伊茨费尔特-雅各布病,现实解体
克罗伊茨费尔特-雅各布病,失眠
克罗伊茨费尔特-雅各布病,喃喃重复自语
克罗伊茨费尔特-雅各布病,易醒
克罗伊茨费尔特-雅各布病,现实解体
克罗伊茨费尔特-雅各布病,失眠
克罗伊茨费尔特-雅各布病,喃喃重复自语
口腔癌,盲袋阴道
口腔癌,盲袋阴道
口腔疾病,高血压
口腔疾病,龟头发黑
口腔疾病,阵发性狂笑
口腔疾病,血精
口腔疾病,舞蹈病样动作
口腔疾病,情感麻痹
口腔疾病,高血压
口腔疾病,龟头发黑
口腔疾病,阵发性狂笑
口腔疾病,血精
口腔疾病,舞蹈病样动作
口腔疾病,情感麻痹
库欣综合征,高血压
库欣综合征,龟头发黑
库欣综合征,阵发性狂笑
库欣综合征,血精
库欣综合征,维生素D中毒
库欣综合征,舞蹈病样动作
库欣综合征,腮腺肿胀
库欣综合征,情绪性失眠
库欣综合征,情感麻痹
库欣综合征,内容难以听清的自言自语
库欣综合征,痢疾样大便
库欣综合征,高血压
库欣综合征,龟头发黑
库欣综合征,阵发性狂笑
库欣综合征,血精
库欣综合征,维生素D中毒
库欣综合征,舞蹈病样动作
库欣综合征,腮腺肿胀
库欣综合征,情绪性失眠
库欣综合征,情感麻痹
库欣综合征,内容难以听清的自言自语
库欣综合征,痢疾样大便
髋关节结核,情绪性厌食
髋关节结核,窥淫癖
髋关节结核,情绪性厌食
髋关节结核,窥淫癖
狂犬病,高血压
狂犬病,龟头发黑
狂犬病,阵发性狂笑
狂犬病,血精
狂犬病,舞蹈病样动作
狂犬病,情感麻痹
狂犬病,高血压
狂犬病,龟头发黑
狂犬病,阵发性狂笑
狂犬病,血精
狂犬病,舞蹈病样动作
狂犬病,情感麻痹
蓝鼓膜与胆固醇肉芽肿,高血压
蓝鼓膜与胆固醇肉芽肿,龟头发黑
蓝鼓膜与胆固醇肉芽肿,阵发性狂笑
蓝鼓膜与胆固醇肉芽肿,血精
蓝鼓膜与胆固醇肉芽肿,舞蹈病样动作
蓝鼓膜与胆固醇肉芽肿,情感麻痹
蓝鼓膜与胆固醇肉芽肿,高血压
蓝鼓膜与胆固醇肉芽肿,龟头发黑
蓝鼓膜与胆固醇肉芽肿,阵发性狂笑
蓝鼓膜与胆固醇肉芽肿,血精
蓝鼓膜与胆固醇肉芽肿,舞蹈病样动作
蓝鼓膜与胆固醇肉芽肿,情感麻痹
老年肺炎,高血压
老年肺炎,龟头发黑
老年肺炎,阵发性狂笑
老年肺炎,血精
老年肺炎,舞蹈病样动作
老年肺炎,情感麻痹
老年肺炎,高血压
老年肺炎,龟头发黑
老年肺炎,阵发性狂笑
老年肺炎,血精
老年肺炎,舞蹈病样动作
老年肺炎,情感麻痹
老年期抑郁障碍,脂肪过多
老年期抑郁障碍,营养不良性水肿
老年期抑郁障碍,心境高涨
老年期抑郁障碍,手臂肌肉萎缩
老年期抑郁障碍,频繁性惊醒
老年期抑郁障碍,脂肪过多
老年期抑郁障碍,营养不良性水肿
老年期抑郁障碍,心境高涨
老年期抑郁障碍,手臂肌肉萎缩
老年期抑郁障碍,频繁性惊醒
老年期抑郁症,脂肪过多
老年期抑郁症,营养不良性水肿
老年期抑郁症,心境高涨
老年期抑郁症,手臂肌肉萎缩
老年期抑郁症,情绪性头痛
老年期抑郁症,频繁性惊醒
老年期抑郁症,梦行症
老年期抑郁症,脂肪过多
老年期抑郁症,营养不良性水肿
老年期抑郁症,心境高涨
老年期抑郁症,手臂肌肉萎缩
老年期抑郁症,情绪性头痛
老年期抑郁症,频繁性惊醒
老年期抑郁症,梦行症
老年期谵妄,盲袋阴道
老年期谵妄,盲袋阴道
老年人低血糖昏迷,舞蹈样手足徐动
老年人低血糖昏迷,缺乏自控能力
老年人低血糖昏迷,类戒断反应
老年人低血糖昏迷,舞蹈样手足徐动
老年人低血糖昏迷,缺乏自控能力
老年人低血糖昏迷,类戒断反应
老年人非霍奇金恶性淋巴肿瘤,高血压
老年人非霍奇金恶性淋巴肿瘤,龟头发黑
老年人非霍奇金恶性淋巴肿瘤,阵发性狂笑
老年人非霍奇金恶性淋巴肿瘤,血精
老年人非霍奇金恶性淋巴肿瘤,舞蹈病样动作
老年人非霍奇金恶性淋巴肿瘤,情感麻痹
老年人非霍奇金恶性淋巴肿瘤,高血压
老年人非霍奇金恶性淋巴肿瘤,龟头发黑
老年人非霍奇金恶性淋巴肿瘤,阵发性狂笑
老年人非霍奇金恶性淋巴肿瘤,血精
老年人非霍奇金恶性淋巴肿瘤,舞蹈病样动作
老年人非霍奇金恶性淋巴肿瘤,情感麻痹
老年人肥胖症,高血压
老年人肥胖症,龟头发黑
老年人肥胖症,阵发性狂笑
老年人肥胖症,血精
老年人肥胖症,舞蹈病样动作
老年人肥胖症,情感麻痹
老年人肥胖症,高血压
老年人肥胖症,龟头发黑
老年人肥胖症,阵发性狂笑
老年人肥胖症,血精
老年人肥胖症,舞蹈病样动作
老年人肥胖症,情感麻痹
老年人高钙血症,高血压
老年人高钙血症,龟头发黑
老年人高钙血症,阵发性狂笑
老年人高钙血症,血精
老年人高钙血症,舞蹈病样动作
老年人高钙血症,情感麻痹
老年人高钙血症,高血压
老年人高钙血症,龟头发黑
老年人高钙血症,阵发性狂笑
老年人高钙血症,血精
老年人高钙血症,舞蹈病样动作
老年人高钙血症,情感麻痹
老年人高钠血症,高血压
老年人高钠血症,龟头发黑
老年人高钠血症,阵发性狂笑
老年人高钠血症,血精
老年人高钠血症,舞蹈病样动作
老年人高钠血症,情感麻痹
老年人高钠血症,高血压
老年人高钠血症,龟头发黑
老年人高钠血症,阵发性狂笑
老年人高钠血症,血精
老年人高钠血症,舞蹈病样动作
老年人高钠血症,情感麻痹
老年人急腹症,易哭
老年人急腹症,先天性弓形体
老年人急腹症,社交敏感性障碍
老年人急腹症,男子性功能障碍
老年人急腹症,易哭
老年人急腹症,先天性弓形体
老年人急腹症,社交敏感性障碍
老年人急腹症,男子性功能障碍
老年人急性肾功能衰竭,高血压
老年人急性肾功能衰竭,龟头发黑
老年人急性肾功能衰竭,阵发性狂笑
老年人急性肾功能衰竭,血精
老年人急性肾功能衰竭,舞蹈病样动作
老年人急性肾功能衰竭,情感麻痹
老年人急性肾功能衰竭,高血压
老年人急性肾功能衰竭,龟头发黑
老年人急性肾功能衰竭,阵发性狂笑
老年人急性肾功能衰竭,血精
老年人急性肾功能衰竭,舞蹈病样动作
老年人急性肾功能衰竭,情感麻痹
老年人颅内压增高,高血压
老年人颅内压增高,龟头发黑
老年人颅内压增高,阵发性狂笑
老年人颅内压增高,血精
老年人颅内压增高,舞蹈病样动作
老年人颅内压增高,情感麻痹
老年人颅内压增高,高血压
老年人颅内压增高,龟头发黑
老年人颅内压增高,阵发性狂笑
老年人颅内压增高,血精
老年人颅内压增高,舞蹈病样动作
老年人颅内压增高,情感麻痹
老年人慢性肾功能衰竭,高血压
老年人慢性肾功能衰竭,龟头发黑
老年人慢性肾功能衰竭,阵发性狂笑
老年人慢性肾功能衰竭,血精
老年人慢性肾功能衰竭,舞蹈病样动作
老年人慢性肾功能衰竭,情感麻痹
老年人慢性肾功能衰竭,高血压
老年人慢性肾功能衰竭,龟头发黑
老年人慢性肾功能衰竭,阵发性狂笑
老年人慢性肾功能衰竭,血精
老年人慢性肾功能衰竭,舞蹈病样动作
老年人慢性肾功能衰竭,情感麻痹
老年人慢性肾盂肾炎,高血压
老年人慢性肾盂肾炎,龟头发黑
老年人慢性肾盂肾炎,阵发性狂笑
老年人慢性肾盂肾炎,血精
老年人慢性肾盂肾炎,舞蹈病样动作
老年人慢性肾盂肾炎,情感麻痹
老年人慢性肾盂肾炎,高血压
老年人慢性肾盂肾炎,龟头发黑
老年人慢性肾盂肾炎,阵发性狂笑
老年人慢性肾盂肾炎,血精
老年人慢性肾盂肾炎,舞蹈病样动作
老年人慢性肾盂肾炎,情感麻痹
老年人脑出血,高血压
老年人脑出血,龟头发黑
老年人脑出血,阵发性狂笑
老年人脑出血,血精
老年人脑出血,舞蹈病样动作
老年人脑出血,情感麻痹
老年人脑出血,高血压
老年人脑出血,龟头发黑
老年人脑出血,阵发性狂笑
老年人脑出血,血精
老年人脑出血,舞蹈病样动作
老年人脑出血,情感麻痹
老年人前列腺增生症,脱肛
老年人前列腺增生症,包皮内有白色分泌物
老年人前列腺增生症,蔗糖-异麦芽糖吸收不良
老年人前列腺增生症,血骨髓或痰涂片找到疟原虫
老年人前列腺增生症,退离休综合症
老年人前列腺增生症,情绪性进食
老年人前列腺增生症,脱肛
老年人前列腺增生症,包皮内有白色分泌物
老年人前列腺增生症,蔗糖-异麦芽糖吸收不良
老年人前列腺增生症,血骨髓或痰涂片找到疟原虫
老年人前列腺增生症,退离休综合症
老年人前列腺增生症,情绪性进食
老年人睡眠呼吸暂停综合征,高血压
老年人睡眠呼吸暂停综合征,龟头发黑
老年人睡眠呼吸暂停综合征,阵发性狂笑
老年人睡眠呼吸暂停综合征,血精
老年人睡眠呼吸暂停综合征,舞蹈病样动作
老年人睡眠呼吸暂停综合征,情感麻痹
老年人睡眠呼吸暂停综合征,高血压
老年人睡眠呼吸暂停综合征,龟头发黑
老年人睡眠呼吸暂停综合征,阵发性狂笑
老年人睡眠呼吸暂停综合征,血精
老年人睡眠呼吸暂停综合征,舞蹈病样动作
老年人睡眠呼吸暂停综合征,情感麻痹
老年人睡眠障碍,高血压
老年人睡眠障碍,龟头发黑
老年人睡眠障碍,阵发性狂笑
老年人睡眠障碍,血精
老年人睡眠障碍,舞蹈病样动作
老年人睡眠障碍,情感麻痹
老年人睡眠障碍,高血压
老年人睡眠障碍,龟头发黑
老年人睡眠障碍,阵发性狂笑
老年人睡眠障碍,血精
老年人睡眠障碍,舞蹈病样动作
老年人睡眠障碍,情感麻痹
老年人痛风,高血压
老年人痛风,龟头发黑
老年人痛风,阵发性狂笑
老年人痛风,血精
老年人痛风,舞蹈病样动作
老年人痛风,情感麻痹
老年人痛风,高血压
老年人痛风,龟头发黑
老年人痛风,阵发性狂笑
老年人痛风,血精
老年人痛风,舞蹈病样动作
老年人痛风,情感麻痹
老年人吸入性肺炎,高血压
老年人吸入性肺炎,龟头发黑
老年人吸入性肺炎,阵发性狂笑
老年人吸入性肺炎,血精
老年人吸入性肺炎,舞蹈病样动作
老年人吸入性肺炎,情感麻痹
老年人吸入性肺炎,高血压
老年人吸入性肺炎,龟头发黑
老年人吸入性肺炎,阵发性狂笑
老年人吸入性肺炎,血精
老年人吸入性肺炎,舞蹈病样动作
老年人吸入性肺炎,情感麻痹
老年人心室扑动与颤动,情感依赖
老年人心室扑动与颤动,狂笑
老年人心室扑动与颤动,情感依赖
老年人心室扑动与颤动,狂笑
老年人重症肌无力,躯体化障碍
老年人重症肌无力,磷烧伤合并中毒
老年人重症肌无力,躯体化障碍
老年人重症肌无力,磷烧伤合并中毒
老年收缩期高血压,高血压
老年收缩期高血压,龟头发黑
老年收缩期高血压,阵发性狂笑
老年收缩期高血压,血精
老年收缩期高血压,舞蹈病样动作
老年收缩期高血压,情感麻痹
老年收缩期高血压,高血压
老年收缩期高血压,龟头发黑
老年收缩期高血压,阵发性狂笑
老年收缩期高血压,血精
老年收缩期高血压,舞蹈病样动作
老年收缩期高血压,情感麻痹
老年性耳聋,认知功能障碍
老年性耳聋,梅毒恐怖
老年性耳聋,认知功能障碍
老年性耳聋,梅毒恐怖
老年性皮肤萎缩,盲袋阴道
老年性皮肤萎缩,盲袋阴道
老年性哮喘,高血压
老年性哮喘,龟头发黑
老年性哮喘,阵发性狂笑
老年性哮喘,血精
老年性哮喘,舞蹈病样动作
老年性哮喘,情感麻痹
老年性哮喘,高血压
老年性哮喘,龟头发黑
老年性哮喘,阵发性狂笑
老年性哮喘,血精
老年性哮喘,舞蹈病样动作
老年性哮喘,情感麻痹
雷凡斯坦综合征,恋尸型性变态
雷凡斯坦综合征,恋尸型性变态
臁疮,盲袋阴道
臁疮,盲袋阴道
良性高血压性小动脉性肾硬化,高血压
良性高血压性小动脉性肾硬化,龟头发黑
良性高血压性小动脉性肾硬化,阵发性狂笑
良性高血压性小动脉性肾硬化,血精
良性高血压性小动脉性肾硬化,舞蹈病样动作
良性高血压性小动脉性肾硬化,情感麻痹
良性高血压性小动脉性肾硬化,高血压
良性高血压性小动脉性肾硬化,龟头发黑
良性高血压性小动脉性肾硬化,阵发性狂笑
良性高血压性小动脉性肾硬化,血精
良性高血压性小动脉性肾硬化,舞蹈病样动作
良性高血压性小动脉性肾硬化,情感麻痹
良性前列腺增生,脱肛
良性前列腺增生,包皮内有白色分泌物
良性前列腺增生,蔗糖-异麦芽糖吸收不良
良性前列腺增生,血骨髓或痰涂片找到疟原虫
良性前列腺增生,退离休综合症
良性前列腺增生,情绪性进食
良性前列腺增生,脱肛
良性前列腺增生,包皮内有白色分泌物
良性前列腺增生,蔗糖-异麦芽糖吸收不良
良性前列腺增生,血骨髓或痰涂片找到疟原虫
良性前列腺增生,退离休综合症
良性前列腺增生,情绪性进食
淋病,躯体形式疼痛障碍
淋病,麻风恐怖
淋病,躯体形式疼痛障碍
淋病,麻风恐怖
淋病合并症前列腺炎,无睾丸
淋病合并症前列腺炎,“三怕”(水声、光、风)现象
淋病合并症前列腺炎,粘膜疹
淋病合并症前列腺炎,无睾丸
淋病合并症前列腺炎,“三怕”(水声、光、风)现象
淋病合并症前列腺炎,粘膜疹
磷脂酰胆碱-胆固醇酰基转移酶缺乏,高血压
磷脂酰胆碱-胆固醇酰基转移酶缺乏,龟头发黑
磷脂酰胆碱-胆固醇酰基转移酶缺乏,阵发性狂笑
磷脂酰胆碱-胆固醇酰基转移酶缺乏,血精
磷脂酰胆碱-胆固醇酰基转移酶缺乏,舞蹈病样动作
磷脂酰胆碱-胆固醇酰基转移酶缺乏,情感麻痹
磷脂酰胆碱-胆固醇酰基转移酶缺乏,高血压
磷脂酰胆碱-胆固醇酰基转移酶缺乏,龟头发黑
磷脂酰胆碱-胆固醇酰基转移酶缺乏,阵发性狂笑
磷脂酰胆碱-胆固醇酰基转移酶缺乏,血精
磷脂酰胆碱-胆固醇酰基转移酶缺乏,舞蹈病样动作
磷脂酰胆碱-胆固醇酰基转移酶缺乏,情感麻痹
磷中毒,无助感
磷中毒,神经症性抑郁
磷中毒,内向性思维
磷中毒,无助感
磷中毒,神经症性抑郁
磷中毒,内向性思维
颅脑先天畸形,维生素K缺乏
颅脑先天畸形,神志不清
颅脑先天畸形,赔偿神经症
颅脑先天畸形,维生素K缺乏
颅脑先天畸形,神志不清
颅脑先天畸形,赔偿神经症
颅内海绵状血管瘤,情绪性厌食
颅内海绵状血管瘤,窥淫癖
颅内海绵状血管瘤,情绪性厌食
颅内海绵状血管瘤,窥淫癖
颅内肿瘤伴发的精神障碍,无目的咀嚼舐唇
颅内肿瘤伴发的精神障碍,深昏迷
颅内肿瘤伴发的精神障碍,恋爱挫折综合征
颅内肿瘤伴发的精神障碍,无目的咀嚼舐唇
颅内肿瘤伴发的精神障碍,深昏迷
颅内肿瘤伴发的精神障碍,恋爱挫折综合征
旅途精神病,情绪性失眠
旅途精神病,痢疾样大便
旅途精神病,情绪性失眠
旅途精神病,痢疾样大便
慢性反流性肾病,高血压
慢性反流性肾病,龟头发黑
慢性反流性肾病,阵发性狂笑
慢性反流性肾病,血精
慢性反流性肾病,舞蹈病样动作
慢性反流性肾病,情感麻痹
慢性反流性肾病,高血压
慢性反流性肾病,龟头发黑
慢性反流性肾病,阵发性狂笑
慢性反流性肾病,血精
慢性反流性肾病,舞蹈病样动作
慢性反流性肾病,情感麻痹
慢性附睾炎,躯体形式疼痛障碍
慢性附睾炎,认识能力缺失
慢性附睾炎,麻风恐怖
慢性附睾炎,毛发干枯
慢性附睾炎,躯体形式疼痛障碍
慢性附睾炎,认识能力缺失
慢性附睾炎,麻风恐怖
慢性附睾炎,毛发干枯
慢性腹泻,盲袋阴道
慢性腹泻,盲袋阴道
慢性酒中毒,高血压
慢性酒中毒,龟头发黑
慢性酒中毒,中毒严重
慢性酒中毒,阵发性狂笑
慢性酒中毒,忧郁
慢性酒中毒,血精
慢性酒中毒,性心理不成熟
慢性酒中毒,舞蹈病样动作
慢性酒中毒,输精管堵塞
慢性酒中毒,情感麻痹
慢性酒中毒,前列腺缩小变硬
慢性酒中毒,高血压
慢性酒中毒,龟头发黑
慢性酒中毒,中毒严重
慢性酒中毒,阵发性狂笑
慢性酒中毒,忧郁
慢性酒中毒,血精
慢性酒中毒,性心理不成熟
慢性酒中毒,舞蹈病样动作
慢性酒中毒,输精管堵塞
慢性酒中毒,情感麻痹
慢性酒中毒,前列腺缩小变硬
慢性疲劳综合症,高血压
慢性疲劳综合症,龟头发黑
慢性疲劳综合症,阵发性狂笑
慢性疲劳综合症,血精
慢性疲劳综合症,舞蹈病样动作
慢性疲劳综合症,情感麻痹
慢性疲劳综合症,高血压
慢性疲劳综合症,龟头发黑
慢性疲劳综合症,阵发性狂笑
慢性疲劳综合症,血精
慢性疲劳综合症,舞蹈病样动作
慢性疲劳综合症,情感麻痹
慢性肾功能不全,高血压
慢性肾功能不全,龟头发黑
慢性肾功能不全,阵发性狂笑
慢性肾功能不全,血精
慢性肾功能不全,舞蹈病样动作
慢性肾功能不全,情感麻痹
慢性肾功能不全,高血压
慢性肾功能不全,龟头发黑
慢性肾功能不全,阵发性狂笑
慢性肾功能不全,血精
慢性肾功能不全,舞蹈病样动作
慢性肾功能不全,情感麻痹
慢性肾功能衰竭,高血压
慢性肾功能衰竭,龟头发黑
慢性肾功能衰竭,阵发性狂笑
慢性肾功能衰竭,血精
慢性肾功能衰竭,舞蹈病样动作
慢性肾功能衰竭,情感麻痹
慢性肾功能衰竭,高血压
慢性肾功能衰竭,龟头发黑
慢性肾功能衰竭,阵发性狂笑
慢性肾功能衰竭,血精
慢性肾功能衰竭,舞蹈病样动作
慢性肾功能衰竭,情感麻痹
慢性肾小球肾炎,高血压
慢性肾小球肾炎,龟头发黑
慢性肾小球肾炎,阵发性狂笑
慢性肾小球肾炎,血精
慢性肾小球肾炎,舞蹈病样动作
慢性肾小球肾炎,情感麻痹
慢性肾小球肾炎,盲袋阴道
慢性肾小球肾炎,高血压
慢性肾小球肾炎,龟头发黑
慢性肾小球肾炎,阵发性狂笑
慢性肾小球肾炎,血精
慢性肾小球肾炎,舞蹈病样动作
慢性肾小球肾炎,情感麻痹
慢性肾小球肾炎,盲袋阴道
慢性肾炎,高血压
慢性肾炎,龟头发黑
慢性肾炎,阵发性狂笑
慢性肾炎,血精
慢性肾炎,舞蹈病样动作
慢性肾炎,情感麻痹
慢性肾炎,高血压
慢性肾炎,龟头发黑
慢性肾炎,阵发性狂笑
慢性肾炎,血精
慢性肾炎,舞蹈病样动作
慢性肾炎,情感麻痹
慢性肾盂肾炎,高血压
慢性肾盂肾炎,龟头发黑
慢性肾盂肾炎,阵发性狂笑
慢性肾盂肾炎,血精
慢性肾盂肾炎,舞蹈病样动作
慢性肾盂肾炎,情感麻痹
慢性肾盂肾炎,高血压
慢性肾盂肾炎,龟头发黑
慢性肾盂肾炎,阵发性狂笑
慢性肾盂肾炎,血精
慢性肾盂肾炎,舞蹈病样动作
慢性肾盂肾炎,情感麻痹
慢性细菌性痢疾,盲袋阴道
慢性细菌性痢疾,盲袋阴道
盲襻综合征,人格解体
盲襻综合征,恋兽型性变态
盲襻综合征,盲袋阴道
盲襻综合征,人格解体
盲襻综合征,恋兽型性变态
盲襻综合征,盲袋阴道
门静脉高压,躯体主诉增多
门静脉高压,梦幻觉
门静脉高压,躯体主诉增多
门静脉高压,梦幻觉
泌尿生殖系棘球蚴病,盲袋阴道
泌尿生殖系棘球蚴病,盲袋阴道
膜增生性肾小球肾炎,盲袋阴道
膜增生性肾小球肾炎,盲袋阴道
木薯中毒,意向倒错
木薯中毒,消瘦严重者呈”皮包骨头”样
木薯中毒,水泻伴低血钾
木薯中毒,器质性早泄
木薯中毒,意向倒错
木薯中毒,消瘦严重者呈”皮包骨头”样
木薯中毒,水泻伴低血钾
木薯中毒,器质性早泄
男假两性畸形,恋尸型性变态
男假两性畸形,恋尸型性变态
男科外伤,无睾丸
男科外伤,网络综合症
男科外伤,“三怕”(水声、光、风)现象
男科外伤,躯体性疾病所致的精神障碍
男科外伤,全身消瘦型
男科外伤,粘膜疹
男科外伤,摸空症
男科外伤,泌尿生殖窦
男科外伤,无睾丸
男科外伤,网络综合症
男科外伤,“三怕”(水声、光、风)现象
男科外伤,躯体性疾病所致的精神障碍
男科外伤,全身消瘦型
男科外伤,粘膜疹
男科外伤,摸空症
男科外伤,泌尿生殖窦
男性不育症,睾丸一大一小
男性不育症,吟诗样语言
男性不育症,咬嘴唇或舌
男性不育症,痰检或可找到丝状蚴
男性不育症,强迫症
男性不育症,睾丸一大一小
男性不育症,吟诗样语言
男性不育症,咬嘴唇或舌
男性不育症,痰检或可找到丝状蚴
男性不育症,强迫症
男性尖锐湿疣,躯体依赖性
男性尖锐湿疣,劳累后遗精
男性尖锐湿疣,躯体依赖性
男性尖锐湿疣,劳累后遗精
男性乳房肥大症,高血压
男性乳房肥大症,龟头发黑
男性乳房肥大症,阵发性狂笑
男性乳房肥大症,血精
男性乳房肥大症,舞蹈病样动作
男性乳房肥大症,情感麻痹
男性乳房肥大症,高血压
男性乳房肥大症,龟头发黑
男性乳房肥大症,阵发性狂笑
男性乳房肥大症,血精
男性乳房肥大症,舞蹈病样动作
男性乳房肥大症,情感麻痹
男性生殖器畸形,无故发笑
男性生殖器畸形,丧偶后适应性障碍
男性生殖器畸形,摩擦型性变态
男性生殖器畸形,无故发笑
男性生殖器畸形,丧偶后适应性障碍
男性生殖器畸形,摩擦型性变态
男性特纳综合征,恋尸型性变态
男性特纳综合征,恋尸型性变态
囊性肾病,高血压
囊性肾病,龟头发黑
囊性肾病,阵发性狂笑
囊性肾病,血精
囊性肾病,舞蹈病样动作
囊性肾病,情感麻痹
囊性肾病,高血压
囊性肾病,龟头发黑
囊性肾病,阵发性狂笑
囊性肾病,血精
囊性肾病,舞蹈病样动作
囊性肾病,情感麻痹
囊痈,维生素C缺乏
囊痈,日常生活能力减退和行为异常
囊痈,认识能力缺失
囊痈,皮肤湿冷
囊痈,毛发干枯
囊痈,维生素C缺乏
囊痈,日常生活能力减退和行为异常
囊痈,认识能力缺失
囊痈,皮肤湿冷
囊痈,毛发干枯
脑出血,高血压
脑出血,龟头发黑
脑出血,阵发性狂笑
脑出血,血精
脑出血,舞蹈病样动作
脑出血,情感麻痹
脑出血,高血压
脑出血,龟头发黑
脑出血,阵发性狂笑
脑出血,血精
脑出血,舞蹈病样动作
脑出血,情感麻痹
脑垂体功能异常伴发的精神障碍,舞蹈样手足徐动
脑垂体功能异常伴发的精神障碍,缺乏自控能力
脑垂体功能异常伴发的精神障碍,类戒断反应
脑垂体功能异常伴发的精神障碍,舞蹈样手足徐动
脑垂体功能异常伴发的精神障碍,缺乏自控能力
脑垂体功能异常伴发的精神障碍,类戒断反应
脑动脉硬化伴发的精神障碍,舞蹈样手足徐动
脑动脉硬化伴发的精神障碍,缺乏自控能力
脑动脉硬化伴发的精神障碍,类戒断反应
脑动脉硬化伴发的精神障碍,舞蹈样手足徐动
脑动脉硬化伴发的精神障碍,缺乏自控能力
脑动脉硬化伴发的精神障碍,类戒断反应
脑干梗塞,盲袋阴道
脑干梗塞,盲袋阴道
脑室内出血,盲袋阴道
脑室内出血,盲袋阴道
脑源性晕厥,无用感
脑源性晕厥,热痉挛
脑源性晕厥,模仿性自动症
脑源性晕厥,无用感
脑源性晕厥,热痉挛
脑源性晕厥,模仿性自动症
内分泌病,高血压
内分泌病,龟头发黑
内分泌病,阵发性狂笑
内分泌病,血精
内分泌病,舞蹈病样动作
内分泌病,情感麻痹
内分泌病,高血压
内分泌病,龟头发黑
内分泌病,阵发性狂笑
内分泌病,血精
内分泌病,舞蹈病样动作
内分泌病,情感麻痹
内分泌功能亢进,高血压
内分泌功能亢进,龟头发黑
内分泌功能亢进,阵发性狂笑
内分泌功能亢进,血精
内分泌功能亢进,舞蹈病样动作
内分泌功能亢进,情感麻痹
内分泌功能亢进,高血压
内分泌功能亢进,龟头发黑
内分泌功能亢进,阵发性狂笑
内分泌功能亢进,血精
内分泌功能亢进,舞蹈病样动作
内分泌功能亢进,情感麻痹
尼曼－匹克氏病,盲袋阴道
尼曼－匹克氏病,盲袋阴道
念珠龟头炎,龟头潮红
念珠龟头炎,走动性自动症
念珠龟头炎,躁狂
念珠龟头炎,眼睑松弛和上唇增厚
念珠龟头炎,顽固性失眠
念珠龟头炎,轻度痛
念珠龟头炎,龟头潮红
念珠龟头炎,走动性自动症
念珠龟头炎,躁狂
念珠龟头炎,眼睑松弛和上唇增厚
念珠龟头炎,顽固性失眠
念珠龟头炎,轻度痛
念珠菌性包皮龟头炎,龟头疼
念珠菌性包皮龟头炎,包皮疼痛
念珠菌性包皮龟头炎,自我残伤行为
念珠菌性包皮龟头炎,阴囊肿大
念珠菌性包皮龟头炎,晕针
念珠菌性包皮龟头炎,隐睾
念珠菌性包皮龟头炎,言语中断
念珠菌性包皮龟头炎,药物中毒
念珠菌性包皮龟头炎,性欲亢进
念珠菌性包皮龟头炎,完全性遗忘症
念珠菌性包皮龟头炎,挖鼻孔
念珠菌性包皮龟头炎,嗜酒性幻觉性精神错乱
念珠菌性包皮龟头炎,强制性思维
念珠菌性包皮龟头炎,强迫性穷思竭虑
念珠菌性包皮龟头炎,偏执状态
念珠菌性包皮龟头炎,龟头疼
念珠菌性包皮龟头炎,包皮疼痛
念珠菌性包皮龟头炎,自我残伤行为
念珠菌性包皮龟头炎,阴囊肿大
念珠菌性包皮龟头炎,晕针
念珠菌性包皮龟头炎,隐睾
念珠菌性包皮龟头炎,言语中断
念珠菌性包皮龟头炎,药物中毒
念珠菌性包皮龟头炎,性欲亢进
念珠菌性包皮龟头炎,完全性遗忘症
念珠菌性包皮龟头炎,挖鼻孔
念珠菌性包皮龟头炎,嗜酒性幻觉性精神错乱
念珠菌性包皮龟头炎,强制性思维
念珠菌性包皮龟头炎,强迫性穷思竭虑
念珠菌性包皮龟头炎,偏执状态
尿道下裂,无故发笑
尿道下裂,丧偶后适应性障碍
尿道下裂,情志内伤
尿道下裂,摩擦型性变态
尿道下裂,老人性格孤僻
尿道下裂,恋尸型性变态
尿道下裂,无故发笑
尿道下裂,丧偶后适应性障碍
尿道下裂,情志内伤
尿道下裂,摩擦型性变态
尿道下裂,老人性格孤僻
尿道下裂,恋尸型性变态
尿道炎,龟头异味
尿道炎,肥胖
尿道炎,阴茎异常
尿道炎,眼神异常
尿道炎,违拗症
尿道炎,情绪性高血压
尿道炎,龟头异味
尿道炎,肥胖
尿道炎,阴茎异常
尿道炎,眼神异常
尿道炎,违拗症
尿道炎,情绪性高血压
颞下颌关节病,盲袋阴道
颞下颌关节病,盲袋阴道
颞下颌关节强直,盲袋阴道
颞下颌关节强直,盲袋阴道
颞叶癫痫,注意力不集中
颞叶癫痫,阴囊潮湿有异味
颞叶癫痫,性施虐癖
颞叶癫痫,输精管变粗
颞叶癫痫,频繁遗精
颞叶癫痫,注意力不集中
颞叶癫痫,阴囊潮湿有异味
颞叶癫痫,性施虐癖
颞叶癫痫,输精管变粗
颞叶癫痫,频繁遗精
农药中毒,意向倒错
农药中毒,消瘦严重者呈”皮包骨头”样
农药中毒,无助感
农药中毒,水泻伴低血钾
农药中毒,神经症性抑郁
农药中毒,器质性早泄
农药中毒,内向性思维
农药中毒,意向倒错
农药中毒,消瘦严重者呈”皮包骨头”样
农药中毒,无助感
农药中毒,水泻伴低血钾
农药中毒,神经症性抑郁
农药中毒,器质性早泄
农药中毒,内向性思维
农药中毒性肾病,躯体化障碍
农药中毒性肾病,磷烧伤合并中毒
农药中毒性肾病,躯体化障碍
农药中毒性肾病,磷烧伤合并中毒
疟疾,高血压
疟疾,龟头发黑
疟疾,阵发性狂笑
疟疾,血精
疟疾,舞蹈病样动作
疟疾,情感麻痹
疟疾,高血压
疟疾,龟头发黑
疟疾,阵发性狂笑
疟疾,血精
疟疾,舞蹈病样动作
疟疾,情感麻痹
疟疾肾病,高血压
疟疾肾病,龟头发黑
疟疾肾病,阵发性狂笑
疟疾肾病,血精
疟疾肾病,舞蹈病样动作
疟疾肾病,情感麻痹
疟疾肾病,高血压
疟疾肾病,龟头发黑
疟疾肾病,阵发性狂笑
疟疾肾病,血精
疟疾肾病,舞蹈病样动作
疟疾肾病,情感麻痹
膀胱嗜铬细胞瘤,高血压
膀胱嗜铬细胞瘤,龟头发黑
膀胱嗜铬细胞瘤,阵发性狂笑
膀胱嗜铬细胞瘤,血精
膀胱嗜铬细胞瘤,舞蹈病样动作
膀胱嗜铬细胞瘤,情感麻痹
膀胱嗜铬细胞瘤,高血压
膀胱嗜铬细胞瘤,龟头发黑
膀胱嗜铬细胞瘤,阵发性狂笑
膀胱嗜铬细胞瘤,血精
膀胱嗜铬细胞瘤,舞蹈病样动作
膀胱嗜铬细胞瘤,情感麻痹
胼胝体进行性变性,高血压
胼胝体进行性变性,龟头发黑
胼胝体进行性变性,阵发性狂笑
胼胝体进行性变性,血精
胼胝体进行性变性,舞蹈病样动作
胼胝体进行性变性,情感麻痹
胼胝体进行性变性,高血压
胼胝体进行性变性,龟头发黑
胼胝体进行性变性,阵发性狂笑
胼胝体进行性变性,血精
胼胝体进行性变性,舞蹈病样动作
胼胝体进行性变性,情感麻痹
贫血,盲袋阴道
贫血,盲袋阴道
其他类精神活性物质依赖,盲袋阴道
其他类精神活性物质依赖,盲袋阴道
气疝,躯体形式疼痛障碍
气疝,麻风恐怖
气疝,躯体形式疼痛障碍
气疝,麻风恐怖
前列腺病,前列腺快感
前列腺病,包皮开裂
前列腺病,中暑
前列腺病,一侧阴囊内逐渐增大的无痛性肿块
前列腺病,腿脚抽筋
前列腺病,情感暴发
前列腺病,前列腺快感
前列腺病,包皮开裂
前列腺病,中暑
前列腺病,一侧阴囊内逐渐增大的无痛性肿块
前列腺病,腿脚抽筋
前列腺病,情感暴发
前列腺囊肿,恋尸型性变态
前列腺囊肿,恋尸型性变态
嵌顿包茎,无睾丸
嵌顿包茎,“三怕”(水声、光、风)现象
嵌顿包茎,粘膜疹
嵌顿包茎,无睾丸
嵌顿包茎,“三怕”(水声、光、风)现象
嵌顿包茎,粘膜疹
腔隙性脑梗死,高血压
腔隙性脑梗死,龟头发黑
腔隙性脑梗死,阵发性狂笑
腔隙性脑梗死,血精
腔隙性脑梗死,舞蹈病样动作
腔隙性脑梗死,情感麻痹
腔隙性脑梗死,高血压
腔隙性脑梗死,龟头发黑
腔隙性脑梗死,阵发性狂笑
腔隙性脑梗死,血精
腔隙性脑梗死,舞蹈病样动作
腔隙性脑梗死,情感麻痹
青春期厌食症,盲袋阴道
青春期厌食症,盲袋阴道
青年人中的成年发病型糖尿病,高血压
青年人中的成年发病型糖尿病,龟头发黑
青年人中的成年发病型糖尿病,阵发性狂笑
青年人中的成年发病型糖尿病,血精
青年人中的成年发病型糖尿病,舞蹈病样动作
青年人中的成年发病型糖尿病,情感麻痹
青年人中的成年发病型糖尿病,高血压
青年人中的成年发病型糖尿病,龟头发黑
青年人中的成年发病型糖尿病,阵发性狂笑
青年人中的成年发病型糖尿病,血精
青年人中的成年发病型糖尿病,舞蹈病样动作
青年人中的成年发病型糖尿病,情感麻痹
情感性心境障碍,舞蹈样手足徐动
情感性心境障碍,舞蹈样不自主运动
情感性心境障碍,缺乏自控能力
情感性心境障碍,缺乏性的兴趣和性活动的要求
情感性心境障碍,类戒断反应
情感性心境障碍,气管受压
情感性心境障碍,舞蹈样手足徐动
情感性心境障碍,舞蹈样不自主运动
情感性心境障碍,缺乏自控能力
情感性心境障碍,缺乏性的兴趣和性活动的要求
情感性心境障碍,类戒断反应
情感性心境障碍,气管受压
情感障碍,情绪性失眠
情感障碍,痢疾样大便
情感障碍,情绪性失眠
情感障碍,痢疾样大便
躯体感染伴发的精神障碍,易醒
躯体感染伴发的精神障碍,现实解体
躯体感染伴发的精神障碍,失眠
躯体感染伴发的精神障碍,喃喃重复自语
躯体感染伴发的精神障碍,易醒
躯体感染伴发的精神障碍,现实解体
躯体感染伴发的精神障碍,失眠
躯体感染伴发的精神障碍,喃喃重复自语
缺血性肠绞痛,盲袋阴道
缺血性肠绞痛,盲袋阴道
缺血性结肠炎,高血压
缺血性结肠炎,龟头发黑
缺血性结肠炎,阵发性狂笑
缺血性结肠炎,血精
缺血性结肠炎,舞蹈病样动作
缺血性结肠炎,情感麻痹
缺血性结肠炎,高血压
缺血性结肠炎,龟头发黑
缺血性结肠炎,阵发性狂笑
缺血性结肠炎,血精
缺血性结肠炎,舞蹈病样动作
缺血性结肠炎,情感麻痹
妊娠高血压综合征眼底病变,高血压
妊娠高血压综合征眼底病变,龟头发黑
妊娠高血压综合征眼底病变,阵发性狂笑
妊娠高血压综合征眼底病变,血精
妊娠高血压综合征眼底病变,舞蹈病样动作
妊娠高血压综合征眼底病变,情感麻痹
妊娠高血压综合征眼底病变,高血压
妊娠高血压综合征眼底病变,龟头发黑
妊娠高血压综合征眼底病变,阵发性狂笑
妊娠高血压综合征眼底病变,血精
妊娠高血压综合征眼底病变,舞蹈病样动作
妊娠高血压综合征眼底病变,情感麻痹
妊娠合并白血病,高血压
妊娠合并白血病,龟头发黑
妊娠合并白血病,阵发性狂笑
妊娠合并白血病,血精
妊娠合并白血病,舞蹈病样动作
妊娠合并白血病,情感麻痹
妊娠合并白血病,高血压
妊娠合并白血病,龟头发黑
妊娠合并白血病,阵发性狂笑
妊娠合并白血病,血精
妊娠合并白血病,舞蹈病样动作
妊娠合并白血病,情感麻痹
妊娠合并红细胞增多症,高血压
妊娠合并红细胞增多症,龟头发黑
妊娠合并红细胞增多症,阵发性狂笑
妊娠合并红细胞增多症,血精
妊娠合并红细胞增多症,舞蹈病样动作
妊娠合并红细胞增多症,情感麻痹
妊娠合并红细胞增多症,高血压
妊娠合并红细胞增多症,龟头发黑
妊娠合并红细胞增多症,阵发性狂笑
妊娠合并红细胞增多症,血精
妊娠合并红细胞增多症,舞蹈病样动作
妊娠合并红细胞增多症,情感麻痹
妊娠合并甲状旁腺功能亢进,高血压
妊娠合并甲状旁腺功能亢进,龟头发黑
妊娠合并甲状旁腺功能亢进,阵发性狂笑
妊娠合并甲状旁腺功能亢进,血精
妊娠合并甲状旁腺功能亢进,舞蹈病样动作
妊娠合并甲状旁腺功能亢进,情感麻痹
妊娠合并甲状旁腺功能亢进,高血压
妊娠合并甲状旁腺功能亢进,龟头发黑
妊娠合并甲状旁腺功能亢进,阵发性狂笑
妊娠合并甲状旁腺功能亢进,血精
妊娠合并甲状旁腺功能亢进,舞蹈病样动作
妊娠合并甲状旁腺功能亢进,情感麻痹
妊娠合并慢性肾小球肾炎,高血压
妊娠合并慢性肾小球肾炎,龟头发黑
妊娠合并慢性肾小球肾炎,阵发性狂笑
妊娠合并慢性肾小球肾炎,血精
妊娠合并慢性肾小球肾炎,舞蹈病样动作
妊娠合并慢性肾小球肾炎,情感麻痹
妊娠合并慢性肾小球肾炎,高血压
妊娠合并慢性肾小球肾炎,龟头发黑
妊娠合并慢性肾小球肾炎,阵发性狂笑
妊娠合并慢性肾小球肾炎,血精
妊娠合并慢性肾小球肾炎,舞蹈病样动作
妊娠合并慢性肾小球肾炎,情感麻痹
妊娠合并缺铁性贫血,高血压
妊娠合并缺铁性贫血,龟头发黑
妊娠合并缺铁性贫血,阵发性狂笑
妊娠合并缺铁性贫血,血精
妊娠合并缺铁性贫血,舞蹈病样动作
妊娠合并缺铁性贫血,情感麻痹
妊娠合并缺铁性贫血,高血压
妊娠合并缺铁性贫血,龟头发黑
妊娠合并缺铁性贫血,阵发性狂笑
妊娠合并缺铁性贫血,血精
妊娠合并缺铁性贫血,舞蹈病样动作
妊娠合并缺铁性贫血,情感麻痹
妊娠合并肾病综合征,盲袋阴道
妊娠合并肾病综合征,盲袋阴道
软下疳,容易发生强迫性症状或疑病观念
软下疳,淋巴结结核
软下疳,容易发生强迫性症状或疑病观念
软下疳,淋巴结结核
三叉神经痛,高血压
三叉神经痛,龟头发黑
三叉神经痛,阵发性狂笑
三叉神经痛,血精
三叉神经痛,舞蹈病样动作
三叉神经痛,情感麻痹
三叉神经痛,高血压
三叉神经痛,龟头发黑
三叉神经痛,阵发性狂笑
三叉神经痛,血精
三叉神经痛,舞蹈病样动作
三叉神经痛,情感麻痹
舌下神经损伤,盲袋阴道
舌下神经损伤,盲袋阴道
神昏,硒缺乏
神昏,色情行为
神昏,能量不足
神昏,硒缺乏
神昏,色情行为
神昏,能量不足
神经母细胞瘤,高血压
神经母细胞瘤,龟头发黑
神经母细胞瘤,阵发性狂笑
神经母细胞瘤,血精
神经母细胞瘤,舞蹈病样动作
神经母细胞瘤,情感麻痹
神经母细胞瘤,高血压
神经母细胞瘤,龟头发黑
神经母细胞瘤,阵发性狂笑
神经母细胞瘤,血精
神经母细胞瘤,舞蹈病样动作
神经母细胞瘤,情感麻痹
神经性呕吐,盲袋阴道
神经性呕吐,盲袋阴道
神经症,容易激动
神经症,类偏狂
神经症,容易激动
神经症,类偏狂
肾癌,高血压
肾癌,龟头发黑
肾癌,阵发性狂笑
肾癌,血精
肾癌,舞蹈病样动作
肾癌,情感麻痹
肾癌,高血压
肾癌,龟头发黑
肾癌,阵发性狂笑
肾癌,血精
肾癌,舞蹈病样动作
肾癌,情感麻痹
肾创伤,高血压
肾创伤,龟头发黑
肾创伤,阵发性狂笑
肾创伤,血精
肾创伤,舞蹈病样动作
肾创伤,情感麻痹
肾创伤,高血压
肾创伤,龟头发黑
肾创伤,阵发性狂笑
肾创伤,血精
肾创伤,舞蹈病样动作
肾创伤,情感麻痹
肾错构瘤,高血压
肾错构瘤,龟头发黑
肾错构瘤,阵发性狂笑
肾错构瘤,血精
肾错构瘤,舞蹈病样动作
肾错构瘤,情感麻痹
肾错构瘤,高血压
肾错构瘤,龟头发黑
肾错构瘤,阵发性狂笑
肾错构瘤,血精
肾错构瘤,舞蹈病样动作
肾错构瘤,情感麻痹
肾动脉瘤,高血压
肾动脉瘤,龟头发黑
肾动脉瘤,阵发性狂笑
肾动脉瘤,血精
肾动脉瘤,舞蹈病样动作
肾动脉瘤,情感麻痹
肾动脉瘤,高血压
肾动脉瘤,龟头发黑
肾动脉瘤,阵发性狂笑
肾动脉瘤,血精
肾动脉瘤,舞蹈病样动作
肾动脉瘤,情感麻痹
肾动脉狭窄,高血压
肾动脉狭窄,龟头发黑
肾动脉狭窄,阵发性狂笑
肾动脉狭窄,血精
肾动脉狭窄,舞蹈病样动作
肾动脉狭窄,情感麻痹
肾动脉狭窄,高血压
肾动脉狭窄,龟头发黑
肾动脉狭窄,阵发性狂笑
肾动脉狭窄,血精
肾动脉狭窄,舞蹈病样动作
肾动脉狭窄,情感麻痹
肾动脉血栓形成和栓塞,高血压
肾动脉血栓形成和栓塞,龟头发黑
肾动脉血栓形成和栓塞,阵发性狂笑
肾动脉血栓形成和栓塞,血精
肾动脉血栓形成和栓塞,舞蹈病样动作
肾动脉血栓形成和栓塞,情感麻痹
肾动脉血栓形成和栓塞,高血压
肾动脉血栓形成和栓塞,龟头发黑
肾动脉血栓形成和栓塞,阵发性狂笑
肾动脉血栓形成和栓塞,血精
肾动脉血栓形成和栓塞,舞蹈病样动作
肾动脉血栓形成和栓塞,情感麻痹
肾发育不全,高血压
肾发育不全,龟头发黑
肾发育不全,阵发性狂笑
肾发育不全,血精
肾发育不全,舞蹈病样动作
肾发育不全,情感麻痹
肾发育不全,高血压
肾发育不全,龟头发黑
肾发育不全,阵发性狂笑
肾发育不全,血精
肾发育不全,舞蹈病样动作
肾发育不全,情感麻痹
肾疳,脱肛
肾疳,包皮内有白色分泌物
肾疳,蔗糖-异麦芽糖吸收不良
肾疳,血骨髓或痰涂片找到疟原虫
肾疳,退离休综合症
肾疳,情绪性进食
肾疳,脱肛
肾疳,包皮内有白色分泌物
肾疳,蔗糖-异麦芽糖吸收不良
肾疳,血骨髓或痰涂片找到疟原虫
肾疳,退离休综合症
肾疳,情绪性进食
肾功能不全,高血压
肾功能不全,龟头发黑
肾功能不全,阵发性狂笑
肾功能不全,血精
肾功能不全,舞蹈病样动作
肾功能不全,情感麻痹
肾功能不全,高血压
肾功能不全,龟头发黑
肾功能不全,阵发性狂笑
肾功能不全,血精
肾功能不全,舞蹈病样动作
肾功能不全,情感麻痹
肾功能衰竭,高血压
肾功能衰竭,龟头发黑
肾功能衰竭,阵发性狂笑
肾功能衰竭,血精
肾功能衰竭,舞蹈病样动作
肾功能衰竭,情感麻痹
肾功能衰竭,高血压
肾功能衰竭,龟头发黑
肾功能衰竭,阵发性狂笑
肾功能衰竭,血精
肾功能衰竭,舞蹈病样动作
肾功能衰竭,情感麻痹
肾积水,高血压
肾积水,龟头发黑
肾积水,阵发性狂笑
肾积水,血精
肾积水,舞蹈病样动作
肾积水,情感麻痹
肾积水,高血压
肾积水,龟头发黑
肾积水,阵发性狂笑
肾积水,血精
肾积水,舞蹈病样动作
肾积水,情感麻痹
肾囊肿,高血压
肾囊肿,龟头发黑
肾囊肿,阵发性狂笑
肾囊肿,血精
肾囊肿,舞蹈病样动作
肾囊肿,情感麻痹
肾囊肿,高血压
肾囊肿,龟头发黑
肾囊肿,阵发性狂笑
肾囊肿,血精
肾囊肿,舞蹈病样动作
肾囊肿,情感麻痹
肾胚胎瘤,高血压
肾胚胎瘤,龟头发黑
肾胚胎瘤,阵发性狂笑
肾胚胎瘤,血精
肾胚胎瘤,舞蹈病样动作
肾胚胎瘤,情感麻痹
肾胚胎瘤,高血压
肾胚胎瘤,龟头发黑
肾胚胎瘤,阵发性狂笑
肾胚胎瘤,血精
肾胚胎瘤,舞蹈病样动作
肾胚胎瘤,情感麻痹
肾上腺素中毒,高血压
肾上腺素中毒,龟头发黑
肾上腺素中毒,阵发性狂笑
肾上腺素中毒,血精
肾上腺素中毒,舞蹈病样动作
肾上腺素中毒,情感麻痹
肾上腺素中毒,高血压
肾上腺素中毒,龟头发黑
肾上腺素中毒,阵发性狂笑
肾上腺素中毒,血精
肾上腺素中毒,舞蹈病样动作
肾上腺素中毒,情感麻痹
肾上腺髓质增生,高血压
肾上腺髓质增生,龟头发黑
肾上腺髓质增生,阵发性狂笑
肾上腺髓质增生,血精
肾上腺髓质增生,舞蹈病样动作
肾上腺髓质增生,情感麻痹
肾上腺髓质增生,高血压
肾上腺髓质增生,龟头发黑
肾上腺髓质增生,阵发性狂笑
肾上腺髓质增生,血精
肾上腺髓质增生,舞蹈病样动作
肾上腺髓质增生,情感麻痹
肾上腺意外瘤,高血压
肾上腺意外瘤,龟头发黑
肾上腺意外瘤,阵发性狂笑
肾上腺意外瘤,血精
肾上腺意外瘤,舞蹈病样动作
肾上腺意外瘤,情感麻痹
肾上腺意外瘤,高血压
肾上腺意外瘤,龟头发黑
肾上腺意外瘤,阵发性狂笑
肾上腺意外瘤,血精
肾上腺意外瘤,舞蹈病样动作
肾上腺意外瘤,情感麻痹
肾上腺肿瘤,高血压
肾上腺肿瘤,龟头发黑
肾上腺肿瘤,阵发性狂笑
肾上腺肿瘤,血精
肾上腺肿瘤,舞蹈病样动作
肾上腺肿瘤,情感麻痹
肾上腺肿瘤,高血压
肾上腺肿瘤,龟头发黑
肾上腺肿瘤,阵发性狂笑
肾上腺肿瘤,血精
肾上腺肿瘤,舞蹈病样动作
肾上腺肿瘤,情感麻痹
肾小球肾炎,高血压
肾小球肾炎,龟头发黑
肾小球肾炎,阵发性狂笑
肾小球肾炎,血精
肾小球肾炎,舞蹈病样动作
肾小球肾炎,情感麻痹
肾小球肾炎,高血压
肾小球肾炎,龟头发黑
肾小球肾炎,阵发性狂笑
肾小球肾炎,血精
肾小球肾炎,舞蹈病样动作
肾小球肾炎,情感麻痹
肾性骨病,儿童反复骨折
肾性骨病,包皮过长
肾性骨病,重力休克
肾性骨病,依赖症
肾性骨病,维生素B族缺乏
肾性骨病,热衰竭
肾性骨病,儿童反复骨折
肾性骨病,包皮过长
肾性骨病,重力休克
肾性骨病,依赖症
肾性骨病,维生素B族缺乏
肾性骨病,热衰竭
肾性糖尿,盲袋阴道
肾性糖尿,盲袋阴道
肾虚,高血压
肾虚,龟头发黑
肾虚,阵发性狂笑
肾虚,抑郁性木僵
肾虚,血精
肾虚,心理性性功能障碍
肾虚,舞蹈病样动作
肾虚,睡瘫症
肾虚,情感麻痹
肾虚,前列腺钙化
肾虚,高血压
肾虚,龟头发黑
肾虚,阵发性狂笑
肾虚,抑郁性木僵
肾虚,血精
肾虚,心理性性功能障碍
肾虚,舞蹈病样动作
肾虚,睡瘫症
肾虚,情感麻痹
肾虚,前列腺钙化
肾血管畸形与压迫,高血压
肾血管畸形与压迫,龟头发黑
肾血管畸形与压迫,阵发性狂笑
肾血管畸形与压迫,血精
肾血管畸形与压迫,舞蹈病样动作
肾血管畸形与压迫,情感麻痹
肾血管畸形与压迫,高血压
肾血管畸形与压迫,龟头发黑
肾血管畸形与压迫,阵发性狂笑
肾血管畸形与压迫,血精
肾血管畸形与压迫,舞蹈病样动作
肾血管畸形与压迫,情感麻痹
肾炎,高血压
肾炎,龟头发黑
肾炎,阵发性狂笑
肾炎,血精
肾炎,舞蹈病样动作
肾炎,情感麻痹
肾炎,高血压
肾炎,龟头发黑
肾炎,阵发性狂笑
肾炎,血精
肾炎,舞蹈病样动作
肾炎,情感麻痹
肾阴虚,高血压
肾阴虚,龟头发黑
肾阴虚,阵发性狂笑
肾阴虚,抑郁性木僵
肾阴虚,血精
肾阴虚,心理性性功能障碍
肾阴虚,舞蹈病样动作
肾阴虚,睡瘫症
肾阴虚,情感麻痹
肾阴虚,前列腺钙化
肾阴虚,高血压
肾阴虚,龟头发黑
肾阴虚,阵发性狂笑
肾阴虚,抑郁性木僵
肾阴虚,血精
肾阴虚,心理性性功能障碍
肾阴虚,舞蹈病样动作
肾阴虚,睡瘫症
肾阴虚,情感麻痹
肾阴虚,前列腺钙化
肾硬化症,高血压
肾硬化症,龟头发黑
肾硬化症,阵发性狂笑
肾硬化症,血精
肾硬化症,舞蹈病样动作
肾硬化症,情感麻痹
肾硬化症,高血压
肾硬化症,龟头发黑
肾硬化症,阵发性狂笑
肾硬化症,血精
肾硬化症,舞蹈病样动作
肾硬化症,情感麻痹
肾肿瘤,高血压
肾肿瘤,龟头发黑
肾肿瘤,阵发性狂笑
肾肿瘤,血精
肾肿瘤,舞蹈病样动作
肾肿瘤,情感麻痹
肾肿瘤,高血压
肾肿瘤,龟头发黑
肾肿瘤,阵发性狂笑
肾肿瘤,血精
肾肿瘤,舞蹈病样动作
肾肿瘤,情感麻痹
失眠抑郁,高血压
失眠抑郁,龟头发黑
失眠抑郁,阵发性狂笑
失眠抑郁,血精
失眠抑郁,舞蹈病样动作
失眠抑郁,情感麻痹
失眠抑郁,高血压
失眠抑郁,龟头发黑
失眠抑郁,阵发性狂笑
失眠抑郁,血精
失眠抑郁,舞蹈病样动作
失眠抑郁,情感麻痹
失眠症,高血压
失眠症,龟头发黑
失眠症,阵发性狂笑
失眠症,血精
失眠症,舞蹈病样动作
失眠症,情感麻痹
失眠症,高血压
失眠症,龟头发黑
失眠症,阵发性狂笑
失眠症,血精
失眠症,舞蹈病样动作
失眠症,情感麻痹
失盐性肾炎,高血压
失盐性肾炎,龟头发黑
失盐性肾炎,阵发性狂笑
失盐性肾炎,血精
失盐性肾炎,舞蹈病样动作
失盐性肾炎,情感麻痹
失盐性肾炎,高血压
失盐性肾炎,龟头发黑
失盐性肾炎,阵发性狂笑
失盐性肾炎,血精
失盐性肾炎,舞蹈病样动作
失盐性肾炎,情感麻痹
十二指肠外瘘,盲袋阴道
十二指肠外瘘,盲袋阴道
十二指肠先天性缺如、闭锁和狭窄,盲袋阴道
十二指肠先天性缺如、闭锁和狭窄,盲袋阴道
十二指肠先天性狭窄,盲袋阴道
十二指肠先天性狭窄,盲袋阴道
十二指肠血管性压迫综合征,盲袋阴道
十二指肠血管性压迫综合征,盲袋阴道
十二指肠壅积症,盲袋阴道
十二指肠壅积症,盲袋阴道
食管憩室,盲袋阴道
食管憩室,盲袋阴道
视神经乳头水肿及视盘水肿,高血压
视神经乳头水肿及视盘水肿,龟头发黑
视神经乳头水肿及视盘水肿,阵发性狂笑
视神经乳头水肿及视盘水肿,血精
视神经乳头水肿及视盘水肿,舞蹈病样动作
视神经乳头水肿及视盘水肿,情感麻痹
视神经乳头水肿及视盘水肿,高血压
视神经乳头水肿及视盘水肿,龟头发黑
视神经乳头水肿及视盘水肿,阵发性狂笑
视神经乳头水肿及视盘水肿,血精
视神经乳头水肿及视盘水肿,舞蹈病样动作
视神经乳头水肿及视盘水肿,情感麻痹
适应障碍,高血压
适应障碍,龟头发黑
适应障碍,阵发性狂笑
适应障碍,血精
适应障碍,舞蹈病样动作
适应障碍,情感麻痹
适应障碍,高血压
适应障碍,龟头发黑
适应障碍,阵发性狂笑
适应障碍,血精
适应障碍,舞蹈病样动作
适应障碍,情感麻痹
嗜铬细胞瘤,高血压
嗜铬细胞瘤,龟头发黑
嗜铬细胞瘤,阵发性狂笑
嗜铬细胞瘤,血精
嗜铬细胞瘤,舞蹈病样动作
嗜铬细胞瘤,情感麻痹
嗜铬细胞瘤,高血压
嗜铬细胞瘤,龟头发黑
嗜铬细胞瘤,阵发性狂笑
嗜铬细胞瘤,血精
嗜铬细胞瘤,舞蹈病样动作
嗜铬细胞瘤,情感麻痹
嗜睡症,维生素K缺乏
嗜睡症,神志不清
嗜睡症,赔偿神经症
嗜睡症,维生素K缺乏
嗜睡症,神志不清
嗜睡症,赔偿神经症
双侧先天性肾上腺皮质增生,恋尸型性变态
双侧先天性肾上腺皮质增生,恋尸型性变态
水疝,维生素C缺乏
水疝,日常生活能力减退和行为异常
水疝,躯体主诉增多
水疝,皮肤湿冷
水疝,梦幻觉
水疝,维生素C缺乏
水疝,日常生活能力减退和行为异常
水疝,躯体主诉增多
水疝,皮肤湿冷
水疝,梦幻觉
四肢淋巴水肿,盲袋阴道
四肢淋巴水肿,盲袋阴道
损伤性休克,习惯性尿裤
损伤性休克,神经质性格
损伤性休克,腓肠肌痉挛性疼痛
损伤性休克,习惯性尿裤
损伤性休克,神经质性格
损伤性休克,腓肠肌痉挛性疼痛
梭状芽胞杆菌伤口感染,意志丧失性格
梭状芽胞杆菌伤口感染,心理伤害
梭状芽胞杆菌伤口感染,嗜酒
梭状芽胞杆菌伤口感染,强迫恐怖症
梭状芽胞杆菌伤口感染,意志丧失性格
梭状芽胞杆菌伤口感染,心理伤害
梭状芽胞杆菌伤口感染,嗜酒
梭状芽胞杆菌伤口感染,强迫恐怖症
瘫痪,情绪性厌食
瘫痪,窥淫癖
瘫痪,情绪性厌食
瘫痪,窥淫癖
痰浊眩晕,高血压
痰浊眩晕,龟头发黑
痰浊眩晕,阵发性狂笑
痰浊眩晕,血精
痰浊眩晕,舞蹈病样动作
痰浊眩晕,情感麻痹
痰浊眩晕,高血压
痰浊眩晕,龟头发黑
痰浊眩晕,阵发性狂笑
痰浊眩晕,血精
痰浊眩晕,舞蹈病样动作
痰浊眩晕,情感麻痹
糖尿病,高血压
糖尿病,龟头发黑
糖尿病,阵发性狂笑
糖尿病,血精
糖尿病,舞蹈病样动作
糖尿病,情感麻痹
糖尿病,高血压
糖尿病,龟头发黑
糖尿病,阵发性狂笑
糖尿病,血精
糖尿病,舞蹈病样动作
糖尿病,情感麻痹
糖尿病性视网膜病变,高血压
糖尿病性视网膜病变,龟头发黑
糖尿病性视网膜病变,阵发性狂笑
糖尿病性视网膜病变,血精
糖尿病性视网膜病变,舞蹈病样动作
糖尿病性视网膜病变,情感麻痹
糖尿病性视网膜病变,高血压
糖尿病性视网膜病变,龟头发黑
糖尿病性视网膜病变,阵发性狂笑
糖尿病性视网膜病变,血精
糖尿病性视网膜病变,舞蹈病样动作
糖尿病性视网膜病变,情感麻痹
铁利用性贫血,盲袋阴道
铁利用性贫血,盲袋阴道
童年情绪障碍,脂肪过多
童年情绪障碍,营养不良性水肿
童年情绪障碍,心境高涨
童年情绪障碍,手臂肌肉萎缩
童年情绪障碍,频繁性惊醒
童年情绪障碍,脂肪过多
童年情绪障碍,营养不良性水肿
童年情绪障碍,心境高涨
童年情绪障碍,手臂肌肉萎缩
童年情绪障碍,频繁性惊醒
痛风和高尿酸血症,高血压
痛风和高尿酸血症,龟头发黑
痛风和高尿酸血症,阵发性狂笑
痛风和高尿酸血症,血精
痛风和高尿酸血症,舞蹈病样动作
痛风和高尿酸血症,情感麻痹
痛风和高尿酸血症,高血压
痛风和高尿酸血症,龟头发黑
痛风和高尿酸血症,阵发性狂笑
痛风和高尿酸血症,血精
痛风和高尿酸血症,舞蹈病样动作
痛风和高尿酸血症,情感麻痹
头风病,高血压
头风病,龟头发黑
头风病,阵发性狂笑
头风病,血精
头风病,舞蹈病样动作
头风病,情感麻痹
头风病,高血压
头风病,龟头发黑
头风病,阵发性狂笑
头风病,血精
头风病,舞蹈病样动作
头风病,情感麻痹
头-面血管瘤综合征,恋尸型性变态
头-面血管瘤综合征,恋尸型性变态
脱发,抑郁性木僵
脱发,心理性性功能障碍
脱发,睡瘫症
脱发,前列腺钙化
脱发,抑郁性木僵
脱发,心理性性功能障碍
脱发,睡瘫症
脱发,前列腺钙化
脱囊,维生素C缺乏
脱囊,日常生活能力减退和行为异常
脱囊,秋季狂躁症
脱囊,认识能力缺失
脱囊,皮肤湿冷
脱囊,痢疾
脱囊,毛发干枯
脱囊,维生素C缺乏
脱囊,日常生活能力减退和行为异常
脱囊,秋季狂躁症
脱囊,认识能力缺失
脱囊,皮肤湿冷
脱囊,痢疾
脱囊,毛发干枯
外生殖器畸形,维生素D缺乏
外生殖器畸形,腮腺区肿大
外生殖器畸形,能力减退感
外生殖器畸形,维生素D缺乏
外生殖器畸形,腮腺区肿大
外生殖器畸形,能力减退感
完全性肺静脉异位回流,盲袋阴道
完全性肺静脉异位回流,盲袋阴道
网状青斑和青斑性血管炎,高血压
网状青斑和青斑性血管炎,龟头发黑
网状青斑和青斑性血管炎,阵发性狂笑
网状青斑和青斑性血管炎,血精
网状青斑和青斑性血管炎,舞蹈病样动作
网状青斑和青斑性血管炎,情感麻痹
网状青斑和青斑性血管炎,高血压
网状青斑和青斑性血管炎,龟头发黑
网状青斑和青斑性血管炎,阵发性狂笑
网状青斑和青斑性血管炎,血精
网状青斑和青斑性血管炎,舞蹈病样动作
网状青斑和青斑性血管炎,情感麻痹
妄想症,意向性震颤
妄想症,心理年龄小于生理年龄
妄想症,食欲异常
妄想症,情绪性癌症
妄想症,意向性震颤
妄想症,心理年龄小于生理年龄
妄想症,食欲异常
妄想症,情绪性癌症
微小病变型肾病,躯体主诉增多
微小病变型肾病,梦幻觉
微小病变型肾病,盲袋阴道
微小病变型肾病,躯体主诉增多
微小病变型肾病,梦幻觉
微小病变型肾病,盲袋阴道
围绝经期综合征,高血压
围绝经期综合征,龟头发黑
围绝经期综合征,阵发性狂笑
围绝经期综合征,血精
围绝经期综合征,舞蹈病样动作
围绝经期综合征,情感麻痹
围绝经期综合征,高血压
围绝经期综合征,龟头发黑
围绝经期综合征,阵发性狂笑
围绝经期综合征,血精
围绝经期综合征,舞蹈病样动作
围绝经期综合征,情感麻痹
围术期伴发的精神障碍,高血压
围术期伴发的精神障碍,龟头发黑
围术期伴发的精神障碍,阵发性狂笑
围术期伴发的精神障碍,血精
围术期伴发的精神障碍,舞蹈病样动作
围术期伴发的精神障碍,情感麻痹
围术期伴发的精神障碍,高血压
围术期伴发的精神障碍,龟头发黑
围术期伴发的精神障碍,阵发性狂笑
围术期伴发的精神障碍,血精
围术期伴发的精神障碍,舞蹈病样动作
围术期伴发的精神障碍,情感麻痹
维生素Ａ缺乏症所致的角膜溃疡病,盲袋阴道
维生素Ａ缺乏症所致的角膜溃疡病,盲袋阴道
维生素B12缺乏所致贫血,盲袋阴道
维生素B12缺乏所致贫血,盲袋阴道
维生素C缺乏病,盲袋阴道
维生素C缺乏病,盲袋阴道
维生素K缺乏病,乙肝e抗原（HBeAg）阳性
维生素K缺乏病,维生素缺乏
维生素K缺乏病,失钠性昏迷
维生素K缺乏病,难入睡或易惊醒
维生素K缺乏病,乙肝e抗原（HBeAg）阳性
维生素K缺乏病,维生素缺乏
维生素K缺乏病,失钠性昏迷
维生素K缺乏病,难入睡或易惊醒
萎缩侧索硬化,盲袋阴道
萎缩侧索硬化,盲袋阴道
未分化结缔组织病,高血压
未分化结缔组织病,龟头发黑
未分化结缔组织病,阵发性狂笑
未分化结缔组织病,血精
未分化结缔组织病,舞蹈病样动作
未分化结缔组织病,情感麻痹
未分化结缔组织病,盲袋阴道
未分化结缔组织病,高血压
未分化结缔组织病,龟头发黑
未分化结缔组织病,阵发性狂笑
未分化结缔组织病,血精
未分化结缔组织病,舞蹈病样动作
未分化结缔组织病,情感麻痹
未分化结缔组织病,盲袋阴道
胃结核,盲袋阴道
胃结核,盲袋阴道
胃切除后吸收不良综合征,盲袋阴道
胃切除后吸收不良综合征,盲袋阴道
无汗症,硒缺乏
无汗症,色情行为
无汗症,能量不足
无汗症,硒缺乏
无汗症,色情行为
无汗症,能量不足
无症状性脑梗死,高血压
无症状性脑梗死,龟头发黑
无症状性脑梗死,阵发性狂笑
无症状性脑梗死,血精
无症状性脑梗死,舞蹈病样动作
无症状性脑梗死,情感麻痹
无症状性脑梗死,高血压
无症状性脑梗死,龟头发黑
无症状性脑梗死,阵发性狂笑
无症状性脑梗死,血精
无症状性脑梗死,舞蹈病样动作
无症状性脑梗死,情感麻痹
吸收不良综合征,无能力感
吸收不良综合征,腮腺肿大
吸收不良综合征,脓液为巧克力色或查到阿米巴原虫
吸收不良综合征,无能力感
吸收不良综合征,腮腺肿大
吸收不良综合征,脓液为巧克力色或查到阿米巴原虫
吸烟中毒症,高血压
吸烟中毒症,龟头发黑
吸烟中毒症,阵发性狂笑
吸烟中毒症,血精
吸烟中毒症,舞蹈病样动作
吸烟中毒症,情感麻痹
吸烟中毒症,高血压
吸烟中毒症,龟头发黑
吸烟中毒症,阵发性狂笑
吸烟中毒症,血精
吸烟中毒症,舞蹈病样动作
吸烟中毒症,情感麻痹
先天性睾丸发育不全,情志内伤
先天性睾丸发育不全,老人性格孤僻
先天性睾丸发育不全,恋尸型性变态
先天性睾丸发育不全,情志内伤
先天性睾丸发育不全,老人性格孤僻
先天性睾丸发育不全,恋尸型性变态
先天性巨尿道症,恋尸型性变态
先天性巨尿道症,恋尸型性变态
先天性肾上腺皮质增生症,恋尸型性变态
先天性肾上腺皮质增生症,恋尸型性变态
先天性无虹膜,恋尸型性变态
先天性无虹膜,恋尸型性变态
先天性血管萎缩性皮肤异色症,恋尸型性变态
先天性血管萎缩性皮肤异色症,恋尸型性变态
显微型多血管炎,高血压
显微型多血管炎,龟头发黑
显微型多血管炎,阵发性狂笑
显微型多血管炎,血精
显微型多血管炎,舞蹈病样动作
显微型多血管炎,情感麻痹
显微型多血管炎,高血压
显微型多血管炎,龟头发黑
显微型多血管炎,阵发性狂笑
显微型多血管炎,血精
显微型多血管炎,舞蹈病样动作
显微型多血管炎,情感麻痹
腺样体肥大,盲袋阴道
腺样体肥大,盲袋阴道
项痹,高血压
项痹,龟头发黑
项痹,阵发性狂笑
项痹,血精
项痹,舞蹈病样动作
项痹,情感麻痹
项痹,高血压
项痹,龟头发黑
项痹,阵发性狂笑
项痹,血精
项痹,舞蹈病样动作
项痹,情感麻痹
小肠实热,孕妇上火
小肠实热,龟头红肿
小肠实热,中枢神经抑制药诱发昏迷
小肠实热,依赖公式化
小肠实热,网络依赖
小肠实热,情绪性哮喘
小肠实热,孕妇上火
小肠实热,龟头红肿
小肠实热,中枢神经抑制药诱发昏迷
小肠实热,依赖公式化
小肠实热,网络依赖
小肠实热,情绪性哮喘
小肠吸收不良综合征,盲袋阴道
小肠吸收不良综合征,盲袋阴道
小儿IgA肾病,高血压
小儿IgA肾病,龟头发黑
小儿IgA肾病,阵发性狂笑
小儿IgA肾病,血精
小儿IgA肾病,舞蹈病样动作
小儿IgA肾病,情感麻痹
小儿IgA肾病,高血压
小儿IgA肾病,龟头发黑
小儿IgA肾病,阵发性狂笑
小儿IgA肾病,血精
小儿IgA肾病,舞蹈病样动作
小儿IgA肾病,情感麻痹
小儿豹皮综合征,恋尸型性变态
小儿豹皮综合征,恋尸型性变态
小儿苯丙酮尿症,情绪性失眠
小儿苯丙酮尿症,痢疾样大便
小儿苯丙酮尿症,情绪性失眠
小儿苯丙酮尿症,痢疾样大便
小儿病毒性肺炎,小儿咳嗽
小儿病毒性肺炎,包皮上有水泡
小儿病毒性肺炎,重度肥胖
小儿病毒性肺炎,厌食
小儿病毒性肺炎,脱水
小儿病毒性肺炎,情感倒错
小儿病毒性肺炎,小儿咳嗽
小儿病毒性肺炎,包皮上有水泡
小儿病毒性肺炎,重度肥胖
小儿病毒性肺炎,厌食
小儿病毒性肺炎,脱水
小儿病毒性肺炎,情感倒错
小儿伯-韦综合征,恋尸型性变态
小儿伯-韦综合征,恋尸型性变态
小儿肠旋转不良,盲袋阴道
小儿肠旋转不良,盲袋阴道
小儿弹性假黄瘤,高血压
小儿弹性假黄瘤,龟头发黑
小儿弹性假黄瘤,阵发性狂笑
小儿弹性假黄瘤,血精
小儿弹性假黄瘤,舞蹈病样动作
小儿弹性假黄瘤,情感麻痹
小儿弹性假黄瘤,高血压
小儿弹性假黄瘤,龟头发黑
小儿弹性假黄瘤,阵发性狂笑
小儿弹性假黄瘤,血精
小儿弹性假黄瘤,舞蹈病样动作
小儿弹性假黄瘤,情感麻痹
小儿多囊肾,高血压
小儿多囊肾,龟头发黑
小儿多囊肾,阵发性狂笑
小儿多囊肾,血精
小儿多囊肾,舞蹈病样动作
小儿多囊肾,情感麻痹
小儿多囊肾,高血压
小儿多囊肾,龟头发黑
小儿多囊肾,阵发性狂笑
小儿多囊肾,血精
小儿多囊肾,舞蹈病样动作
小儿多囊肾,情感麻痹
小儿肥胖,高血压
小儿肥胖,龟头发黑
小儿肥胖,阵发性狂笑
小儿肥胖,易哭
小儿肥胖,血精
小儿肥胖,先天性弓形体
小儿肥胖,维生素D中毒
小儿肥胖,舞蹈病样动作
小儿肥胖,社交敏感性障碍
小儿肥胖,腮腺肿胀
小儿肥胖,情感麻痹
小儿肥胖,男子性功能障碍
小儿肥胖,内容难以听清的自言自语
小儿肥胖,高血压
小儿肥胖,龟头发黑
小儿肥胖,阵发性狂笑
小儿肥胖,易哭
小儿肥胖,血精
小儿肥胖,先天性弓形体
小儿肥胖,维生素D中毒
小儿肥胖,舞蹈病样动作
小儿肥胖,社交敏感性障碍
小儿肥胖,腮腺肿胀
小儿肥胖,情感麻痹
小儿肥胖,男子性功能障碍
小儿肥胖,内容难以听清的自言自语
小儿肥胖通气不良综合征,维生素D中毒
小儿肥胖通气不良综合征,腮腺肿胀
小儿肥胖通气不良综合征,内容难以听清的自言自语
小儿肥胖通气不良综合征,维生素D中毒
小儿肥胖通气不良综合征,腮腺肿胀
小儿肥胖通气不良综合征,内容难以听清的自言自语
小儿肥胖性生殖无能综合征,情志内伤
小儿肥胖性生殖无能综合征,老人性格孤僻
小儿肥胖性生殖无能综合征,情志内伤
小儿肥胖性生殖无能综合征,老人性格孤僻
小儿肥胖症,易哭
小儿肥胖症,先天性弓形体
小儿肥胖症,维生素D中毒
小儿肥胖症,社交敏感性障碍
小儿肥胖症,腮腺肿胀
小儿肥胖症,男子性功能障碍
小儿肥胖症,内容难以听清的自言自语
小儿肥胖症,易哭
小儿肥胖症,先天性弓形体
小儿肥胖症,维生素D中毒
小儿肥胖症,社交敏感性障碍
小儿肥胖症,腮腺肿胀
小儿肥胖症,男子性功能障碍
小儿肥胖症,内容难以听清的自言自语
小儿肺出血-肾炎综合征,高血压
小儿肺出血-肾炎综合征,龟头发黑
小儿肺出血-肾炎综合征,阵发性狂笑
小儿肺出血-肾炎综合征,血精
小儿肺出血-肾炎综合征,舞蹈病样动作
小儿肺出血-肾炎综合征,情感麻痹
小儿肺出血-肾炎综合征,高血压
小儿肺出血-肾炎综合征,龟头发黑
小儿肺出血-肾炎综合征,阵发性狂笑
小儿肺出血-肾炎综合征,血精
小儿肺出血-肾炎综合征,舞蹈病样动作
小儿肺出血-肾炎综合征,情感麻痹
小儿肺栓塞,盲袋阴道
小儿肺栓塞,盲袋阴道
小儿分离性焦虑症,盲袋阴道
小儿分离性焦虑症,盲袋阴道
小儿风疹,小儿咳嗽
小儿风疹,包皮上有水泡
小儿风疹,重度肥胖
小儿风疹,厌食
小儿风疹,脱水
小儿风疹,情感倒错
小儿风疹,小儿咳嗽
小儿风疹,包皮上有水泡
小儿风疹,重度肥胖
小儿风疹,厌食
小儿风疹,脱水
小儿风疹,情感倒错
小儿腹股沟斜疝,网络综合症
小儿腹股沟斜疝,躯体性疾病所致的精神障碍
小儿腹股沟斜疝,摸空症
小儿腹股沟斜疝,网络综合症
小儿腹股沟斜疝,躯体性疾病所致的精神障碍
小儿腹股沟斜疝,摸空症
小儿腹泻病,盲袋阴道
小儿腹泻病,盲袋阴道
小儿肝豆状核变性,高血压
小儿肝豆状核变性,龟头发黑
小儿肝豆状核变性,阵发性狂笑
小儿肝豆状核变性,血精
小儿肝豆状核变性,舞蹈病样动作
小儿肝豆状核变性,情感麻痹
小儿肝豆状核变性,高血压
小儿肝豆状核变性,龟头发黑
小儿肝豆状核变性,阵发性狂笑
小儿肝豆状核变性,血精
小儿肝豆状核变性,舞蹈病样动作
小儿肝豆状核变性,情感麻痹
小儿睾丸扭转,网络综合症
小儿睾丸扭转,躯体性疾病所致的精神障碍
小儿睾丸扭转,摸空症
小儿睾丸扭转,网络综合症
小儿睾丸扭转,躯体性疾病所致的精神障碍
小儿睾丸扭转,摸空症
小儿骨硬化病,儿童反复骨折
小儿骨硬化病,包皮过长
小儿骨硬化病,重力休克
小儿骨硬化病,依赖症
小儿骨硬化病,维生素B族缺乏
小儿骨硬化病,热衰竭
小儿骨硬化病,儿童反复骨折
小儿骨硬化病,包皮过长
小儿骨硬化病,重力休克
小儿骨硬化病,依赖症
小儿骨硬化病,维生素B族缺乏
小儿骨硬化病,热衰竭
小儿骨与关节结核,盲袋阴道
小儿骨与关节结核,盲袋阴道
小儿过敏性紫癜肾炎,高血压
小儿过敏性紫癜肾炎,龟头发黑
小儿过敏性紫癜肾炎,阵发性狂笑
小儿过敏性紫癜肾炎,血精
小儿过敏性紫癜肾炎,舞蹈病样动作
小儿过敏性紫癜肾炎,情感麻痹
小儿过敏性紫癜肾炎,高血压
小儿过敏性紫癜肾炎,龟头发黑
小儿过敏性紫癜肾炎,阵发性狂笑
小儿过敏性紫癜肾炎,血精
小儿过敏性紫癜肾炎,舞蹈病样动作
小儿过敏性紫癜肾炎,情感麻痹
小儿过敏症,小儿湿疹
小儿过敏症,包皮上有小红点
小儿过敏症,阵发性痴笑
小儿过敏症,疑病症
小儿过敏症,无动性缄默
小儿过敏症,情感高涨
小儿过敏症,小儿湿疹
小儿过敏症,包皮上有小红点
小儿过敏症,阵发性痴笑
小儿过敏症,疑病症
小儿过敏症,无动性缄默
小儿过敏症,情感高涨
小儿基底细胞痣综合征,恋尸型性变态
小儿基底细胞痣综合征,恋尸型性变态
小儿急进性肾小球肾炎,高血压
小儿急进性肾小球肾炎,龟头发黑
小儿急进性肾小球肾炎,阵发性狂笑
小儿急进性肾小球肾炎,血精
小儿急进性肾小球肾炎,舞蹈病样动作
小儿急进性肾小球肾炎,情感麻痹
小儿急进性肾小球肾炎,高血压
小儿急进性肾小球肾炎,龟头发黑
小儿急进性肾小球肾炎,阵发性狂笑
小儿急进性肾小球肾炎,血精
小儿急进性肾小球肾炎,舞蹈病样动作
小儿急进性肾小球肾炎,情感麻痹
小儿脊髓性肌萎缩,盲袋阴道
小儿脊髓性肌萎缩,盲袋阴道
小儿甲状旁腺功能减退症,盲袋阴道
小儿甲状旁腺功能减退症,盲袋阴道
小儿贾第虫病,盲袋阴道
小儿贾第虫病,盲袋阴道
小儿狂犬病,高血压
小儿狂犬病,龟头发黑
小儿狂犬病,阵发性狂笑
小儿狂犬病,血精
小儿狂犬病,舞蹈病样动作
小儿狂犬病,情感麻痹
小儿狂犬病,高血压
小儿狂犬病,龟头发黑
小儿狂犬病,阵发性狂笑
小儿狂犬病,血精
小儿狂犬病,舞蹈病样动作
小儿狂犬病,情感麻痹
小儿溃疡性结肠炎,盲袋阴道
小儿溃疡性结肠炎,盲袋阴道
小儿两性畸形,恋尸型性变态
小儿两性畸形,恋尸型性变态
小儿麻痹症,高血压
小儿麻痹症,龟头发黑
小儿麻痹症,阵发性狂笑
小儿麻痹症,血精
小儿麻痹症,舞蹈病样动作
小儿麻痹症,情感麻痹
小儿麻痹症,高血压
小儿麻痹症,龟头发黑
小儿麻痹症,阵发性狂笑
小儿麻痹症,血精
小儿麻痹症,舞蹈病样动作
小儿麻痹症,情感麻痹
小儿慢性充血性脾肿大,盲袋阴道
小儿慢性充血性脾肿大,盲袋阴道
小儿慢性肾小球肾炎,高血压
小儿慢性肾小球肾炎,龟头发黑
小儿慢性肾小球肾炎,阵发性狂笑
小儿慢性肾小球肾炎,血精
小儿慢性肾小球肾炎,舞蹈病样动作
小儿慢性肾小球肾炎,情感麻痹
小儿慢性肾小球肾炎,盲袋阴道
小儿慢性肾小球肾炎,高血压
小儿慢性肾小球肾炎,龟头发黑
小儿慢性肾小球肾炎,阵发性狂笑
小儿慢性肾小球肾炎,血精
小儿慢性肾小球肾炎,舞蹈病样动作
小儿慢性肾小球肾炎,情感麻痹
小儿慢性肾小球肾炎,盲袋阴道
小儿慢性胰腺炎,乙肝e抗原（HBeAg）阳性
小儿慢性胰腺炎,维生素缺乏
小儿慢性胰腺炎,失钠性昏迷
小儿慢性胰腺炎,难入睡或易惊醒
小儿慢性胰腺炎,乙肝e抗原（HBeAg）阳性
小儿慢性胰腺炎,维生素缺乏
小儿慢性胰腺炎,失钠性昏迷
小儿慢性胰腺炎,难入睡或易惊醒
小儿面部红斑侏儒综合征,恋尸型性变态
小儿面部红斑侏儒综合征,恋尸型性变态
小儿尿道下裂,维生素D缺乏
小儿尿道下裂,腮腺区肿大
小儿尿道下裂,能力减退感
小儿尿道下裂,维生素D缺乏
小儿尿道下裂,腮腺区肿大
小儿尿道下裂,能力减退感
小儿尿路感染,高血压
小儿尿路感染,龟头发黑
小儿尿路感染,阵发性狂笑
小儿尿路感染,血精
小儿尿路感染,舞蹈病样动作
小儿尿路感染,情感麻痹
小儿尿路感染,高血压
小儿尿路感染,龟头发黑
小儿尿路感染,阵发性狂笑
小儿尿路感染,血精
小儿尿路感染,舞蹈病样动作
小儿尿路感染,情感麻痹
小儿尿路梗阻,高血压
小儿尿路梗阻,龟头发黑
小儿尿路梗阻,阵发性狂笑
小儿尿路梗阻,血精
小儿尿路梗阻,舞蹈病样动作
小儿尿路梗阻,情感麻痹
小儿尿路梗阻,高血压
小儿尿路梗阻,龟头发黑
小儿尿路梗阻,阵发性狂笑
小儿尿路梗阻,血精
小儿尿路梗阻,舞蹈病样动作
小儿尿路梗阻,情感麻痹
小儿膀胱-输尿管反流综合征,高血压
小儿膀胱-输尿管反流综合征,龟头发黑
小儿膀胱-输尿管反流综合征,阵发性狂笑
小儿膀胱-输尿管反流综合征,血精
小儿膀胱-输尿管反流综合征,舞蹈病样动作
小儿膀胱-输尿管反流综合征,情感麻痹
小儿膀胱-输尿管反流综合征,高血压
小儿膀胱-输尿管反流综合征,龟头发黑
小儿膀胱-输尿管反流综合征,阵发性狂笑
小儿膀胱-输尿管反流综合征,血精
小儿膀胱-输尿管反流综合征,舞蹈病样动作
小儿膀胱-输尿管反流综合征,情感麻痹
小儿全远端型肾小管酸中毒,高血压
小儿全远端型肾小管酸中毒,龟头发黑
小儿全远端型肾小管酸中毒,阵发性狂笑
小儿全远端型肾小管酸中毒,血精
小儿全远端型肾小管酸中毒,舞蹈病样动作
小儿全远端型肾小管酸中毒,情感麻痹
小儿全远端型肾小管酸中毒,高血压
小儿全远端型肾小管酸中毒,龟头发黑
小儿全远端型肾小管酸中毒,阵发性狂笑
小儿全远端型肾小管酸中毒,血精
小儿全远端型肾小管酸中毒,舞蹈病样动作
小儿全远端型肾小管酸中毒,情感麻痹
小儿热性惊厥,情感依赖
小儿热性惊厥,狂笑
小儿热性惊厥,情感依赖
小儿热性惊厥,狂笑
小儿乳糜泻,脱肛
小儿乳糜泻,包皮内有白色分泌物
小儿乳糜泻,蔗糖-异麦芽糖吸收不良
小儿乳糜泻,血骨髓或痰涂片找到疟原虫
小儿乳糜泻,退离休综合症
小儿乳糜泻,情绪性进食
小儿乳糜泻,盲袋阴道
小儿乳糜泻,脱肛
小儿乳糜泻,包皮内有白色分泌物
小儿乳糜泻,蔗糖-异麦芽糖吸收不良
小儿乳糜泻,血骨髓或痰涂片找到疟原虫
小儿乳糜泻,退离休综合症
小儿乳糜泻,情绪性进食
小儿乳糜泻,盲袋阴道
小儿软骨发育不全,盲袋阴道
小儿软骨发育不全,盲袋阴道
小儿软骨营养障碍-血管瘤综合征,情绪性厌食
小儿软骨营养障碍-血管瘤综合征,窥淫癖
小儿软骨营养障碍-血管瘤综合征,情绪性厌食
小儿软骨营养障碍-血管瘤综合征,窥淫癖
小儿神经母细胞瘤,高血压
小儿神经母细胞瘤,龟头发黑
小儿神经母细胞瘤,阵发性狂笑
小儿神经母细胞瘤,血精
小儿神经母细胞瘤,舞蹈病样动作
小儿神经母细胞瘤,情感麻痹
小儿神经母细胞瘤,高血压
小儿神经母细胞瘤,龟头发黑
小儿神经母细胞瘤,阵发性狂笑
小儿神经母细胞瘤,血精
小儿神经母细胞瘤,舞蹈病样动作
小儿神经母细胞瘤,情感麻痹
小儿神经皮肤综合征,高血压
小儿神经皮肤综合征,龟头发黑
小儿神经皮肤综合征,阵发性狂笑
小儿神经皮肤综合征,血精
小儿神经皮肤综合征,舞蹈病样动作
小儿神经皮肤综合征,情感麻痹
小儿神经皮肤综合征,高血压
小儿神经皮肤综合征,龟头发黑
小儿神经皮肤综合征,阵发性狂笑
小儿神经皮肤综合征,血精
小儿神经皮肤综合征,舞蹈病样动作
小儿神经皮肤综合征,情感麻痹
小儿神经性厌食,盲袋阴道
小儿神经性厌食,盲袋阴道
小儿肾病综合征,躯体主诉增多
小儿肾病综合征,梦幻觉
小儿肾病综合征,盲袋阴道
小儿肾病综合征,躯体主诉增多
小儿肾病综合征,梦幻觉
小儿肾病综合征,盲袋阴道
小儿肾淀粉样变性,高血压
小儿肾淀粉样变性,龟头发黑
小儿肾淀粉样变性,阵发性狂笑
小儿肾淀粉样变性,血精
小儿肾淀粉样变性,舞蹈病样动作
小儿肾淀粉样变性,情感麻痹
小儿肾淀粉样变性,高血压
小儿肾淀粉样变性,龟头发黑
小儿肾淀粉样变性,阵发性狂笑
小儿肾淀粉样变性,血精
小儿肾淀粉样变性,舞蹈病样动作
小儿肾淀粉样变性,情感麻痹
小儿肾结核,高血压
小儿肾结核,龟头发黑
小儿肾结核,阵发性狂笑
小儿肾结核,血精
小儿肾结核,舞蹈病样动作
小儿肾结核,情感麻痹
小儿肾结核,高血压
小儿肾结核,龟头发黑
小儿肾结核,阵发性狂笑
小儿肾结核,血精
小儿肾结核,舞蹈病样动作
小儿肾结核,情感麻痹
小儿肾静脉血栓形成,高血压
小儿肾静脉血栓形成,龟头发黑
小儿肾静脉血栓形成,阵发性狂笑
小儿肾静脉血栓形成,血精
小儿肾静脉血栓形成,舞蹈病样动作
小儿肾静脉血栓形成,情感麻痹
小儿肾静脉血栓形成,高血压
小儿肾静脉血栓形成,龟头发黑
小儿肾静脉血栓形成,阵发性狂笑
小儿肾静脉血栓形成,血精
小儿肾静脉血栓形成,舞蹈病样动作
小儿肾静脉血栓形成,情感麻痹
小儿肾母细胞瘤,高血压
小儿肾母细胞瘤,龟头发黑
小儿肾母细胞瘤,阵发性狂笑
小儿肾母细胞瘤,血精
小儿肾母细胞瘤,舞蹈病样动作
小儿肾母细胞瘤,情感麻痹
小儿肾母细胞瘤,高血压
小儿肾母细胞瘤,龟头发黑
小儿肾母细胞瘤,阵发性狂笑
小儿肾母细胞瘤,血精
小儿肾母细胞瘤,舞蹈病样动作
小儿肾母细胞瘤,情感麻痹
小儿肾小管-间质肾炎,高血压
小儿肾小管-间质肾炎,龟头发黑
小儿肾小管-间质肾炎,阵发性狂笑
小儿肾小管-间质肾炎,血精
小儿肾小管-间质肾炎,舞蹈病样动作
小儿肾小管-间质肾炎,情感麻痹
小儿肾小管-间质肾炎,高血压
小儿肾小管-间质肾炎,龟头发黑
小儿肾小管-间质肾炎,阵发性狂笑
小儿肾小管-间质肾炎,血精
小儿肾小管-间质肾炎,舞蹈病样动作
小儿肾小管-间质肾炎,情感麻痹
小儿肾性糖尿,盲袋阴道
小儿肾性糖尿,盲袋阴道
小儿糖尿病肾病,高血压
小儿糖尿病肾病,龟头发黑
小儿糖尿病肾病,阵发性狂笑
小儿糖尿病肾病,血精
小儿糖尿病肾病,舞蹈病样动作
小儿糖尿病肾病,情感麻痹
小儿糖尿病肾病,高血压
小儿糖尿病肾病,龟头发黑
小儿糖尿病肾病,阵发性狂笑
小儿糖尿病肾病,血精
小儿糖尿病肾病,舞蹈病样动作
小儿糖尿病肾病,情感麻痹
小儿糖吸收不良,盲袋阴道
小儿糖吸收不良,盲袋阴道
小儿维生素A缺乏病,乙肝e抗原（HBeAg）阳性
小儿维生素A缺乏病,维生素缺乏
小儿维生素A缺乏病,失钠性昏迷
小儿维生素A缺乏病,难入睡或易惊醒
小儿维生素A缺乏病,乙肝e抗原（HBeAg）阳性
小儿维生素A缺乏病,维生素缺乏
小儿维生素A缺乏病,失钠性昏迷
小儿维生素A缺乏病,难入睡或易惊醒
小儿维生素C缺乏病,盲袋阴道
小儿维生素C缺乏病,盲袋阴道
小儿细菌性痢疾,盲袋阴道
小儿细菌性痢疾,盲袋阴道
小儿先天性肾盂输尿管连接部梗阻,高血压
小儿先天性肾盂输尿管连接部梗阻,龟头发黑
小儿先天性肾盂输尿管连接部梗阻,阵发性狂笑
小儿先天性肾盂输尿管连接部梗阻,血精
小儿先天性肾盂输尿管连接部梗阻,舞蹈病样动作
小儿先天性肾盂输尿管连接部梗阻,情感麻痹
小儿先天性肾盂输尿管连接部梗阻,高血压
小儿先天性肾盂输尿管连接部梗阻,龟头发黑
小儿先天性肾盂输尿管连接部梗阻,阵发性狂笑
小儿先天性肾盂输尿管连接部梗阻,血精
小儿先天性肾盂输尿管连接部梗阻,舞蹈病样动作
小儿先天性肾盂输尿管连接部梗阻,情感麻痹
小儿先天性外胚层发育不良综合征,硒缺乏
小儿先天性外胚层发育不良综合征,色情行为
小儿先天性外胚层发育不良综合征,能量不足
小儿先天性外胚层发育不良综合征,硒缺乏
小儿先天性外胚层发育不良综合征,色情行为
小儿先天性外胚层发育不良综合征,能量不足
小儿小颌畸形综合征,盲袋阴道
小儿小颌畸形综合征,盲袋阴道
小儿心搏呼吸骤停与心肺复苏术,情感依赖
小儿心搏呼吸骤停与心肺复苏术,狂笑
小儿心搏呼吸骤停与心肺复苏术,情感依赖
小儿心搏呼吸骤停与心肺复苏术,狂笑
小儿休克,情感依赖
小儿休克,狂笑
小儿休克,情感依赖
小儿休克,狂笑
小儿眼-脑-肾综合征,恋尸型性变态
小儿眼-脑-肾综合征,恋尸型性变态
小儿衣原体肺炎,小儿咳嗽
小儿衣原体肺炎,包皮上有水泡
小儿衣原体肺炎,重度肥胖
小儿衣原体肺炎,厌食
小儿衣原体肺炎,脱水
小儿衣原体肺炎,情感倒错
小儿衣原体肺炎,小儿咳嗽
小儿衣原体肺炎,包皮上有水泡
小儿衣原体肺炎,重度肥胖
小儿衣原体肺炎,厌食
小儿衣原体肺炎,脱水
小儿衣原体肺炎,情感倒错
小儿乙型肝炎病毒相关肾炎,高血压
小儿乙型肝炎病毒相关肾炎,龟头发黑
小儿乙型肝炎病毒相关肾炎,阵发性狂笑
小儿乙型肝炎病毒相关肾炎,血精
小儿乙型肝炎病毒相关肾炎,舞蹈病样动作
小儿乙型肝炎病毒相关肾炎,情感麻痹
小儿乙型肝炎病毒相关肾炎,高血压
小儿乙型肝炎病毒相关肾炎,龟头发黑
小儿乙型肝炎病毒相关肾炎,阵发性狂笑
小儿乙型肝炎病毒相关肾炎,血精
小儿乙型肝炎病毒相关肾炎,舞蹈病样动作
小儿乙型肝炎病毒相关肾炎,情感麻痹
小儿原发性膀胱输尿管反流,高血压
小儿原发性膀胱输尿管反流,龟头发黑
小儿原发性膀胱输尿管反流,阵发性狂笑
小儿原发性膀胱输尿管反流,血精
小儿原发性膀胱输尿管反流,舞蹈病样动作
小儿原发性膀胱输尿管反流,情感麻痹
小儿原发性膀胱输尿管反流,高血压
小儿原发性膀胱输尿管反流,龟头发黑
小儿原发性膀胱输尿管反流,阵发性狂笑
小儿原发性膀胱输尿管反流,血精
小儿原发性膀胱输尿管反流,舞蹈病样动作
小儿原发性膀胱输尿管反流,情感麻痹
小儿原发性肾病综合征,躯体主诉增多
小儿原发性肾病综合征,梦幻觉
小儿原发性肾病综合征,躯体主诉增多
小儿原发性肾病综合征,梦幻觉
小儿支气管肺炎,小儿咳嗽
小儿支气管肺炎,包皮上有水泡
小儿支气管肺炎,重度肥胖
小儿支气管肺炎,厌食
小儿支气管肺炎,脱水
小儿支气管肺炎,情感倒错
小儿支气管肺炎,小儿咳嗽
小儿支气管肺炎,包皮上有水泡
小儿支气管肺炎,重度肥胖
小儿支气管肺炎,厌食
小儿支气管肺炎,脱水
小儿支气管肺炎,情感倒错
小儿脂肪吸收不良,盲袋阴道
小儿脂肪吸收不良,盲袋阴道
小儿指甲-髌骨综合征,高血压
小儿指甲-髌骨综合征,龟头发黑
小儿指甲-髌骨综合征,阵发性狂笑
小儿指甲-髌骨综合征,血精
小儿指甲-髌骨综合征,舞蹈病样动作
小儿指甲-髌骨综合征,情感麻痹
小儿指甲-髌骨综合征,高血压
小儿指甲-髌骨综合征,龟头发黑
小儿指甲-髌骨综合征,阵发性狂笑
小儿指甲-髌骨综合征,血精
小儿指甲-髌骨综合征,舞蹈病样动作
小儿指甲-髌骨综合征,情感麻痹
小儿注意缺陷障碍,易醒
小儿注意缺陷障碍,现实解体
小儿注意缺陷障碍,失眠
小儿注意缺陷障碍,喃喃重复自语
小儿注意缺陷障碍,易醒
小儿注意缺陷障碍,现实解体
小儿注意缺陷障碍,失眠
小儿注意缺陷障碍,喃喃重复自语
小儿阻塞性睡眠呼吸暂停,高血压
小儿阻塞性睡眠呼吸暂停,龟头发黑
小儿阻塞性睡眠呼吸暂停,阵发性狂笑
小儿阻塞性睡眠呼吸暂停,血精
小儿阻塞性睡眠呼吸暂停,舞蹈病样动作
小儿阻塞性睡眠呼吸暂停,情感麻痹
小儿阻塞性睡眠呼吸暂停,高血压
小儿阻塞性睡眠呼吸暂停,龟头发黑
小儿阻塞性睡眠呼吸暂停,阵发性狂笑
小儿阻塞性睡眠呼吸暂停,血精
小儿阻塞性睡眠呼吸暂停,舞蹈病样动作
小儿阻塞性睡眠呼吸暂停,情感麻痹
小阴茎,情志内伤
小阴茎,老人性格孤僻
小阴茎,情志内伤
小阴茎,老人性格孤僻
心肌梗塞并发左心室室壁瘤,高血压
心肌梗塞并发左心室室壁瘤,龟头发黑
心肌梗塞并发左心室室壁瘤,阵发性狂笑
心肌梗塞并发左心室室壁瘤,血精
心肌梗塞并发左心室室壁瘤,舞蹈病样动作
心肌梗塞并发左心室室壁瘤,情感麻痹
心肌梗塞并发左心室室壁瘤,高血压
心肌梗塞并发左心室室壁瘤,龟头发黑
心肌梗塞并发左心室室壁瘤,阵发性狂笑
心肌梗塞并发左心室室壁瘤,血精
心肌梗塞并发左心室室壁瘤,舞蹈病样动作
心肌梗塞并发左心室室壁瘤,情感麻痹
心源性休克,习惯性尿裤
心源性休克,神经质性格
心源性休克,腓肠肌痉挛性疼痛
心源性休克,习惯性尿裤
心源性休克,神经质性格
心源性休克,腓肠肌痉挛性疼痛
新疆出血热,高血压
新疆出血热,龟头发黑
新疆出血热,阵发性狂笑
新疆出血热,血精
新疆出血热,舞蹈病样动作
新疆出血热,情感麻痹
新疆出血热,高血压
新疆出血热,龟头发黑
新疆出血热,阵发性狂笑
新疆出血热,血精
新疆出血热,舞蹈病样动作
新疆出血热,情感麻痹
新生儿急性肾功能衰竭,高血压
新生儿急性肾功能衰竭,龟头发黑
新生儿急性肾功能衰竭,阵发性狂笑
新生儿急性肾功能衰竭,血精
新生儿急性肾功能衰竭,舞蹈病样动作
新生儿急性肾功能衰竭,情感麻痹
新生儿急性肾功能衰竭,高血压
新生儿急性肾功能衰竭,龟头发黑
新生儿急性肾功能衰竭,阵发性狂笑
新生儿急性肾功能衰竭,血精
新生儿急性肾功能衰竭,舞蹈病样动作
新生儿急性肾功能衰竭,情感麻痹
新生儿肾静脉血栓,高血压
新生儿肾静脉血栓,龟头发黑
新生儿肾静脉血栓,阵发性狂笑
新生儿肾静脉血栓,血精
新生儿肾静脉血栓,舞蹈病样动作
新生儿肾静脉血栓,情感麻痹
新生儿肾静脉血栓,高血压
新生儿肾静脉血栓,龟头发黑
新生儿肾静脉血栓,阵发性狂笑
新生儿肾静脉血栓,血精
新生儿肾静脉血栓,舞蹈病样动作
新生儿肾静脉血栓,情感麻痹
性功能异常伴发的精神障碍,舞蹈样手足徐动
性功能异常伴发的精神障碍,缺乏自控能力
性功能异常伴发的精神障碍,类戒断反应
性功能异常伴发的精神障碍,快感缺乏
性功能异常伴发的精神障碍,舞蹈样手足徐动
性功能异常伴发的精神障碍,缺乏自控能力
性功能异常伴发的精神障碍,类戒断反应
性功能异常伴发的精神障碍,快感缺乏
性欲亢进,维生素D缺乏
性欲亢进,腮腺区肿大
性欲亢进,能力减退感
性欲亢进,维生素D缺乏
性欲亢进,腮腺区肿大
性欲亢进,能力减退感
宿醉,高血压
宿醉,龟头发黑
宿醉,阵发性狂笑
宿醉,血精
宿醉,舞蹈病样动作
宿醉,情感麻痹
宿醉,高血压
宿醉,龟头发黑
宿醉,阵发性狂笑
宿醉,血精
宿醉,舞蹈病样动作
宿醉,情感麻痹
血卟啉病,高血压
血卟啉病,龟头发黑
血卟啉病,阵发性狂笑
血卟啉病,血精
血卟啉病,舞蹈病样动作
血卟啉病,情感麻痹
血卟啉病,高血压
血卟啉病,龟头发黑
血卟啉病,阵发性狂笑
血卟啉病,血精
血卟啉病,舞蹈病样动作
血卟啉病,情感麻痹
血卟啉病性周围神经病,高血压
血卟啉病性周围神经病,龟头发黑
血卟啉病性周围神经病,阵发性狂笑
血卟啉病性周围神经病,血精
血卟啉病性周围神经病,舞蹈病样动作
血卟啉病性周围神经病,情感麻痹
血卟啉病性周围神经病,高血压
血卟啉病性周围神经病,龟头发黑
血卟啉病性周围神经病,阵发性狂笑
血卟啉病性周围神经病,血精
血卟啉病性周围神经病,舞蹈病样动作
血卟啉病性周围神经病,情感麻痹
血毒,高血压
血毒,龟头发黑
血毒,阵发性狂笑
血毒,血精
血毒,舞蹈病样动作
血毒,情感麻痹
血毒,高血压
血毒,龟头发黑
血毒,阵发性狂笑
血毒,血精
血毒,舞蹈病样动作
血毒,情感麻痹
血管病,意志丧失性格
血管病,心理伤害
血管病,嗜酒
血管病,强迫恐怖症
血管病,意志丧失性格
血管病,心理伤害
血管病,嗜酒
血管病,强迫恐怖症
血管球瘤,盲袋阴道
血管球瘤,盲袋阴道
血管性帕金森综合征,高血压
血管性帕金森综合征,龟头发黑
血管性帕金森综合征,阵发性狂笑
血管性帕金森综合征,血精
血管性帕金森综合征,舞蹈病样动作
血管性帕金森综合征,情感麻痹
血管性帕金森综合征,高血压
血管性帕金森综合征,龟头发黑
血管性帕金森综合征,阵发性狂笑
血管性帕金森综合征,血精
血管性帕金森综合征,舞蹈病样动作
血管性帕金森综合征,情感麻痹
血吸虫肠病,人格解体
血吸虫肠病,恋兽型性变态
血吸虫肠病,人格解体
血吸虫肠病,恋兽型性变态
血虚眩晕,妊娠中毒
血虚眩晕,迷恋足部或鞋袜
血虚眩晕,妊娠中毒
血虚眩晕,迷恋足部或鞋袜
牙体缺损,盲袋阴道
牙体缺损,盲袋阴道
亚健康,高血压
亚健康,龟头发黑
亚健康,阵发性狂笑
亚健康,血精
亚健康,舞蹈病样动作
亚健康,情感麻痹
亚健康,高血压
亚健康,龟头发黑
亚健康,阵发性狂笑
亚健康,血精
亚健康,舞蹈病样动作
亚健康,情感麻痹
亚临床甲状腺功能减退症,高血压
亚临床甲状腺功能减退症,龟头发黑
亚临床甲状腺功能减退症,阵发性狂笑
亚临床甲状腺功能减退症,血精
亚临床甲状腺功能减退症,舞蹈病样动作
亚临床甲状腺功能减退症,情感麻痹
亚临床甲状腺功能减退症,高血压
亚临床甲状腺功能减退症,龟头发黑
亚临床甲状腺功能减退症,阵发性狂笑
亚临床甲状腺功能减退症,血精
亚临床甲状腺功能减退症,舞蹈病样动作
亚临床甲状腺功能减退症,情感麻痹
咽部结核,盲袋阴道
咽部结核,盲袋阴道
咽食管憩室,盲袋阴道
咽食管憩室,盲袋阴道
烟草依赖综合症,高血压
烟草依赖综合症,龟头发黑
烟草依赖综合症,阵发性狂笑
烟草依赖综合症,血精
烟草依赖综合症,舞蹈病样动作
烟草依赖综合症,情感麻痹
烟草依赖综合症,高血压
烟草依赖综合症,龟头发黑
烟草依赖综合症,阵发性狂笑
烟草依赖综合症,血精
烟草依赖综合症,舞蹈病样动作
烟草依赖综合症,情感麻痹
烟雾病,高血压
烟雾病,龟头发黑
烟雾病,阵发性狂笑
烟雾病,血精
烟雾病,舞蹈病样动作
烟雾病,情感麻痹
烟雾病,高血压
烟雾病,龟头发黑
烟雾病,阵发性狂笑
烟雾病,血精
烟雾病,舞蹈病样动作
烟雾病,情感麻痹
延髓进行性麻痹,盲袋阴道
延髓进行性麻痹,盲袋阴道
延髓性麻痹,盲袋阴道
延髓性麻痹,盲袋阴道
言语障碍,情绪性胃痛
言语障碍,颅内出血
言语障碍,情绪性胃痛
言语障碍,颅内出血
厌氧菌感染,意志丧失性格
厌氧菌感染,心理伤害
厌氧菌感染,嗜酒
厌氧菌感染,强迫恐怖症
厌氧菌感染,意志丧失性格
厌氧菌感染,心理伤害
厌氧菌感染,嗜酒
厌氧菌感染,强迫恐怖症
羊水过少,高血压
羊水过少,龟头发黑
羊水过少,阵发性狂笑
羊水过少,血精
羊水过少,舞蹈病样动作
羊水过少,情感麻痹
羊水过少,高血压
羊水过少,龟头发黑
羊水过少,阵发性狂笑
羊水过少,血精
羊水过少,舞蹈病样动作
羊水过少,情感麻痹
阳痿,易激动
阳痿,心理年龄大于生理年龄
阳痿,湿脚气
阳痿,前列腺肥大
阳痿,易激动
阳痿,心理年龄大于生理年龄
阳痿,湿脚气
阳痿,前列腺肥大
痒疹,小儿痒疹
痒疹,阴囊潮湿
痒疹,镇静药中毒
痒疹,遗精
痒疹,维生素B1缺乏
痒疹,情绪性疲劳
痒疹,小儿痒疹
痒疹,阴囊潮湿
痒疹,镇静药中毒
痒疹,遗精
痒疹,维生素B1缺乏
痒疹,情绪性疲劳
药物反应性甲病,异食癖
药物反应性甲病,小便恐惧
药物反应性甲病,失血过多后贫血
药物反应性甲病,皮肤血管收缩呈网状图案
药物反应性甲病,异食癖
药物反应性甲病,小便恐惧
药物反应性甲病,失血过多后贫血
药物反应性甲病,皮肤血管收缩呈网状图案
药物中毒性周围神经病,盲袋阴道
药物中毒性周围神经病,盲袋阴道
叶酸缺乏所致贫血,盲袋阴道
叶酸缺乏所致贫血,盲袋阴道
叶酸缺乏症,高血压
叶酸缺乏症,龟头发黑
叶酸缺乏症,阵发性狂笑
叶酸缺乏症,血精
叶酸缺乏症,舞蹈病样动作
叶酸缺乏症,情感麻痹
叶酸缺乏症,盲袋阴道
叶酸缺乏症,高血压
叶酸缺乏症,龟头发黑
叶酸缺乏症,阵发性狂笑
叶酸缺乏症,血精
叶酸缺乏症,舞蹈病样动作
叶酸缺乏症,情感麻痹
叶酸缺乏症,盲袋阴道
胰岛素抵抗与代谢综合征,高血压
胰岛素抵抗与代谢综合征,龟头发黑
胰岛素抵抗与代谢综合征,阵发性狂笑
胰岛素抵抗与代谢综合征,血精
胰岛素抵抗与代谢综合征,舞蹈病样动作
胰岛素抵抗与代谢综合征,情感麻痹
胰岛素抵抗与代谢综合征,高血压
胰岛素抵抗与代谢综合征,龟头发黑
胰岛素抵抗与代谢综合征,阵发性狂笑
胰岛素抵抗与代谢综合征,血精
胰岛素抵抗与代谢综合征,舞蹈病样动作
胰岛素抵抗与代谢综合征,情感麻痹
胰高血糖素瘤,盲袋阴道
胰高血糖素瘤,盲袋阴道
胰腺囊性纤维性变,盲袋阴道
胰腺囊性纤维性变,盲袋阴道
遗传性肥胖,高血压
遗传性肥胖,龟头发黑
遗传性肥胖,阵发性狂笑
遗传性肥胖,血精
遗传性肥胖,舞蹈病样动作
遗传性肥胖,情感麻痹
遗传性肥胖,高血压
遗传性肥胖,龟头发黑
遗传性肥胖,阵发性狂笑
遗传性肥胖,血精
遗传性肥胖,舞蹈病样动作
遗传性肥胖,情感麻痹
遗传性高尿酸血症,恋尸型性变态
遗传性高尿酸血症,恋尸型性变态
遗忘综合征,抑郁症
遗忘综合征,无羞惭感
遗忘综合征,生理性厌食
遗忘综合征,皮肤冷而苍白粘腻
遗忘综合征,抑郁症
遗忘综合征,无羞惭感
遗忘综合征,生理性厌食
遗忘综合征,皮肤冷而苍白粘腻
乙型肝炎病毒相关性肾炎,高血压
乙型肝炎病毒相关性肾炎,龟头发黑
乙型肝炎病毒相关性肾炎,阵发性狂笑
乙型肝炎病毒相关性肾炎,血精
乙型肝炎病毒相关性肾炎,舞蹈病样动作
乙型肝炎病毒相关性肾炎,情感麻痹
乙型肝炎病毒相关性肾炎,高血压
乙型肝炎病毒相关性肾炎,龟头发黑
乙型肝炎病毒相关性肾炎,阵发性狂笑
乙型肝炎病毒相关性肾炎,血精
乙型肝炎病毒相关性肾炎,舞蹈病样动作
乙型肝炎病毒相关性肾炎,情感麻痹
异位ACTH综合征,高血压
异位ACTH综合征,龟头发黑
异位ACTH综合征,注意障碍
异位ACTH综合征,阵发性狂笑
异位ACTH综合征,阴茎短
异位ACTH综合征,血精
异位ACTH综合征,严重情绪障碍
异位ACTH综合征,舞蹈病样动作
异位ACTH综合征,睡眠障碍
异位ACTH综合征,情感麻痹
异位ACTH综合征,迫害妄想
异位ACTH综合征,高血压
异位ACTH综合征,龟头发黑
异位ACTH综合征,注意障碍
异位ACTH综合征,阵发性狂笑
异位ACTH综合征,阴茎短
异位ACTH综合征,血精
异位ACTH综合征,严重情绪障碍
异位ACTH综合征,舞蹈病样动作
异位ACTH综合征,睡眠障碍
异位ACTH综合征,情感麻痹
异位ACTH综合征,迫害妄想
抑郁性神经症,快感缺乏
抑郁性神经症,快感缺乏
抑郁症,营养不良
抑郁症,心境不良
抑郁症,喜怒无常
抑郁症,无目的咀嚼舐唇
抑郁症,弹钢琴指(趾)征
抑郁症,闪回
抑郁症,深昏迷
抑郁症,情绪性失眠
抑郁症,强迫观念
抑郁症,女性性器官反应缺乏
抑郁症,恋爱挫折综合征
抑郁症,痢疾样大便
抑郁症,营养不良
抑郁症,心境不良
抑郁症,喜怒无常
抑郁症,无目的咀嚼舐唇
抑郁症,弹钢琴指(趾)征
抑郁症,闪回
抑郁症,深昏迷
抑郁症,情绪性失眠
抑郁症,强迫观念
抑郁症,女性性器官反应缺乏
抑郁症,恋爱挫折综合征
抑郁症,痢疾样大便
癔症,意向性震颤
癔症,心理年龄小于生理年龄
癔症,食欲异常
癔症,情绪性癌症
癔症,意向性震颤
癔症,心理年龄小于生理年龄
癔症,食欲异常
癔症,情绪性癌症
阴汗,秋季狂躁症
阴汗,痢疾
阴汗,秋季狂躁症
阴汗,痢疾
阴茎结核,未分化躯体形式障碍
阴茎结核,神经官能症状
阴茎结核,氰化物烧伤及合并中毒
阴茎结核,躯体依赖性
阴茎结核,模仿言语
阴茎结核,露阴癖
阴茎结核,劳累后遗精
阴茎结核,未分化躯体形式障碍
阴茎结核,神经官能症状
阴茎结核,氰化物烧伤及合并中毒
阴茎结核,躯体依赖性
阴茎结核,模仿言语
阴茎结核,露阴癖
阴茎结核,劳累后遗精
阴茎结核疹,脂溶性维生素缺乏
阴茎结核疹,营养障碍
阴茎结核疹,心理老化
阴茎结核疹,说话时字词不能连续
阴茎结核疹,前列腺素合成减少
阴茎结核疹,脂溶性维生素缺乏
阴茎结核疹,营养障碍
阴茎结核疹,心理老化
阴茎结核疹,说话时字词不能连续
阴茎结核疹,前列腺素合成减少
阴茎离断伤,全身消瘦型
阴茎离断伤,泌尿生殖窦
阴茎离断伤,全身消瘦型
阴茎离断伤,泌尿生殖窦
阴茎淋巴管炎,异性装扮癖
阴茎淋巴管炎,行为紊乱而奇特
阴茎淋巴管炎,水盐代谢障碍
阴茎淋巴管炎,前列腺增生
阴茎淋巴管炎,异性装扮癖
阴茎淋巴管炎,行为紊乱而奇特
阴茎淋巴管炎,水盐代谢障碍
阴茎淋巴管炎,前列腺增生
阴茎扭转,阴茎勃起不硬
阴茎扭转,阴囊脱皮
阴茎扭转,阴茎样尿道
阴茎扭转,眼球斑点
阴茎扭转,头发分叉
阴茎扭转,情绪性腹痛
阴茎扭转,阴茎勃起不硬
阴茎扭转,阴囊脱皮
阴茎扭转,阴茎样尿道
阴茎扭转,眼球斑点
阴茎扭转,头发分叉
阴茎扭转,情绪性腹痛
阴茎痰核,未分化躯体形式障碍
阴茎痰核,神经官能症状
阴茎痰核,模仿言语
阴茎痰核,未分化躯体形式障碍
阴茎痰核,神经官能症状
阴茎痰核,模仿言语
阴茎头包皮炎,自我残伤行为
阴茎头包皮炎,滑精
阴茎头包皮炎,阴囊起疙瘩
阴茎头包皮炎,勃起时间短
阴茎头包皮炎,注意力缺乏多动症
阴茎头包皮炎,晕针
阴茎头包皮炎,阴囊下坠
阴茎头包皮炎,阴茎龟头橡皮肿
阴茎头包皮炎,有机磷中毒
阴茎头包皮炎,阴囊上有白色小疙瘩
阴茎头包皮炎,药物中毒
阴茎头包皮炎,药物依赖
阴茎头包皮炎,言语紊乱
阴茎头包皮炎,性兴趣减退感
阴茎头包皮炎,性受虐癖
阴茎头包皮炎,挖鼻孔
阴茎头包皮炎,体象障碍
阴茎头包皮炎,挑剔嘴
阴茎头包皮炎,输精管疼痛
阴茎头包皮炎,阴囊瘙痒
阴茎头包皮炎,强迫性穷思竭虑
阴茎头包皮炎,强制性哭笑
阴茎头包皮炎,强迫性人格
阴茎头包皮炎,中度吸入性损伤
阴茎头包皮炎,强迫性性行为
阴茎头包皮炎,自我残伤行为
阴茎头包皮炎,滑精
阴茎头包皮炎,阴囊起疙瘩
阴茎头包皮炎,勃起时间短
阴茎头包皮炎,注意力缺乏多动症
阴茎头包皮炎,晕针
阴茎头包皮炎,阴囊下坠
阴茎头包皮炎,阴茎龟头橡皮肿
阴茎头包皮炎,有机磷中毒
阴茎头包皮炎,阴囊上有白色小疙瘩
阴茎头包皮炎,药物中毒
阴茎头包皮炎,药物依赖
阴茎头包皮炎,言语紊乱
阴茎头包皮炎,性兴趣减退感
阴茎头包皮炎,性受虐癖
阴茎头包皮炎,挖鼻孔
阴茎头包皮炎,体象障碍
阴茎头包皮炎,挑剔嘴
阴茎头包皮炎,输精管疼痛
阴茎头包皮炎,阴囊瘙痒
阴茎头包皮炎,强迫性穷思竭虑
阴茎头包皮炎,强制性哭笑
阴茎头包皮炎,强迫性人格
阴茎头包皮炎,中度吸入性损伤
阴茎头包皮炎,强迫性性行为
阴茎纤维性海绵体炎,未分化躯体形式障碍
阴茎纤维性海绵体炎,无睾丸
阴茎纤维性海绵体炎,神经官能症状
阴茎纤维性海绵体炎,“三怕”(水声、光、风)现象
阴茎纤维性海绵体炎,模仿言语
阴茎纤维性海绵体炎,粘膜疹
阴茎纤维性海绵体炎,未分化躯体形式障碍
阴茎纤维性海绵体炎,无睾丸
阴茎纤维性海绵体炎,神经官能症状
阴茎纤维性海绵体炎,“三怕”(水声、光、风)现象
阴茎纤维性海绵体炎,模仿言语
阴茎纤维性海绵体炎,粘膜疹
阴茎异常勃起,维生素D缺乏
阴茎异常勃起,腮腺区肿大
阴茎异常勃起,能力减退感
阴茎异常勃起,维生素D缺乏
阴茎异常勃起,腮腺区肿大
阴茎异常勃起,能力减退感
阴茎硬结症,阴茎勃起不硬
阴茎硬结症,阴囊脱皮
阴茎硬结症,阴茎样尿道
阴茎硬结症,眼球斑点
阴茎硬结症,未分化躯体形式障碍
阴茎硬结症,维生素D缺乏
阴茎硬结症,头发分叉
阴茎硬结症,神经官能症状
阴茎硬结症,腮腺区肿大
阴茎硬结症,情绪性腹痛
阴茎硬结症,模仿言语
阴茎硬结症,能力减退感
阴茎硬结症,阴茎勃起不硬
阴茎硬结症,阴囊脱皮
阴茎硬结症,阴茎样尿道
阴茎硬结症,眼球斑点
阴茎硬结症,未分化躯体形式障碍
阴茎硬结症,维生素D缺乏
阴茎硬结症,头发分叉
阴茎硬结症,神经官能症状
阴茎硬结症,腮腺区肿大
阴茎硬结症,情绪性腹痛
阴茎硬结症,模仿言语
阴茎硬结症,能力减退感
阴茎折断,全身消瘦型
阴茎折断,泌尿生殖窦
阴茎折断,全身消瘦型
阴茎折断,泌尿生殖窦
阴茎珍珠疹,阴茎瘙痒
阴茎珍珠疹,音调韵律的异常
阴茎珍珠疹,异性装扮癖
阴茎珍珠疹,言语凌乱
阴茎珍珠疹,行为紊乱而奇特
阴茎珍珠疹,贪食行为
阴茎珍珠疹,水盐代谢障碍
阴茎珍珠疹,强迫性重复
阴茎珍珠疹,前列腺增生
阴茎珍珠疹,阴茎瘙痒
阴茎珍珠疹,音调韵律的异常
阴茎珍珠疹,异性装扮癖
阴茎珍珠疹,言语凌乱
阴茎珍珠疹,行为紊乱而奇特
阴茎珍珠疹,贪食行为
阴茎珍珠疹,水盐代谢障碍
阴茎珍珠疹,强迫性重复
阴茎珍珠疹,前列腺增生
阴囊潮湿,秋季狂躁症
阴囊潮湿,痢疾
阴囊潮湿,秋季狂躁症
阴囊潮湿,痢疾
阴囊坏疽,认知功能损害
阴囊坏疽,梦游症
阴囊坏疽,认知功能损害
阴囊坏疽,梦游症
阴囊湿疹,指甲易碎
阴囊湿疹,阴茎表浅性溃疡
阴囊湿疹,抑郁
阴囊湿疹,行为及情绪异常
阴囊湿疹,信息成瘾
阴囊湿疹,思考困难感
阴囊湿疹,水中毒
阴囊湿疹,认知功能损害
阴囊湿疹,品行障碍
阴囊湿疹,前列腺分泌物含有许多脓缩细胞
阴囊湿疹,梦游症
阴囊湿疹,指甲易碎
阴囊湿疹,阴茎表浅性溃疡
阴囊湿疹,抑郁
阴囊湿疹,行为及情绪异常
阴囊湿疹,信息成瘾
阴囊湿疹,思考困难感
阴囊湿疹,水中毒
阴囊湿疹,认知功能损害
阴囊湿疹,品行障碍
阴囊湿疹,前列腺分泌物含有许多脓缩细胞
阴囊湿疹,梦游症
阴囊炎,指甲易碎
阴囊炎,阴茎表浅性溃疡
阴囊炎,行为及情绪异常
阴囊炎,思考困难感
阴囊炎,秋季狂躁症
阴囊炎,品行障碍
阴囊炎,痢疾
阴囊炎,指甲易碎
阴囊炎,阴茎表浅性溃疡
阴囊炎,行为及情绪异常
阴囊炎,思考困难感
阴囊炎,秋季狂躁症
阴囊炎,品行障碍
阴囊炎,痢疾
阴缩,恋尸型性变态
阴缩,恋尸型性变态
阴虚火旺,孕妇上火
阴虚火旺,龟头红肿
阴虚火旺,中枢神经抑制药诱发昏迷
阴虚火旺,依赖公式化
阴虚火旺,网络依赖
阴虚火旺,情绪性哮喘
阴虚火旺,孕妇上火
阴虚火旺,龟头红肿
阴虚火旺,中枢神经抑制药诱发昏迷
阴虚火旺,依赖公式化
阴虚火旺,网络依赖
阴虚火旺,情绪性哮喘
银屑病甲,异食癖
银屑病甲,小便恐惧
银屑病甲,失血过多后贫血
银屑病甲,皮肤血管收缩呈网状图案
银屑病甲,异食癖
银屑病甲,小便恐惧
银屑病甲,失血过多后贫血
银屑病甲,皮肤血管收缩呈网状图案
隐匿型肾炎,高血压
隐匿型肾炎,龟头发黑
隐匿型肾炎,阵发性狂笑
隐匿型肾炎,血精
隐匿型肾炎,舞蹈病样动作
隐匿型肾炎,情感麻痹
隐匿型肾炎,高血压
隐匿型肾炎,龟头发黑
隐匿型肾炎,阵发性狂笑
隐匿型肾炎,血精
隐匿型肾炎,舞蹈病样动作
隐匿型肾炎,情感麻痹
隐匿性肾小球肾炎,高血压
隐匿性肾小球肾炎,龟头发黑
隐匿性肾小球肾炎,阵发性狂笑
隐匿性肾小球肾炎,血精
隐匿性肾小球肾炎,舞蹈病样动作
隐匿性肾小球肾炎,情感麻痹
隐匿性肾小球肾炎,高血压
隐匿性肾小球肾炎,龟头发黑
隐匿性肾小球肾炎,阵发性狂笑
隐匿性肾小球肾炎,血精
隐匿性肾小球肾炎,舞蹈病样动作
隐匿性肾小球肾炎,情感麻痹
婴幼儿腹泻,盲袋阴道
婴幼儿腹泻,盲袋阴道
营养代谢缺乏,人格解体
营养代谢缺乏,恋兽型性变态
营养代谢缺乏,人格解体
营养代谢缺乏,恋兽型性变态
营养缺乏性神经病变,盲袋阴道
营养缺乏性神经病变,盲袋阴道
营养性巨幼红细胞性贫血,盲袋阴道
营养性巨幼红细胞性贫血,盲袋阴道
应激反应及适应障碍,高血压
应激反应及适应障碍,龟头发黑
应激反应及适应障碍,阵发性狂笑
应激反应及适应障碍,血精
应激反应及适应障碍,舞蹈病样动作
应激反应及适应障碍,情感麻痹
应激反应及适应障碍,高血压
应激反应及适应障碍,龟头发黑
应激反应及适应障碍,阵发性狂笑
应激反应及适应障碍,血精
应激反应及适应障碍,舞蹈病样动作
应激反应及适应障碍,情感麻痹
硬皮症伴发的精神障碍,盲袋阴道
硬皮症伴发的精神障碍,盲袋阴道
原发性IgA肾病,高血压
原发性IgA肾病,龟头发黑
原发性IgA肾病,阵发性狂笑
原发性IgA肾病,血精
原发性IgA肾病,舞蹈病样动作
原发性IgA肾病,情感麻痹
原发性IgA肾病,高血压
原发性IgA肾病,龟头发黑
原发性IgA肾病,阵发性狂笑
原发性IgA肾病,血精
原发性IgA肾病,舞蹈病样动作
原发性IgA肾病,情感麻痹
原发性醛固酮增多症,高血压
原发性醛固酮增多症,龟头发黑
原发性醛固酮增多症,阵发性狂笑
原发性醛固酮增多症,血精
原发性醛固酮增多症,舞蹈病样动作
原发性醛固酮增多症,情感麻痹
原发性醛固酮增多症,高血压
原发性醛固酮增多症,龟头发黑
原发性醛固酮增多症,阵发性狂笑
原发性醛固酮增多症,血精
原发性醛固酮增多症,舞蹈病样动作
原发性醛固酮增多症,情感麻痹
晕厥,高血压
晕厥,龟头发黑
晕厥,阵发性狂笑
晕厥,血精
晕厥,舞蹈病样动作
晕厥,情感麻痹
晕厥,高血压
晕厥,龟头发黑
晕厥,阵发性狂笑
晕厥,血精
晕厥,舞蹈病样动作
晕厥,情感麻痹
运动诱发哮喘,盲袋阴道
运动诱发哮喘,盲袋阴道
躁狂抑郁症,脂肪过多
躁狂抑郁症,营养不良性水肿
躁狂抑郁症,心境高涨
躁狂抑郁症,手臂肌肉萎缩
躁狂抑郁症,情绪性头痛
躁狂抑郁症,情绪性失眠
躁狂抑郁症,频繁性惊醒
躁狂抑郁症,梦行症
躁狂抑郁症,痢疾样大便
躁狂抑郁症,脂肪过多
躁狂抑郁症,营养不良性水肿
躁狂抑郁症,心境高涨
躁狂抑郁症,手臂肌肉萎缩
躁狂抑郁症,情绪性头痛
躁狂抑郁症,情绪性失眠
躁狂抑郁症,频繁性惊醒
躁狂抑郁症,梦行症
躁狂抑郁症,痢疾样大便
躁狂症,无目的咀嚼舐唇
躁狂症,深昏迷
躁狂症,恋爱挫折综合征
躁狂症,无目的咀嚼舐唇
躁狂症,深昏迷
躁狂症,恋爱挫折综合征
增殖性红斑,未分化躯体形式障碍
增殖性红斑,神经官能症状
增殖性红斑,模仿言语
增殖性红斑,未分化躯体形式障碍
增殖性红斑,神经官能症状
增殖性红斑,模仿言语
谵妄,以偷窥为快感源泉的性变态
谵妄,心理麻木
谵妄,思维解体
谵妄,皮下脂肪增多
谵妄,以偷窥为快感源泉的性变态
谵妄,心理麻木
谵妄,思维解体
谵妄,皮下脂肪增多
真菌性甲沟炎,指甲与肉分离
真菌性甲沟炎,醉酒
真菌性甲沟炎,中度昏迷
真菌性甲沟炎,学习困难
真菌性甲沟炎,头皮松垂
真菌性甲沟炎,情绪低落
真菌性甲沟炎,指甲与肉分离
真菌性甲沟炎,醉酒
真菌性甲沟炎,中度昏迷
真菌性甲沟炎,学习困难
真菌性甲沟炎,头皮松垂
真菌性甲沟炎,情绪低落
真两性畸形,恋尸型性变态
真两性畸形,恋尸型性变态
镇痛剂肾病,高血压
镇痛剂肾病,龟头发黑
镇痛剂肾病,阵发性狂笑
镇痛剂肾病,血精
镇痛剂肾病,舞蹈病样动作
镇痛剂肾病,情感麻痹
镇痛剂肾病,高血压
镇痛剂肾病,龟头发黑
镇痛剂肾病,阵发性狂笑
镇痛剂肾病,血精
镇痛剂肾病,舞蹈病样动作
镇痛剂肾病,情感麻痹
肢端肥大症,高血压
肢端肥大症,龟头发黑
肢端肥大症,阵发性狂笑
肢端肥大症,血精
肢端肥大症,舞蹈病样动作
肢端肥大症,情感麻痹
肢端肥大症,高血压
肢端肥大症,龟头发黑
肢端肥大症,阵发性狂笑
肢端肥大症,血精
肢端肥大症,舞蹈病样动作
肢端肥大症,情感麻痹
肢端肥大症性心肌病,高血压
肢端肥大症性心肌病,龟头发黑
肢端肥大症性心肌病,阵发性狂笑
肢端肥大症性心肌病,血精
肢端肥大症性心肌病,舞蹈病样动作
肢端肥大症性心肌病,情感麻痹
肢端肥大症性心肌病,高血压
肢端肥大症性心肌病,龟头发黑
肢端肥大症性心肌病,阵发性狂笑
肢端肥大症性心肌病,血精
肢端肥大症性心肌病,舞蹈病样动作
肢端肥大症性心肌病,情感麻痹
脂肪肝,高血压
脂肪肝,龟头发黑
脂肪肝,阵发性狂笑
脂肪肝,血精
脂肪肝,舞蹈病样动作
脂肪肝,情感麻痹
脂肪肝,高血压
脂肪肝,龟头发黑
脂肪肝,阵发性狂笑
脂肪肝,血精
脂肪肝,舞蹈病样动作
脂肪肝,情感麻痹
植物神经功能紊乱,容易激动
植物神经功能紊乱,类偏狂
植物神经功能紊乱,容易激动
植物神经功能紊乱,类偏狂
植物神经功能障碍,心胃的奇怪感觉
植物神经功能障碍,射精疼
植物神经功能障碍,联想障碍
植物神经功能障碍,心胃的奇怪感觉
植物神经功能障碍,射精疼
植物神经功能障碍,联想障碍
致密性骨发育障碍,异食癖
致密性骨发育障碍,小便恐惧
致密性骨发育障碍,失血过多后贫血
致密性骨发育障碍,皮肤血管收缩呈网状图案
致密性骨发育障碍,异食癖
致密性骨发育障碍,小便恐惧
致密性骨发育障碍,失血过多后贫血
致密性骨发育障碍,皮肤血管收缩呈网状图案
智能障碍,以偷窥为快感源泉的性变态
智能障碍,心理麻木
智能障碍,思维解体
智能障碍,皮下脂肪增多
智能障碍,以偷窥为快感源泉的性变态
智能障碍,心理麻木
智能障碍,思维解体
智能障碍,皮下脂肪增多
中毒性眩晕,中毒严重
中毒性眩晕,忧郁
中毒性眩晕,性心理不成熟
中毒性眩晕,输精管堵塞
中毒性眩晕,前列腺缩小变硬
中毒性眩晕,中毒严重
中毒性眩晕,忧郁
中毒性眩晕,性心理不成熟
中毒性眩晕,输精管堵塞
中毒性眩晕,前列腺缩小变硬
中风,盲袋阴道
中风,盲袋阴道
中风后遗症,高血压
中风后遗症,龟头发黑
中风后遗症,阵发性狂笑
中风后遗症,血精
中风后遗症,舞蹈病样动作
中风后遗症,情感麻痹
中风后遗症,高血压
中风后遗症,龟头发黑
中风后遗症,阵发性狂笑
中风后遗症,血精
中风后遗症,舞蹈病样动作
中风后遗症,情感麻痹
中暑痉挛,硒缺乏
中暑痉挛,色情行为
中暑痉挛,能量不足
中暑痉挛,硒缺乏
中暑痉挛,色情行为
中暑痉挛,能量不足
周期性麻痹,中毒严重
周期性麻痹,忧郁
周期性麻痹,性心理不成熟
周期性麻痹,输精管堵塞
周期性麻痹,前列腺缩小变硬
周期性麻痹,中毒严重
周期性麻痹,忧郁
周期性麻痹,性心理不成熟
周期性麻痹,输精管堵塞
周期性麻痹,前列腺缩小变硬
周期性瘫痪,中毒严重
周期性瘫痪,忧郁
周期性瘫痪,性心理不成熟
周期性瘫痪,输精管堵塞
周期性瘫痪,前列腺缩小变硬
周期性瘫痪,中毒严重
周期性瘫痪,忧郁
周期性瘫痪,性心理不成熟
周期性瘫痪,输精管堵塞
周期性瘫痪,前列腺缩小变硬
注意缺陷障碍,以偷窥为快感源泉的性变态
注意缺陷障碍,易性别癖
注意缺陷障碍,心理麻木
注意缺陷障碍,猥亵行为
注意缺陷障碍,思维解体
注意缺陷障碍,湿性脚气
注意缺陷障碍,皮下脂肪增多
注意缺陷障碍,皮下脂肪萎缩
注意缺陷障碍,以偷窥为快感源泉的性变态
注意缺陷障碍,易性别癖
注意缺陷障碍,心理麻木
注意缺陷障碍,猥亵行为
注意缺陷障碍,思维解体
注意缺陷障碍,湿性脚气
注意缺陷障碍,皮下脂肪增多
注意缺陷障碍,皮下脂肪萎缩
疰夏,硒缺乏
疰夏,色情行为
疰夏,能量不足
疰夏,硒缺乏
疰夏,色情行为
疰夏,能量不足
转移性肝癌,盲袋阴道
转移性肝癌,盲袋阴道
椎弓结核,易于产生病理嫉妒信念
椎弓结核,行为无计划性
椎弓结核,思维不连贯
椎弓结核,偏执型人格障碍
椎弓结核,易于产生病理嫉妒信念
椎弓结核,行为无计划性
椎弓结核,思维不连贯
椎弓结核,偏执型人格障碍
子痰,认识能力缺失
子痰,毛发干枯
子痰,认识能力缺失
子痰,毛发干枯
子痫,高血压
子痫,龟头发黑
子痫,阵发性狂笑
子痫,血精
子痫,舞蹈病样动作
子痫,情感麻痹
子痫,高血压
子痫,龟头发黑
子痫,阵发性狂笑
子痫,血精
子痫,舞蹈病样动作
子痫,情感麻痹
自闭症,营养不良
自闭症,心境不良
自闭症,弹钢琴指(趾)征
自闭症,强迫观念
自闭症,营养不良
自闭症,心境不良
自闭症,弹钢琴指(趾)征
自闭症,强迫观念
足月小样儿,盲袋阴道
足月小样儿,盲袋阴道
阻塞性睡眠呼吸暂停综合征,高血压
阻塞性睡眠呼吸暂停综合征,龟头发黑
阻塞性睡眠呼吸暂停综合征,阵发性狂笑
阻塞性睡眠呼吸暂停综合征,血精
阻塞性睡眠呼吸暂停综合征,舞蹈病样动作
阻塞性睡眠呼吸暂停综合征,情感麻痹
阻塞性睡眠呼吸暂停综合征,高血压
阻塞性睡眠呼吸暂停综合征,龟头发黑
阻塞性睡眠呼吸暂停综合征,阵发性狂笑
阻塞性睡眠呼吸暂停综合征,血精
阻塞性睡眠呼吸暂停综合征,舞蹈病样动作
阻塞性睡眠呼吸暂停综合征,情感麻痹
左束支中隔支传导阻滞,高血压
左束支中隔支传导阻滞,龟头发黑
左束支中隔支传导阻滞,阵发性狂笑
左束支中隔支传导阻滞,血精
左束支中隔支传导阻滞,舞蹈病样动作
左束支中隔支传导阻滞,情感麻痹
左束支中隔支传导阻滞,高血压
左束支中隔支传导阻滞,龟头发黑
左束支中隔支传导阻滞,阵发性狂笑
左束支中隔支传导阻滞,血精
左束支中隔支传导阻滞,舞蹈病样动作
左束支中隔支传导阻滞,情感麻痹